Message,Label
change my delivery time to evening 7pm.,Logistics
CAN YOU SEND SOME PHOTOS OF THE NEW SALT STOCK?,Inquiry
Nice products.,Irrelevant
kal wala same order repeat kar do.,Ordering
"I'll be home after 5pm, send then.",Logistics
I ordered Pulses but you sent Salt instead. Please check.,Complaint
Kal shop open hai kya?,Inquiry
add one aata to my basket also.,Ordering
"wait for 5 mins, i'm reaching home.",Logistics
"Mujhe Honey chahiye, kitne ka hai?",Ordering
WAIT.,Irrelevant
"Mujhe Maggi chahiye, kitne ka hai?",Ordering
Is there a fresh stock of Biscuits?,Inquiry
Price list bhej do please.,Inquiry
"Order for Main Road Shop: Rice, Coke 2L, and sugar.",Ordering
Is there a fresh stock of Butter?,Inquiry
OTP kya hai delivery ka?,Logistics
"check if rice is in stock, need 3 pieces.",Ordering
ek packet rice bhej do ghar pe.,Ordering
Add one Bread to my basket also.,Ordering
Do you deliver in Civil Lines area?,Inquiry
AAPKA DELIVERY BOY BAHUT RUDE HAI.,Complaint
Wrong item delivered 😡,Complaint
GPay chalega ya sirf cash?,Inquiry
"Order for Metro Station: Soap, Paneer, and sugar.",Ordering
The Detergent is leaking.,Complaint
Can you pack 2 units of Paneer? I'll pick it up in 10 mins.,Ordering
"FRUIT SAARE SADE HUE HAIN, PLEASE REPLACE THEM.",Complaint
The boy didn't give back the change.,Complaint
delivery boy ka number do.,Logistics
bhaiya gate pe de dena order.,Logistics
"mujhe butter chahiye, kitne ka hai?",Ordering
1 box Butter deliver karwa do.,Ordering
check this video,Logistics
Gm,Irrelevant
Shop kab khulegi?,Logistics
do you have potatoes brand or local one?,Logistics
1 box Sugar deliver karwa do.,Irrelevant
bhaiya honey pack kardo.,Inquiry
where is my order? bahut late ho gaya.,Inquiry
noted.,Ordering
"check if Paneer is in stock, need 3 pieces.",Ordering
Ek packet Tea bhej do ghar pe.,Logistics
Is there a fresh stock of Paneer?,Irrelevant
add one shampoo to my basket also.,Ordering
haath jod kar namaste,Ordering
is there a fresh stock of honey?,Inquiry
Worst service ever for Potatoes.,Ordering
"Shampoo kharab nikla, replace karo.",Irrelevant
sent a photo.,Irrelevant
"CHECK IF PULSES IS IN STOCK, NEED 3 PIECES.",Inquiry
ek packet bread bhej do ghar pe.,Complaint
"Milk was curdled, very bad experience.",Complaint
Expired Soap bhej diya aapne.,Irrelevant
Ek packet Sugar bhej do ghar pe.,Ordering
"Mujhe Detergent chahiye, kitne ka hai?",Ordering
???,Complaint
The Biscuits is leaking.,Complaint
ek packet pulses bhej do ghar pe.,Ordering
Worst service ever for Maggi.,Ordering
Worst service ever for Coke 2L.,Irrelevant
do you have Tea brand or local one?,Complaint
Add one Detergent to my basket also.,Ordering
Left the money with the guard.,Complaint
DO YOU HAVE RICE IN STOCK?,Inquiry
Need Bread and Potatoes at Pocket B fast.,Complaint
price zyada lagaya hai bill mein.,Complaint
Happy Birthday!,Inquiry
GOOD MORNING 🙏,Ordering
how are you?,Logistics
"I am not at home, please deliver at Cross Road.",Inquiry
"Don't ring the bell, baby is sleeping.",Ordering
Change address to Building 7.,Irrelevant
bhaiya sugar pack kardo.,Complaint
Discount milega bulk order pe?,Irrelevant
can you send some photos of the new curd stock?,Irrelevant
add one rice to my basket also.,Irrelevant
"Order for Green Apartments: Coke 2L, Sugar, and sugar.",Logistics
can you send some photos of the new bread stock?,Ordering
"i am not at home, please deliver at green apartments.",Logistics
done.,Logistics
THE OIL IS LEAKING.,Ordering
Milk hai kya? 2 packet bhej do.,Inquiry
Gn,Inquiry
ok,Ordering
"curd kharab nikla, replace karo.",Inquiry
do 1kg salt and 500g salt urgently.,Ordering
Thanks,Inquiry
Change address to Sector 15.,Logistics
Jay Jinendra,Irrelevant
Salt hai kya? 2 packet bhej do.,Complaint
expired eggs bhej diya aapne.,Inquiry
K,Ordering
Worst service ever for Sugar.,Irrelevant
bhaiya maggi pack kardo.,Irrelevant
radhe radhe,Complaint
Items are missing from my bag. Biscuits nahi hai isme.,Logistics
can you pack 2 units of tea? i'll pick it up in 10 mins.,Ordering
PLEASE SEND 2 PANEER TO SECTOR 15.,Irrelevant
Items are missing from my bag. Pulses nahi hai isme.,Logistics
Can you pack 2 units of Potatoes? I'll pick it up in 10 mins.,Logistics
👍,Irrelevant
Packaging was torn.,Ordering
"location send kar raha hoon, yahan bhej do.",Complaint
What are the shop timings today?,Logistics
see you.,Irrelevant
Please send 2 Eggs to Pocket B.,Ordering
do you have sugar in stock?,Logistics
Butter hai kya? 2 packet bhej do.,Irrelevant
DO YOU HAVE PULSES IN STOCK?,Complaint
the honey is leaking.,Irrelevant
"check if Milk is in stock, need 3 pieces.",Complaint
do you deliver in park view area?,Ordering
Please send 2 Soap to Flat 102.,Irrelevant
Where is your shop located exactly?,Complaint
Do you deliver in Metro Station area?,Ordering
1 BOX SHAMPOO DELIVER KARWA DO.,Ordering
"I AM NOT AT HOME, PLEASE DELIVER AT POCKET B.",Complaint
Add one Salt to my basket also.,Complaint
Ek packet Oil bhej do ghar pe.,Ordering
Can you send some photos of the new Oil stock?,Irrelevant
Expired Oil bhej diya aapne.,Complaint
Send Soap and Pulses to Park View by evening.,Logistics
do you have oil brand or local one?,Inquiry
do you deliver in building 7 area?,Irrelevant
Oil ka price kya hai?,Ordering
Hello,Complaint
I ORDERED CURD BUT YOU SENT SALT INSTEAD. PLEASE CHECK.,Inquiry
Ek packet Soap bhej do ghar pe.,Ordering
"Order for Cross Road: Oil, Sugar, and sugar.",Inquiry
"Coffee kharab nikla, replace karo.",Complaint
Do you deliver in Market Area area?,Ordering
DO YOU HAVE DETERGENT BRAND OR LOCAL ONE?,Inquiry
Change address to Civil Lines.,Ordering
Refund kab aayega? Payment ho gaya tha.,Irrelevant
"Order for Building 7: Sugar, Honey, and sugar.",Inquiry
ek packet milk bhej do ghar pe.,Irrelevant
"Honey kharab nikla, replace karo.",Irrelevant
ADD ONE MILK TO MY BASKET ALSO.,Inquiry
Please send 2 Potatoes to Flat 102.,Logistics
Need Oil and Aata at Sector 15 fast.,Irrelevant
1 box tea deliver karwa do.,Inquiry
Worst service ever for Bread.,Ordering
worst service ever for biscuits.,Logistics
items are missing from my bag. oil nahi hai isme.,Ordering
please send 2 maggi to lane 4.,Ordering
change address to main road shop.,Irrelevant
expired coffee bhej diya aapne.,Complaint
"check if soap is in stock, need 3 pieces.",Complaint
Items are missing from my bag. Curd nahi hai isme.,Inquiry
Need Aata and Bread at Tower A fast.,Complaint
need honey and honey at cross road fast.,Ordering
please call before reaching cross road.,Complaint
i ordered coke 2l but you sent rice instead. please check.,Inquiry
sugar hai kya? 2 packet bhej do.,Logistics
"check if Coffee is in stock, need 3 pieces.",Inquiry
Maggi ka price kya hai?,Inquiry
AATA HAI KYA? 2 PACKET BHEJ DO.,Irrelevant
EK PACKET SALT BHEJ DO GHAR PE.,Complaint
CAN YOU SEND SOME PHOTOS OF THE NEW HONEY STOCK?,Irrelevant
Please call before reaching Main Road Shop.,Ordering
Add one Pulses to my basket also.,Ordering
SHAMPOO KA PRICE KYA HAI?,Complaint
Will you deliver today or tomorrow?,Inquiry
coffee ka price kya hai?,Inquiry
Add one Eggs to my basket also.,Logistics
do 1kg shampoo and 500g salt urgently.,Complaint
can you pack 2 units of rice? i'll pick it up in 10 mins.,Ordering
"Order for Lane 4: Paneer, Salt, and sugar.",Ordering
do you have eggs brand or local one?,Complaint
do you have Pulses brand or local one?,Irrelevant
"check if Curd is in stock, need 3 pieces.",Ordering
Expired Potatoes bhej diya aapne.,Ordering
1 box eggs deliver karwa do.,Ordering
Expired Aata bhej diya aapne.,Ordering
i ordered rice but you sent tea instead. please check.,Complaint
please send 2 rice to tower a.,Ordering
Ek packet Shampoo bhej do ghar pe.,Inquiry
THE PANEER IS LEAKING.,Inquiry
Need Maggi and Maggi at Cross Road fast.,Complaint
"check if shampoo is in stock, need 3 pieces.",Complaint
Do you have Honey in stock?,Ordering
Can you send some photos of the new Detergent stock?,Irrelevant
is there a fresh stock of aata?,Logistics
Expired Rice bhej diya aapne.,Complaint
1 box biscuits deliver karwa do.,Ordering
change address to park view.,Complaint
"Order for Near SBI Bank: Soap, Coffee, and sugar.",Ordering
items are missing from my bag. detergent nahi hai isme.,Ordering
Do you deliver in Huda Colony area?,Inquiry
can you pack 2 units of honey? i'll pick it up in 10 mins.,Logistics
Items are missing from my bag. Soap nahi hai isme.,Complaint
Bhaiya Shampoo pack kardo.,Ordering
Bhaiya Aata pack kardo.,Complaint
I ordered Rice but you sent Coffee instead. Please check.,Ordering
"Order for Cross Road: Oil, Salt, and sugar.",Inquiry
Worst service ever for Curd.,Ordering
Coffee hai kya? 2 packet bhej do.,Ordering
do 1kg Bread and 500g Detergent urgently.,Complaint
Please call before reaching Huda Colony.,Irrelevant
do you deliver in main road shop area?,Ordering
Do you take credit cards?,Logistics
Expired Pulses bhej diya aapne.,Inquiry
"Mujhe Biscuits chahiye, kitne ka hai?",Irrelevant
Need Bread and Maggi at Green Apartments fast.,Logistics
"Mujhe Sugar chahiye, kitne ka hai?",Ordering
I ordered Curd but you sent Milk instead. Please check.,Inquiry
CAN YOU SEND SOME PHOTOS OF THE NEW PULSES STOCK?,Irrelevant
The Coffee is leaking.,Logistics
Is there a fresh stock of Potatoes?,Inquiry
"I am not at home, please deliver at Sector 15.",Inquiry
"I am not at home, please deliver at Main Road Shop.",Ordering
Ek packet Detergent bhej do ghar pe.,Inquiry
Bhaiya Rice pack kardo.,Ordering
"Mujhe Aata chahiye, kitne ka hai?",Logistics
do 1kg tea and 500g milk urgently.,Ordering
Send Paneer and Maggi to Cross Road by evening.,Logistics
1 box Potatoes deliver karwa do.,Ordering
Is there a fresh stock of Shampoo?,Inquiry
Is there a fresh stock of Maggi?,Complaint
Can you pack 2 units of Detergent? I'll pick it up in 10 mins.,Inquiry
Expired Detergent bhej diya aapne.,Ordering
1 box Salt deliver karwa do.,Complaint
I ordered Coke 2L but you sent Milk instead. Please check.,Ordering
"i am not at home, please deliver at tower a.",Logistics
Add one Maggi to my basket also.,Complaint
Need Milk and Soap at Park View fast.,Complaint
IS THERE A FRESH STOCK OF TEA?,Complaint
Please send 2 Pulses to Park View.,Ordering
do you have bread brand or local one?,Ordering
NEED SOAP AND MAGGI AT CROSS ROAD FAST.,Complaint
"Soap kharab nikla, replace karo.",Ordering
NEED CURD AND DETERGENT AT CIVIL LINES FAST.,Ordering
PULSES HAI KYA? 2 PACKET BHEJ DO.,Inquiry
Can you send some photos of the new Sugar stock?,Inquiry
"Salt kharab nikla, replace karo.",Inquiry
please call before reaching tower a.,Complaint
Add one Tea to my basket also.,Ordering
Can you send some photos of the new Potatoes stock?,Logistics
do you have Salt brand or local one?,Ordering
The Aata is leaking.,Ordering
do you have sugar brand or local one?,Complaint
Expired Maggi bhej diya aapne.,Inquiry
Please call before reaching Building 7.,Ordering
ek packet coffee bhej do ghar pe.,Complaint
Need Maggi and Butter at Near SBI Bank fast.,Ordering
"Order for Flat 102: Honey, Soap, and sugar.",Ordering
"Order for Tower A: Pulses, Potatoes, and sugar.",Complaint
"I am not at home, please deliver at Lane 4.",Ordering
please call before reaching green apartments.,Complaint
Items are missing from my bag. Milk nahi hai isme.,Ordering
do 1kg Butter and 500g Tea urgently.,Ordering
please send 2 eggs to metro station.,Logistics
need honey and sugar at building 7 fast.,Inquiry
SALT KA PRICE KYA HAI?,Inquiry
Worst service ever for Soap.,Logistics
do you deliver in flat 102 area?,Logistics
paneer hai kya? 2 packet bhej do.,Logistics
Worst service ever for Honey.,Irrelevant
"I am not at home, please deliver at Near SBI Bank.",Complaint
add one paneer to my basket also.,Complaint
Can you pack 2 units of Coke 2L? I'll pick it up in 10 mins.,Ordering
1 box bread deliver karwa do.,Ordering
please call before reaching market area.,Ordering
Send Oil and Sugar to Lane 4 by evening.,Ordering
potatoes ka price kya hai?,Complaint
Do you deliver in Sector 15 area?,Inquiry
Pulses ka price kya hai?,Complaint
Ek packet Paneer bhej do ghar pe.,Complaint
BHAIYA MILK PACK KARDO.,Irrelevant
Need Coffee and Butter at Near SBI Bank fast.,Inquiry
1 box honey deliver karwa do.,Irrelevant
Need Shampoo and Aata at Sector 15 fast.,Logistics
Ek packet Curd bhej do ghar pe.,Logistics
Please send 2 Butter to Cross Road.,Ordering
do you have Coffee brand or local one?,Ordering
Items are missing from my bag. Coffee nahi hai isme.,Logistics
Please send 2 Oil to Tower A.,Inquiry
can you send some photos of the new aata stock?,Irrelevant
"CHECK IF COKE 2L IS IN STOCK, NEED 3 PIECES.",Logistics
"Tea kharab nikla, replace karo.",Ordering
do you have Curd brand or local one?,Ordering
CAN YOU SEND SOME PHOTOS OF THE NEW TEA STOCK?,Ordering
I ordered Maggi but you sent Coke 2L instead. Please check.,Ordering
Please send 2 Shampoo to Lane 4.,Ordering
THE SOAP IS LEAKING.,Complaint
do 1kg Rice and 500g Coke 2L urgently.,Inquiry
ek packet eggs bhej do ghar pe.,Ordering
The Pulses is leaking.,Inquiry
I ordered Butter but you sent Honey instead. Please check.,Ordering
change address to green apartments.,Complaint
do you have bread in stock?,Ordering
Do you have Potatoes in stock?,Complaint
"Mujhe Coffee chahiye, kitne ka hai?",Logistics
need coke 2l and honey at flat 102 fast.,Irrelevant
The Shampoo is leaking.,Ordering
The Maggi is leaking.,Ordering
SEND TEA AND POTATOES TO NEAR SBI BANK BY EVENING.,Ordering
do 1kg sugar and 500g tea urgently.,Inquiry
Worst service ever for Eggs.,Ordering
Do you have Curd in stock?,Inquiry
Is there a fresh stock of Eggs?,Ordering
Please send 2 Curd to Building 7.,Complaint
BHAIYA OIL PACK KARDO.,Logistics
Items are missing from my bag. Salt nahi hai isme.,Ordering
Rice hai kya? 2 packet bhej do.,Logistics
"I am not at home, please deliver at Park View.",Ordering
"CHECK IF TEA IS IN STOCK, NEED 3 PIECES.",Inquiry
Please call before reaching Lane 4.,Complaint
expired shampoo bhej diya aapne.,Logistics
Soap hai kya? 2 packet bhej do.,Ordering
"i am not at home, please deliver at huda colony.",Complaint
Can you pack 2 units of Salt? I'll pick it up in 10 mins.,Ordering
"Aata kharab nikla, replace karo.",Irrelevant
do 1kg tea and 500g shampoo urgently.,Inquiry
tea hai kya? 2 packet bhej do.,Inquiry
Is there a fresh stock of Salt?,Complaint
Please send 2 Coffee to Lane 4.,Inquiry
Oil hai kya? 2 packet bhej do.,Complaint
please send 2 aata to flat 102.,Logistics
Eggs ka price kya hai?,Logistics
please call before reaching pocket b.,Irrelevant
"order for near sbi bank: rice, curd, and sugar.",Ordering
1 box detergent deliver karwa do.,Ordering
please call before reaching flat 102.,Ordering
do 1kg shampoo and 500g shampoo urgently.,Ordering
"Bread kharab nikla, replace karo.",Logistics
The Potatoes is leaking.,Logistics
"check if potatoes is in stock, need 3 pieces.",Complaint
Change address to Market Area.,Ordering
THE EGGS IS LEAKING.,Ordering
1 box Paneer deliver karwa do.,Ordering
worst service ever for milk.,Ordering
Worst service ever for Butter.,Inquiry
Bhaiya Pulses pack kardo.,Inquiry
Do you deliver in Tower A area?,Logistics
Please send 2 Eggs to Green Apartments.,Inquiry
Please send 2 Eggs to Near SBI Bank.,Complaint
"Order for Sector 15: Aata, Detergent, and sugar.",Inquiry
items are missing from my bag. bread nahi hai isme.,Irrelevant
EXPIRED SUGAR BHEJ DIYA AAPNE.,Complaint
DO YOU HAVE PANEER IN STOCK?,Ordering
change address to near sbi bank.,Irrelevant
aata ka price kya hai?,Complaint
"Order for Lane 4: Shampoo, Aata, and sugar.",Complaint
please send 2 rice to sector 15.,Logistics
DO YOU HAVE TEA IN STOCK?,Irrelevant
"Mujhe Milk chahiye, kitne ka hai?",Ordering
Do you have Salt in stock?,Ordering
Add one Coffee to my basket also.,Ordering
Change address to Lane 4.,Logistics
Worst service ever for Coffee.,Ordering
do you have butter brand or local one?,Inquiry
DO YOU DELIVER IN LANE 4 AREA?,Inquiry
items are missing from my bag. shampoo nahi hai isme.,Inquiry
"order for park view: tea, salt, and sugar.",Ordering
"Order for Flat 102: Potatoes, Potatoes, and sugar.",Complaint
The Butter is leaking.,Inquiry
Paneer ka price kya hai?,Ordering
Add one Sugar to my basket also.,Complaint
DO YOU HAVE COKE 2L IN STOCK?,Inquiry
Can you send some photos of the new Rice stock?,Ordering
Bhaiya Coffee pack kardo.,Ordering
Curd hai kya? 2 packet bhej do.,Irrelevant
send honey and coffee to pocket b by evening.,Inquiry
do 1kg Paneer and 500g Aata urgently.,Ordering
1 box coffee deliver karwa do.,Inquiry
Can you pack 2 units of Biscuits? I'll pick it up in 10 mins.,Ordering
Do you deliver in Cross Road area?,Ordering
Need Bread and Paneer at Tower A fast.,Inquiry
"Potatoes kharab nikla, replace karo.",Complaint
Please send 2 Salt to Sector 15.,Ordering
1 box Soap deliver karwa do.,Ordering
do you have milk in stock?,Ordering
"I am not at home, please deliver at Metro Station.",Inquiry
biscuits ka price kya hai?,Complaint
Please call before reaching Park View.,Inquiry
Can you pack 2 units of Aata? I'll pick it up in 10 mins.,Ordering
"Order for Pocket B: Eggs, Paneer, and sugar.",Complaint
I ordered Oil but you sent Bread instead. Please check.,Inquiry
"Mujhe Soap chahiye, kitne ka hai?",Inquiry
"Order for Civil Lines: Tea, Honey, and sugar.",Complaint
can you pack 2 units of eggs? i'll pick it up in 10 mins.,Irrelevant
shampoo hai kya? 2 packet bhej do.,Ordering
The Tea is leaking.,Complaint
Change address to Huda Colony.,Ordering
do you have oil in stock?,Ordering
do you have Milk brand or local one?,Logistics
Please send 2 Oil to Huda Colony.,Irrelevant
I ordered Tea but you sent Sugar instead. Please check.,Irrelevant
Ek packet Potatoes bhej do ghar pe.,Complaint
change address to pocket b.,Complaint
"I am not at home, please deliver at Civil Lines.",Logistics
Is there a fresh stock of Bread?,Inquiry
Can you pack 2 units of Pulses? I'll pick it up in 10 mins.,Irrelevant
Please send 2 Coffee to Green Apartments.,Inquiry
honey hai kya? 2 packet bhej do.,Ordering
"check if sugar is in stock, need 3 pieces.",Ordering
Send Honey and Honey to Green Apartments by evening.,Inquiry
I ordered Detergent but you sent Salt instead. Please check.,Inquiry
"maggi kharab nikla, replace karo.",Complaint
Change address to Cross Road.,Ordering
expired curd bhej diya aapne.,Complaint
Bhaiya Detergent pack kardo.,Ordering
I ordered Soap but you sent Milk instead. Please check.,Ordering
Coke 2L ka price kya hai?,Complaint
please send 2 pulses to main road shop.,Inquiry
Please send 2 Sugar to Market Area.,Inquiry
do you have aata in stock?,Complaint
Do you have Coffee in stock?,Inquiry
do 1kg Potatoes and 500g Bread urgently.,Ordering
Is there a fresh stock of Curd?,Inquiry
Please send 2 Coffee to Civil Lines.,Ordering
Bread hai kya? 2 packet bhej do.,Complaint
Please send 2 Biscuits to Building 7.,Logistics
send soap and paneer to huda colony by evening.,Ordering
Need Milk and Sugar at Flat 102 fast.,Logistics
i ordered eggs but you sent soap instead. please check.,Ordering
Need Shampoo and Milk at Flat 102 fast.,Logistics
"check if Honey is in stock, need 3 pieces.",Complaint
Please send 2 Honey to Pocket B.,Irrelevant
Send Sugar and Detergent to Tower A by evening.,Ordering
BHAIYA BUTTER PACK KARDO.,Logistics
"check if oil is in stock, need 3 pieces.",Complaint
CAN YOU PACK 2 UNITS OF SUGAR? I'LL PICK IT UP IN 10 MINS.,Logistics
Bhaiya Soap pack kardo.,Irrelevant
is there a fresh stock of coffee?,Complaint
do you have Aata brand or local one?,Ordering
1 box Oil deliver karwa do.,Complaint
can you send some photos of the new coke 2l stock?,Inquiry
Bhaiya Biscuits pack kardo.,Complaint
do 1kg Butter and 500g Paneer urgently.,Ordering
Need Milk and Salt at Near SBI Bank fast.,Ordering
"pulses kharab nikla, replace karo.",Inquiry
Ek packet Biscuits bhej do ghar pe.,Inquiry
Add one Curd to my basket also.,Logistics
"Mujhe Potatoes chahiye, kitne ka hai?",Ordering
"i am not at home, please deliver at market area.",Ordering
the milk is leaking.,Ordering
Need Maggi and Aata at Civil Lines fast.,Inquiry
Add one Soap to my basket also.,Inquiry
"ORDER FOR FLAT 102: MAGGI, SHAMPOO, AND SUGAR.",Logistics
Expired Coke 2L bhej diya aapne.,Inquiry
Do you have Maggi in stock?,Ordering
PLEASE SEND 2 BREAD TO MARKET AREA.,Ordering
do 1kg shampoo and 500g curd urgently.,Logistics
"Order for Sector 15: Eggs, Aata, and sugar.",Ordering
Items are missing from my bag. Potatoes nahi hai isme.,Irrelevant
send detergent and tea to green apartments by evening.,Complaint
need biscuits and soap at metro station fast.,Ordering
Send Curd and Rice to Metro Station by evening.,Complaint
do 1kg Honey and 500g Milk urgently.,Ordering
expired honey bhej diya aapne.,Inquiry
Send Potatoes and Bread to Tower A by evening.,Logistics
please call before reaching sector 15.,Complaint
"order for pocket b: shampoo, detergent, and sugar.",Complaint
"Order for Tower A: Curd, Detergent, and sugar.",Ordering
"PANEER KHARAB NIKLA, REPLACE KARO.",Complaint
Can you send some photos of the new Maggi stock?,Complaint
Sugar ka price kya hai?,Ordering
I ordered Rice but you sent Maggi instead. Please check.,Inquiry
items are missing from my bag. sugar nahi hai isme.,Ordering
Rice ka price kya hai?,Ordering
"Mujhe Pulses chahiye, kitne ka hai?",Inquiry
DO 1KG POTATOES AND 500G MAGGI URGENTLY.,Ordering
do you have butter in stock?,Complaint
"CHECK IF BREAD IS IN STOCK, NEED 3 PIECES.",Complaint
1 box Coke 2L deliver karwa do.,Inquiry
Expired Butter bhej diya aapne.,Logistics
send tea and biscuits to pocket b by evening.,Inquiry
Need Maggi and Pulses at Huda Colony fast.,Ordering
"Detergent kharab nikla, replace karo.",Irrelevant
Is there a fresh stock of Pulses?,Inquiry
Detergent ka price kya hai?,Ordering
Please call before reaching Metro Station.,Inquiry
"check if Butter is in stock, need 3 pieces.",Ordering
"oil kharab nikla, replace karo.",Ordering
"Order for Lane 4: Tea, Pulses, and sugar.",Inquiry
Send Shampoo and Pulses to Pocket B by evening.,Ordering
Tea ka price kya hai?,Logistics
Can you pack 2 units of Coffee? I'll pick it up in 10 mins.,Complaint
please send 2 curd to metro station.,Complaint
1 box Aata deliver karwa do.,Inquiry
do 1kg Aata and 500g Salt urgently.,Inquiry
i ordered aata but you sent shampoo instead. please check.,Complaint
do you have soap brand or local one?,Complaint
Send Sugar and Bread to Huda Colony by evening.,Ordering
Items are missing from my bag. Paneer nahi hai isme.,Ordering
can you pack 2 units of oil? i'll pick it up in 10 mins.,Complaint
Do you deliver in Green Apartments area?,Inquiry
is there a fresh stock of soap?,Ordering
Send Butter and Bread to Flat 102 by evening.,Ordering
Expired Bread bhej diya aapne.,Inquiry
send rice and maggi to market area by evening.,Inquiry
Can you pack 2 units of Butter? I'll pick it up in 10 mins.,Inquiry
Can you pack 2 units of Bread? I'll pick it up in 10 mins.,Ordering
Please send 2 Sugar to Lane 4.,Ordering
Ek packet Honey bhej do ghar pe.,Logistics
"I am not at home, please deliver at Flat 102.",Logistics
BHAIYA COKE 2L PACK KARDO.,Inquiry
"Mujhe Tea chahiye, kitne ka hai?",Inquiry
I ordered Bread but you sent Maggi instead. Please check.,Inquiry
do 1kg Maggi and 500g Detergent urgently.,Ordering
I ordered Eggs but you sent Honey instead. Please check.,Ordering
NEED AATA AND MAGGI AT PARK VIEW FAST.,Ordering
Need Coffee and Aata at Lane 4 fast.,Ordering
Need Honey and Coffee at Cross Road fast.,Ordering
ITEMS ARE MISSING FROM MY BAG. MAGGI NAHI HAI ISME.,Ordering
bhaiya tea pack kardo.,Ordering
"Order for Cross Road: Milk, Milk, and sugar.",Inquiry
do you deliver in near sbi bank area?,Ordering
bhaiya bread pack kardo.,Complaint
Add one Oil to my basket also.,Ordering
add one coke 2l to my basket also.,Complaint
Can you pack 2 units of Curd? I'll pick it up in 10 mins.,Ordering
"Order for Market Area: Detergent, Coffee, and sugar.",Ordering
i ordered aata but you sent eggs instead. please check.,Inquiry
Can you send some photos of the new Coffee stock?,Logistics
I ordered Potatoes but you sent Bread instead. Please check.,Ordering
do 1kg Potatoes and 500g Salt urgently.,Inquiry
do 1kg Bread and 500g Curd urgently.,Logistics
NEED EGGS AND SOAP AT BUILDING 7 FAST.,Ordering
Expired Milk bhej diya aapne.,Complaint
I ordered Pulses but you sent Coke 2L instead. Please check.,Ordering
Add one Honey to my basket also.,Complaint
1 box Curd deliver karwa do.,Ordering
send rice and honey to sector 15 by evening.,Ordering
honey ka price kya hai?,Ordering
do 1kg curd and 500g eggs urgently.,Ordering
need pulses and biscuits at lane 4 fast.,Complaint
Potatoes hai kya? 2 packet bhej do.,Complaint
I ordered Honey but you sent Bread instead. Please check.,Logistics
can you pack 2 units of maggi? i'll pick it up in 10 mins.,Inquiry
Worst service ever for Shampoo.,Inquiry
Do you have Eggs in stock?,Ordering
I ordered Biscuits but you sent Eggs instead. Please check.,Logistics
"Order for Civil Lines: Butter, Tea, and sugar.",Complaint
do 1kg Curd and 500g Curd urgently.,Inquiry
the bread is leaking.,Inquiry
"eggs kharab nikla, replace karo.",Ordering
please call before reaching near sbi bank.,Logistics
i ordered maggi but you sent milk instead. please check.,Logistics
"check if Aata is in stock, need 3 pieces.",Ordering
I ordered Shampoo but you sent Butter instead. Please check.,Logistics
need coke 2l and tea at cross road fast.,Inquiry
"check if Detergent is in stock, need 3 pieces.",Inquiry
"Order for Near SBI Bank: Detergent, Maggi, and sugar.",Ordering
is there a fresh stock of oil?,Ordering
Can you pack 2 units of Shampoo? I'll pick it up in 10 mins.,Ordering
Need Eggs and Coke 2L at Sector 15 fast.,Ordering
i ordered aata but you sent salt instead. please check.,Irrelevant
can you pack 2 units of soap? i'll pick it up in 10 mins.,Ordering
"Milk kharab nikla, replace karo.",Complaint
CAN YOU SEND SOME PHOTOS OF THE NEW EGGS STOCK?,Ordering
"Mujhe Curd chahiye, kitne ka hai?",Ordering
do you deliver in pocket b area?,Ordering
CAN YOU SEND SOME PHOTOS OF THE NEW MILK STOCK?,Inquiry
please send 2 shampoo to park view.,Complaint
do 1kg Tea and 500g Aata urgently.,Complaint
"Mujhe Coke 2L chahiye, kitne ka hai?",Inquiry
I ordered Shampoo but you sent Milk instead. Please check.,Logistics
The Coke 2L is leaking.,Complaint
"Order for Flat 102: Eggs, Coffee, and sugar.",Ordering
The Curd is leaking.,Complaint
"RICE KHARAB NIKLA, REPLACE KARO.",Ordering
i ordered aata but you sent potatoes instead. please check.,Inquiry
"Mujhe Shampoo chahiye, kitne ka hai?",Logistics
"Order for Sector 15: Shampoo, Shampoo, and sugar.",Ordering
"Order for Metro Station: Curd, Bread, and sugar.",Ordering
need coffee and maggi at metro station fast.,Inquiry
"mujhe oil chahiye, kitne ka hai?",Ordering
Need Biscuits and Rice at Tower A fast.,Irrelevant
do 1kg Salt and 500g Pulses urgently.,Inquiry
I ordered Tea but you sent Milk instead. Please check.,Inquiry
I ORDERED DETERGENT BUT YOU SENT BREAD INSTEAD. PLEASE CHECK.,Inquiry
"CHECK IF BISCUITS IS IN STOCK, NEED 3 PIECES.",Ordering
"Order for Lane 4: Eggs, Milk, and sugar.",Complaint
Please send 2 Milk to Civil Lines.,Inquiry
can you send some photos of the new butter stock?,Inquiry
can you pack 2 units of milk? i'll pick it up in 10 mins.,Logistics
"mujhe eggs chahiye, kitne ka hai?",Inquiry
do 1kg coke 2l and 500g sugar urgently.,Ordering
do 1kg Sugar and 500g Detergent urgently.,Ordering
Send Rice and Salt to Building 7 by evening.,Inquiry
Worst service ever for Pulses.,Complaint
Need Butter and Milk at Park View fast.,Ordering
do you have Rice brand or local one?,Ordering
Ek packet Aata bhej do ghar pe.,Ordering
WORST SERVICE EVER FOR PANEER.,Ordering
bhaiya potatoes pack kardo.,Ordering
please send 2 eggs to huda colony.,Ordering
"Order for Sector 15: Aata, Shampoo, and sugar.",Complaint
Send Detergent and Coke 2L to Park View by evening.,Ordering
please send 2 shampoo to huda colony.,Inquiry
need potatoes and butter at cross road fast.,Ordering
do 1kg aata and 500g detergent urgently.,Logistics
Please send 2 Pulses to Huda Colony.,Ordering
need honey and eggs at building 7 fast.,Complaint
Need Honey and Detergent at Pocket B fast.,Ordering
do 1kg Shampoo and 500g Milk urgently.,Ordering
I ordered Rice but you sent Pulses instead. Please check.,Inquiry
is there a fresh stock of sugar?,Ordering
is there a fresh stock of rice?,Logistics
Items are missing from my bag. Rice nahi hai isme.,Inquiry
"biscuits kharab nikla, replace karo.",Ordering
send detergent and coke 2l to market area by evening.,Ordering
"ORDER FOR BUILDING 7: DETERGENT, SUGAR, AND SUGAR.",Inquiry
do 1kg Sugar and 500g Aata urgently.,Ordering
Biscuits hai kya? 2 packet bhej do.,Inquiry
the rice is leaking.,Inquiry
items are missing from my bag. butter nahi hai isme.,Ordering
Eggs hai kya? 2 packet bhej do.,Complaint
bhaiya salt pack kardo.,Inquiry
Items are missing from my bag. Aata nahi hai isme.,Logistics
I ORDERED PANEER BUT YOU SENT PANEER INSTEAD. PLEASE CHECK.,Ordering
can you send some photos of the new soap stock?,Ordering
Send Biscuits and Eggs to Civil Lines by evening.,Ordering
send coffee and shampoo to park view by evening.,Ordering
The Sugar is leaking.,Complaint
Please send 2 Detergent to Huda Colony.,Ordering
please send 2 soap to metro station.,Ordering
ek packet maggi bhej do ghar pe.,Ordering
do you have maggi brand or local one?,Ordering
I ordered Oil but you sent Rice instead. Please check.,Complaint
Please send 2 Aata to Cross Road.,Logistics
Items are missing from my bag. Coke 2L nahi hai isme.,Complaint
I ordered Curd but you sent Coke 2L instead. Please check.,Ordering
I ORDERED AATA BUT YOU SENT MILK INSTEAD. PLEASE CHECK.,Logistics
SEND SHAMPOO AND BISCUITS TO PARK VIEW BY EVENING.,Ordering
"Order for Lane 4: Soap, Rice, and sugar.",Ordering
Soap ka price kya hai?,Ordering
do 1kg potatoes and 500g milk urgently.,Complaint
"Order for Metro Station: Bread, Shampoo, and sugar.",Ordering
"Order for Tower A: Eggs, Bread, and sugar.",Inquiry
"order for flat 102: maggi, aata, and sugar.",Ordering
Please send 2 Aata to Tower A.,Complaint
do 1kg Paneer and 500g Honey urgently.,Ordering
"MUJHE RICE CHAHIYE, KITNE KA HAI?",Ordering
Need Milk and Bread at Flat 102 fast.,Complaint
"check if Salt is in stock, need 3 pieces.",Logistics
DO YOU HAVE COKE 2L BRAND OR LOCAL ONE?,Logistics
need pulses and coke 2l at flat 102 fast.,Complaint
Items are missing from my bag. Eggs nahi hai isme.,Logistics
I ordered Coke 2L but you sent Aata instead. Please check.,Complaint
Please send 2 Coke 2L to Sector 15.,Ordering
"ORDER FOR POCKET B: DETERGENT, SHAMPOO, AND SUGAR.",Logistics
CURD KA PRICE KYA HAI?,Ordering
do 1kg Potatoes and 500g Eggs urgently.,Ordering
"check if Eggs is in stock, need 3 pieces.",Ordering
Detergent hai kya? 2 packet bhej do.,Complaint
Please send 2 Oil to Civil Lines.,Ordering
WORST SERVICE EVER FOR RICE.,Inquiry
Please send 2 Curd to Pocket B.,Ordering
Is there a fresh stock of Detergent?,Inquiry
do 1kg Bread and 500g Shampoo urgently.,Ordering
"Order for Pocket B: Paneer, Salt, and sugar.",Logistics
I ordered Coffee but you sent Oil instead. Please check.,Ordering
do 1kg Tea and 500g Butter urgently.,Inquiry
i ordered coke 2l but you sent pulses instead. please check.,Ordering
Need Soap and Shampoo at Green Apartments fast.,Complaint
PLEASE SEND 2 DETERGENT TO POCKET B.,Inquiry
I ordered Pulses but you sent Eggs instead. Please check.,Ordering
"order for market area: aata, honey, and sugar.",Ordering
"Mujhe Bread chahiye, kitne ka hai?",Inquiry
Please send 2 Honey to Civil Lines.,Ordering
"Coke 2L kharab nikla, replace karo.",Inquiry
send coffee and shampoo to tower a by evening.,Inquiry
add one butter to my basket also.,Complaint
"order for pocket b: eggs, detergent, and sugar.",Ordering
do 1kg Bread and 500g Potatoes urgently.,Complaint
do 1kg eggs and 500g rice urgently.,Ordering
do 1kg Paneer and 500g Rice urgently.,Inquiry
coke 2l hai kya? 2 packet bhej do.,Complaint
"Order for Civil Lines: Coffee, Oil, and sugar.",Ordering
send aata and milk to main road shop by evening.,Ordering
I ordered Honey but you sent Tea instead. Please check.,Inquiry
Need Tea and Rice at Tower A fast.,Inquiry
Please send 2 Shampoo to Sector 15.,Ordering
Bhaiya Curd pack kardo.,Ordering
Please send 2 Honey to Flat 102.,Complaint
Need Rice and Oil at Flat 102 fast.,Logistics
"Order for Tower A: Eggs, Biscuits, and sugar.",Ordering
PLEASE SEND 2 SHAMPOO TO FLAT 102.,Ordering
Expired Salt bhej diya aapne.,Complaint
Send Potatoes and Curd to Near SBI Bank by evening.,Ordering
please send 2 shampoo to metro station.,Complaint
SEND PULSES AND MILK TO HUDA COLONY BY EVENING.,Ordering
need soap and detergent at pocket b fast.,Inquiry
need bread and coke 2l at near sbi bank fast.,Inquiry
Please send 2 Biscuits to Civil Lines.,Logistics
I ordered Tea but you sent Salt instead. Please check.,Ordering
items are missing from my bag. tea nahi hai isme.,Complaint
Need Pulses and Eggs at Green Apartments fast.,Complaint
do 1kg salt and 500g oil urgently.,Ordering
Send Bread and Milk to Building 7 by evening.,Ordering
can you send some photos of the new shampoo stock?,Ordering
I ordered Salt but you sent Biscuits instead. Please check.,Inquiry
do 1kg rice and 500g milk urgently.,Ordering
Please send 2 Bread to Lane 4.,Ordering
i ordered eggs but you sent detergent instead. please check.,Logistics
PLEASE SEND 2 OIL TO MARKET AREA.,Ordering
Need Tea and Aata at Flat 102 fast.,Ordering
"Order for Building 7: Pulses, Shampoo, and sugar.",Ordering
I ordered Bread but you sent Biscuits instead. Please check.,Ordering
"order for park view: maggi, milk, and sugar.",Complaint
Send Bread and Detergent to Market Area by evening.,Inquiry
"Order for Green Apartments: Biscuits, Biscuits, and sugar.",Ordering
the salt is leaking.,Complaint
Send Pulses and Eggs to Cross Road by evening.,Complaint
"Order for Civil Lines: Oil, Eggs, and sugar.",Ordering
send eggs and milk to pocket b by evening.,Ordering
Bhaiya Paneer pack kardo.,Inquiry
Need Salt and Milk at Pocket B fast.,Inquiry
"order for green apartments: honey, coffee, and sugar.",Complaint
Worst service ever for Tea.,Inquiry
Send Coffee and Sugar to Pocket B by evening.,Ordering
"I am not at home, please deliver at Building 7.",Inquiry
send pulses and pulses to market area by evening.,Complaint
do 1kg Biscuits and 500g Salt urgently.,Ordering
do 1kg Rice and 500g Shampoo urgently.,Ordering
Send Shampoo and Aata to Main Road Shop by evening.,Ordering
do 1kg tea and 500g tea urgently.,Ordering
please send 2 paneer to flat 102.,Ordering
Expired Tea bhej diya aapne.,Ordering
Send Coke 2L and Biscuits to Building 7 by evening.,Logistics
Can you send some photos of the new Biscuits stock?,Ordering
I ordered Rice but you sent Soap instead. Please check.,Ordering
BREAD KA PRICE KYA HAI?,Complaint
Send Salt and Pulses to Cross Road by evening.,Inquiry
Send Sugar and Milk to Park View by evening.,Inquiry
Need Maggi and Biscuits at Flat 102 fast.,Ordering
Is there a fresh stock of Coke 2L?,Ordering
send bread and maggi to pocket b by evening.,Complaint
"Order for Building 7: Eggs, Pulses, and sugar.",Ordering
can you send some photos of the new paneer stock?,Complaint
Send Eggs and Salt to Green Apartments by evening.,Ordering
Send Detergent and Maggi to Building 7 by evening.,Ordering
Do you have Shampoo in stock?,Ordering
please send 2 detergent to sector 15.,Ordering
do 1kg Coffee and 500g Salt urgently.,Complaint
"order for sector 15: coffee, eggs, and sugar.",Ordering
Need Potatoes and Paneer at Flat 102 fast.,Ordering
Send Soap and Soap to Flat 102 by evening.,Complaint
Need Detergent and Maggi at Civil Lines fast.,Inquiry
do 1kg Maggi and 500g Eggs urgently.,Ordering
I ordered Butter but you sent Tea instead. Please check.,Logistics
PLEASE SEND 2 HONEY TO MARKET AREA.,Ordering
"Butter kharab nikla, replace karo.",Ordering
need milk and milk at near sbi bank fast.,Ordering
Need Paneer and Eggs at Building 7 fast.,Ordering
Need Pulses and Rice at Tower A fast.,Inquiry
"Order for Building 7: Potatoes, Paneer, and sugar.",Ordering
send aata and bread to tower a by evening.,Ordering
"Order for Flat 102: Milk, Soap, and sugar.",Ordering
Expired Paneer bhej diya aapne.,Ordering
worst service ever for detergent.,Complaint
Butter ka price kya hai?,Inquiry
please send 2 rice to lane 4.,Inquiry
please send 2 curd to lane 4.,Complaint
"order for huda colony: detergent, paneer, and sugar.",Ordering
1 box Maggi deliver karwa do.,Ordering
Add one Potatoes to my basket also.,Ordering
"Order for Main Road Shop: Maggi, Tea, and sugar.",Complaint
do 1kg Oil and 500g Potatoes urgently.,Complaint
Send Butter and Potatoes to Green Apartments by evening.,Logistics
Send Sugar and Bread to Near SBI Bank by evening.,Ordering
Need Detergent and Tea at Tower A fast.,Logistics
Please send 2 Biscuits to Huda Colony.,Ordering
"Order for Civil Lines: Coffee, Potatoes, and sugar.",Ordering
DO 1KG SOAP AND 500G BREAD URGENTLY.,Inquiry
"order for building 7: tea, bread, and sugar.",Inquiry
DO 1KG BISCUITS AND 500G RICE URGENTLY.,Ordering
I ordered Biscuits but you sent Soap instead. Please check.,Ordering
please send 2 coffee to cross road.,Ordering
please send 2 pulses to pocket b.,Inquiry
Send Salt and Coke 2L to Pocket B by evening.,Logistics
I ordered Curd but you sent Aata instead. Please check.,Complaint
"Order for Huda Colony: Biscuits, Eggs, and sugar.",Ordering
Need Tea and Rice at Huda Colony fast.,Ordering
Worst service ever for Aata.,Inquiry
Send Soap and Bread to Market Area by evening.,Inquiry
Send Soap and Aata to Main Road Shop by evening.,Logistics
do 1kg Butter and 500g Curd urgently.,Ordering
please call before reaching civil lines.,Logistics
please send 2 milk to sector 15.,Complaint
NEED OIL AND BISCUITS AT SECTOR 15 FAST.,Inquiry
Need Tea and Rice at Civil Lines fast.,Complaint
PLEASE SEND 2 COFFEE TO FLAT 102.,Ordering
NEED BREAD AND BISCUITS AT POCKET B FAST.,Ordering
do 1kg Salt and 500g Eggs urgently.,Ordering
do 1kg butter and 500g honey urgently.,Complaint
Send Butter and Soap to Huda Colony by evening.,Complaint
do 1kg Soap and 500g Biscuits urgently.,Complaint
need butter and sugar at cross road fast.,Logistics
Send Potatoes and Detergent to Pocket B by evening.,Complaint
Send Maggi and Potatoes to Tower A by evening.,Ordering
Send Honey and Eggs to Building 7 by evening.,Inquiry
items are missing from my bag. honey nahi hai isme.,Complaint
Add one Biscuits to my basket also.,Ordering
do you have biscuits in stock?,Ordering
"Mujhe Salt chahiye, kitne ka hai?",Ordering
please send 2 honey to sector 15.,Ordering
Send Tea and Detergent to Metro Station by evening.,Complaint
Expired Biscuits bhej diya aapne.,Logistics
i ordered coke 2l but you sent salt instead. please check.,Ordering
please send 2 pulses to tower a.,Inquiry
I ordered Detergent but you sent Coke 2L instead. Please check.,Logistics
send paneer and eggs to pocket b by evening.,Ordering
"order for tower a: detergent, butter, and sugar.",Inquiry
Send Tea and Coke 2L to Main Road Shop by evening.,Inquiry
I ordered Tea but you sent Butter instead. Please check.,Ordering
send pulses and bread to metro station by evening.,Ordering
do 1kg paneer and 500g pulses urgently.,Ordering
I ordered Coffee but you sent Coffee instead. Please check.,Ordering
Send Detergent and Pulses to Lane 4 by evening.,Inquiry
Please send 2 Rice to Building 7.,Complaint
do 1kg Maggi and 500g Coke 2L urgently.,Ordering
Send Eggs and Tea to Tower A by evening.,Complaint
1 box Milk deliver karwa do.,Ordering
"order for civil lines: oil, tea, and sugar.",Inquiry
SEND SOAP AND CURD TO GREEN APARTMENTS BY EVENING.,Ordering
"order for huda colony: honey, rice, and sugar.",Inquiry
do 1kg Detergent and 500g Soap urgently.,Inquiry
need soap and aata at building 7 fast.,Inquiry
Need Maggi and Sugar at Tower A fast.,Complaint
Need Biscuits and Detergent at Main Road Shop fast.,Ordering
1 box pulses deliver karwa do.,Ordering
1 box Rice deliver karwa do.,Complaint
send coke 2l and tea to flat 102 by evening.,Logistics
I ordered Coffee but you sent Potatoes instead. Please check.,Ordering
i ordered tea but you sent honey instead. please check.,Ordering
"order for civil lines: detergent, bread, and sugar.",Ordering
"order for huda colony: detergent, curd, and sugar.",Ordering
"Sugar kharab nikla, replace karo.",Complaint
Need Coke 2L and Maggi at Pocket B fast.,Logistics
i ordered paneer but you sent coke 2l instead. please check.,Inquiry
i ordered curd but you sent bread instead. please check.,Logistics
"Order for Flat 102: Oil, Eggs, and sugar.",Ordering
Send Salt and Pulses to Huda Colony by evening.,Complaint
send milk and detergent to civil lines by evening.,Complaint
need bread and maggi at huda colony fast.,Ordering
send shampoo and tea to park view by evening.,Complaint
i ordered pulses but you sent bread instead. please check.,Complaint
Need Coffee and Honey at Main Road Shop fast.,Complaint
I ordered Oil but you sent Coke 2L instead. Please check.,Complaint
Please send 2 Oil to Flat 102.,Complaint
Please send 2 Eggs to Flat 102.,Ordering
do 1kg shampoo and 500g maggi urgently.,Ordering
do 1kg pulses and 500g bread urgently.,Ordering
Do you have Detergent in stock?,Ordering
do you have Shampoo brand or local one?,Ordering
do 1kg eggs and 500g butter urgently.,Ordering
do 1kg Bread and 500g Soap urgently.,Ordering
send butter and detergent to pocket b by evening.,Complaint
Send Pulses and Oil to Cross Road by evening.,Complaint
send aata and eggs to huda colony by evening.,Ordering
need detergent and coffee at green apartments fast.,Ordering
"Order for Civil Lines: Bread, Soap, and sugar.",Complaint
do 1kg paneer and 500g detergent urgently.,Logistics
i ordered maggi but you sent eggs instead. please check.,Inquiry
Need Sugar and Maggi at Civil Lines fast.,Ordering
PLEASE SEND 2 SOAP TO HUDA COLONY.,Ordering
NEED TEA AND AATA AT HUDA COLONY FAST.,Ordering
do 1kg Bread and 500g Eggs urgently.,Inquiry
do 1kg Biscuits and 500g Milk urgently.,Ordering
please send 2 tea to tower a.,Ordering
Please send 2 Sugar to Civil Lines.,Ordering
"Order for Pocket B: Biscuits, Potatoes, and sugar.",Ordering
Do you have Soap in stock?,Ordering
send milk and soap to lane 4 by evening.,Complaint
I ordered Eggs but you sent Butter instead. Please check.,Ordering
"Order for Green Apartments: Shampoo, Potatoes, and sugar.",Complaint
do you have Biscuits brand or local one?,Ordering
Please send 2 Maggi to Pocket B.,Inquiry
"Order for Civil Lines: Aata, Curd, and sugar.",Ordering
need paneer and bread at main road shop fast.,Complaint
Is there a fresh stock of Milk?,Ordering
NEED AATA AND SALT AT HUDA COLONY FAST.,Ordering
Need Coffee and Milk at Near SBI Bank fast.,Ordering
DO 1KG MILK AND 500G POTATOES URGENTLY.,Ordering
Send Butter and Coffee to Metro Station by evening.,Ordering
"mujhe paneer chahiye, kitne ka hai?",Ordering
need detergent and oil at lane 4 fast.,Complaint
do 1kg coke 2l and 500g coke 2l urgently.,Ordering
CHANGE ADDRESS TO TOWER A.,Complaint
do 1kg Detergent and 500g Detergent urgently.,Ordering
Please send 2 Eggs to Tower A.,Logistics
Need Aata and Aata at Near SBI Bank fast.,Ordering
do 1kg Biscuits and 500g Coke 2L urgently.,Ordering
I ordered Maggi but you sent Pulses instead. Please check.,Logistics
SEND EGGS AND OIL TO BUILDING 7 BY EVENING.,Ordering
send butter and pulses to park view by evening.,Ordering
Maggi hai kya? 2 packet bhej do.,Ordering
Change address to Metro Station.,Ordering
do 1kg milk and 500g milk urgently.,Complaint
Need Milk and Bread at Sector 15 fast.,Inquiry
i ordered shampoo but you sent detergent instead. please check.,Inquiry
ek packet butter bhej do ghar pe.,Inquiry
Need Sugar and Milk at Green Apartments fast.,Ordering
"Order for Metro Station: Butter, Pulses, and sugar.",Ordering
"ORDER FOR SECTOR 15: MILK, TEA, AND SUGAR.",Ordering
Ek packet Coke 2L bhej do ghar pe.,Complaint
Send Oil and Shampoo to Metro Station by evening.,Complaint
worst service ever for oil.,Ordering
change address to flat 102.,Complaint
do 1kg Aata and 500g Curd urgently.,Ordering
do 1kg Curd and 500g Rice urgently.,Ordering
I ordered Biscuits but you sent Bread instead. Please check.,Ordering
do 1kg Coke 2L and 500g Coffee urgently.,Ordering
send soap and potatoes to near sbi bank by evening.,Complaint
i ordered tea but you sent rice instead. please check.,Complaint
Need Curd and Eggs at Market Area fast.,Complaint
"Order for Flat 102: Honey, Eggs, and sugar.",Ordering
SEND PANEER AND POTATOES TO MAIN ROAD SHOP BY EVENING.,Ordering
NEED MILK AND PULSES AT METRO STATION FAST.,Ordering
I ordered Shampoo but you sent Tea instead. Please check.,Logistics
i ordered milk but you sent sugar instead. please check.,Ordering
send potatoes and maggi to lane 4 by evening.,Ordering
do you have Honey brand or local one?,Complaint
bhaiya eggs pack kardo.,Complaint
Need Coke 2L and Pulses at Sector 15 fast.,Complaint
need coke 2l and sugar at building 7 fast.,Inquiry
I ORDERED COFFEE BUT YOU SENT BUTTER INSTEAD. PLEASE CHECK.,Ordering
Need Eggs and Milk at Main Road Shop fast.,Ordering
do 1kg Oil and 500g Sugar urgently.,Complaint
i ordered shampoo but you sent bread instead. please check.,Ordering
do 1kg Tea and 500g Curd urgently.,Complaint
do 1kg maggi and 500g sugar urgently.,Ordering
Send Butter and Milk to Lane 4 by evening.,Irrelevant
need paneer and butter at cross road fast.,Ordering
I ordered Detergent but you sent Eggs instead. Please check.,Complaint
do 1kg aata and 500g tea urgently.,Logistics
Send Pulses and Eggs to Market Area by evening.,Inquiry
please send 2 milk to metro station.,Complaint
Send Biscuits and Detergent to Park View by evening.,Inquiry
do you have Paneer brand or local one?,Ordering
DO 1KG AATA AND 500G PULSES URGENTLY.,Inquiry
I ordered Soap but you sent Pulses instead. Please check.,Complaint
"order for huda colony: shampoo, coke 2l, and sugar.",Complaint
Send Coffee and Oil to Huda Colony by evening.,Ordering
Send Bread and Maggi to Market Area by evening.,Complaint
I ordered Curd but you sent Tea instead. Please check.,Ordering
Send Salt and Coke 2L to Market Area by evening.,Complaint
need milk and coffee at cross road fast.,Logistics
need eggs and bread at near sbi bank fast.,Ordering
do 1kg Rice and 500g Potatoes urgently.,Inquiry
send curd and coffee to sector 15 by evening.,Ordering
Please send 2 Oil to Green Apartments.,Ordering
i ordered potatoes but you sent rice instead. please check.,Ordering
"order for pocket b: coke 2l, paneer, and sugar.",Ordering
Milk ka price kya hai?,Ordering
"Order for Lane 4: Maggi, Detergent, and sugar.",Ordering
i ordered shampoo but you sent eggs instead. please check.,Ordering
I ordered Coffee but you sent Pulses instead. Please check.,Ordering
NEED PANEER AND DETERGENT AT CROSS ROAD FAST.,Ordering
"Order for Green Apartments: Maggi, Biscuits, and sugar.",Ordering
do 1kg Curd and 500g Biscuits urgently.,Ordering
do 1kg coke 2l and 500g rice urgently.,Ordering
Need Biscuits and Bread at Metro Station fast.,Ordering
Please send 2 Biscuits to Flat 102.,Inquiry
"order for lane 4: paneer, shampoo, and sugar.",Ordering
send tea and potatoes to huda colony by evening.,Complaint
do 1kg Salt and 500g Milk urgently.,Complaint
do 1kg Coke 2L and 500g Oil urgently.,Complaint
i ordered shampoo but you sent sugar instead. please check.,Ordering
"Order for Civil Lines: Pulses, Tea, and sugar.",Inquiry
need paneer and aata at tower a fast.,Complaint
do 1kg maggi and 500g shampoo urgently.,Complaint
"order for near sbi bank: pulses, butter, and sugar.",Complaint
send butter and coffee to lane 4 by evening.,Logistics
i ordered aata but you sent aata instead. please check.,Ordering
PLEASE SEND 2 BUTTER TO FLAT 102.,Inquiry
Need Bread and Butter at Building 7 fast.,Ordering
I ordered Aata but you sent Tea instead. Please check.,Ordering
"Order for Building 7: Bread, Eggs, and sugar.",Ordering
"Order for Main Road Shop: Coke 2L, Paneer, and sugar.",Ordering
need bread and shampoo at lane 4 fast.,Inquiry
do 1kg Tea and 500g Potatoes urgently.,Inquiry
need coke 2l and pulses at cross road fast.,Ordering
Send Coke 2L and Detergent to Sector 15 by evening.,Inquiry
Send Pulses and Coke 2L to Near SBI Bank by evening.,Ordering
i ordered maggi but you sent paneer instead. please check.,Ordering
"Order for Pocket B: Milk, Tea, and sugar.",Ordering
Need Aata and Biscuits at Green Apartments fast.,Ordering
please send 2 curd to civil lines.,Inquiry
Need Salt and Butter at Pocket B fast.,Ordering
please send 2 aata to civil lines.,Complaint
Send Potatoes and Biscuits to Flat 102 by evening.,Ordering
i ordered tea but you sent shampoo instead. please check.,Inquiry
Send Curd and Shampoo to Flat 102 by evening.,Ordering
Please send 2 Honey to Huda Colony.,Ordering
Please send 2 Milk to Lane 4.,Inquiry
"order for building 7: honey, biscuits, and sugar.",Inquiry
"Order for Huda Colony: Milk, Honey, and sugar.",Ordering
do 1kg maggi and 500g coffee urgently.,Complaint
"order for tower a: curd, sugar, and sugar.",Inquiry
Send Rice and Pulses to Green Apartments by evening.,Ordering
"order for building 7: rice, biscuits, and sugar.",Complaint
Need Eggs and Butter at Building 7 fast.,Ordering
Send Detergent and Potatoes to Market Area by evening.,Ordering
send rice and salt to civil lines by evening.,Ordering
I ORDERED CURD BUT YOU SENT PULSES INSTEAD. PLEASE CHECK.,Complaint
"Order for Sector 15: Potatoes, Sugar, and sugar.",Ordering
"order for main road shop: potatoes, rice, and sugar.",Ordering
"order for huda colony: butter, sugar, and sugar.",Ordering
"order for park view: detergent, potatoes, and sugar.",Inquiry
Please send 2 Honey to Tower A.,Complaint
"order for huda colony: potatoes, maggi, and sugar.",Complaint
send tea and biscuits to near sbi bank by evening.,Ordering
do 1kg Tea and 500g Oil urgently.,Ordering
need butter and rice at tower a fast.,Complaint
do 1kg bread and 500g oil urgently.,Ordering
I ORDERED CURD BUT YOU SENT DETERGENT INSTEAD. PLEASE CHECK.,Inquiry
I ordered Maggi but you sent Biscuits instead. Please check.,Ordering
"Order for Civil Lines: Oil, Soap, and sugar.",Complaint
"Order for Cross Road: Potatoes, Coffee, and sugar.",Ordering
need butter and detergent at sector 15 fast.,Ordering
Need Potatoes and Tea at Huda Colony fast.,Ordering
Please send 2 Tea to Sector 15.,Ordering
send soap and oil to tower a by evening.,Ordering
please send 2 milk to main road shop.,Complaint
need coke 2l and tea at market area fast.,Ordering
do 1kg Pulses and 500g Oil urgently.,Ordering
do 1kg oil and 500g milk urgently.,Ordering
Need Rice and Paneer at Near SBI Bank fast.,Ordering
do 1kg maggi and 500g maggi urgently.,Ordering
Please send 2 Tea to Metro Station.,Inquiry
SEND BISCUITS AND CURD TO METRO STATION BY EVENING.,Complaint
Please send 2 Honey to Near SBI Bank.,Ordering
need shampoo and honey at sector 15 fast.,Ordering
Please send 2 Paneer to Pocket B.,Ordering
need biscuits and sugar at main road shop fast.,Complaint
i ordered maggi but you sent soap instead. please check.,Complaint
I ORDERED SOAP BUT YOU SENT PANEER INSTEAD. PLEASE CHECK.,Ordering
"Order for Huda Colony: Honey, Coke 2L, and sugar.",Ordering
need honey and maggi at huda colony fast.,Ordering
Need Salt and Salt at Near SBI Bank fast.,Ordering
I ordered Milk but you sent Paneer instead. Please check.,Ordering
"Order for Lane 4: Honey, Tea, and sugar.",Ordering
"Order for Cross Road: Coffee, Bread, and sugar.",Inquiry
"Order for Park View: Biscuits, Salt, and sugar.",Logistics
Need Potatoes and Paneer at Main Road Shop fast.,Ordering
Please send 2 Biscuits to Green Apartments.,Ordering
I ordered Detergent but you sent Milk instead. Please check.,Complaint
Please send 2 Aata to Sector 15.,Ordering
I ordered Curd but you sent Butter instead. Please check.,Ordering
"Order for Metro Station: Coke 2L, Coffee, and sugar.",Ordering
need rice and bread at pocket b fast.,Ordering
Send Honey and Paneer to Civil Lines by evening.,Ordering
I ordered Sugar but you sent Pulses instead. Please check.,Ordering
NEED COFFEE AND BREAD AT LANE 4 FAST.,Inquiry
do 1kg Rice and 500g Honey urgently.,Ordering
need coke 2l and bread at lane 4 fast.,Complaint
"order for cross road: curd, potatoes, and sugar.",Inquiry
I ordered Maggi but you sent Rice instead. Please check.,Ordering
do 1kg Honey and 500g Salt urgently.,Inquiry
Need Rice and Detergent at Park View fast.,Complaint
Please send 2 Eggs to Sector 15.,Ordering
"Order for Flat 102: Eggs, Coke 2L, and sugar.",Complaint
do 1kg tea and 500g bread urgently.,Complaint
PLEASE SEND 2 COFFEE TO SECTOR 15.,Ordering
Send Pulses and Biscuits to Market Area by evening.,Ordering
need curd and eggs at civil lines fast.,Complaint
Send Coffee and Potatoes to Park View by evening.,Inquiry
send bread and aata to park view by evening.,Ordering
Please send 2 Rice to Park View.,Ordering
I ordered Coffee but you sent Honey instead. Please check.,Ordering
I ordered Aata but you sent Maggi instead. Please check.,Inquiry
Send Honey and Aata to Pocket B by evening.,Inquiry
do 1kg tea and 500g biscuits urgently.,Inquiry
do 1kg Honey and 500g Paneer urgently.,Complaint
I ordered Soap but you sent Eggs instead. Please check.,Ordering
do 1kg maggi and 500g honey urgently.,Inquiry
"Order for Tower A: Coffee, Oil, and sugar.",Ordering
send butter and oil to huda colony by evening.,Complaint
"Order for Building 7: Paneer, Bread, and sugar.",Ordering
Please send 2 Potatoes to Lane 4.,Ordering
do 1kg Milk and 500g Curd urgently.,Ordering
"order for civil lines: shampoo, tea, and sugar.",Complaint
Need Pulses and Oil at Pocket B fast.,Ordering
please send 2 soap to civil lines.,Ordering
I ordered Detergent but you sent Detergent instead. Please check.,Ordering
DO 1KG EGGS AND 500G PANEER URGENTLY.,Complaint
do 1kg milk and 500g butter urgently.,Complaint
do 1kg Eggs and 500g Biscuits urgently.,Ordering
Need Bread and Detergent at Near SBI Bank fast.,Complaint
Please send 2 Pulses to Sector 15.,Inquiry
do 1kg Salt and 500g Coffee urgently.,Logistics
Send Aata and Potatoes to Pocket B by evening.,Ordering
do 1kg Aata and 500g Bread urgently.,Ordering
Need Tea and Detergent at Tower A fast.,Inquiry
Need Aata and Coffee at Building 7 fast.,Ordering
"check if Maggi is in stock, need 3 pieces.",Ordering
SEND POTATOES AND SOAP TO HUDA COLONY BY EVENING.,Ordering
do 1kg Salt and 500g Maggi urgently.,Logistics
PLEASE SEND 2 CURD TO SECTOR 15.,Complaint
send detergent and rice to cross road by evening.,Ordering
Send Sugar and Rice to Pocket B by evening.,Ordering
i ordered butter but you sent curd instead. please check.,Inquiry
i ordered salt but you sent pulses instead. please check.,Ordering
Need Butter and Pulses at Tower A fast.,Ordering
"Order for Green Apartments: Potatoes, Salt, and sugar.",Ordering
Worst service ever for Salt.,Ordering
"Order for Tower A: Milk, Soap, and sugar.",Complaint
Need Detergent and Rice at Tower A fast.,Inquiry
do 1kg Sugar and 500g Milk urgently.,Ordering
send biscuits and tea to pocket b by evening.,Inquiry
please send 2 curd to huda colony.,Ordering
Need Salt and Maggi at Metro Station fast.,Ordering
need soap and milk at main road shop fast.,Complaint
"order for sector 15: sugar, bread, and sugar.",Complaint
Send Tea and Soap to Flat 102 by evening.,Complaint
i ordered paneer but you sent salt instead. please check.,Ordering
Send Sugar and Pulses to Market Area by evening.,Complaint
"order for green apartments: curd, bread, and sugar.",Inquiry
Please send 2 Salt to Tower A.,Ordering
I ordered Eggs but you sent Bread instead. Please check.,Logistics
SEND SUGAR AND CURD TO GREEN APARTMENTS BY EVENING.,Ordering
Please send 2 Curd to Market Area.,Inquiry
"order for main road shop: potatoes, curd, and sugar.",Ordering
PLEASE SEND 2 BUTTER TO PARK VIEW.,Ordering
i ordered maggi but you sent curd instead. please check.,Ordering
"ORDER FOR FLAT 102: BISCUITS, BREAD, AND SUGAR.",Ordering
I ordered Shampoo but you sent Maggi instead. Please check.,Ordering
do 1kg Curd and 500g Pulses urgently.,Ordering
do 1kg biscuits and 500g biscuits urgently.,Ordering
do 1kg salt and 500g biscuits urgently.,Ordering
Need Sugar and Coke 2L at Flat 102 fast.,Complaint
I ORDERED SUGAR BUT YOU SENT COKE 2L INSTEAD. PLEASE CHECK.,Ordering
need milk and pulses at tower a fast.,Ordering
Need Salt and Pulses at Flat 102 fast.,Ordering
Please send 2 Potatoes to Building 7.,Inquiry
Need Salt and Honey at Pocket B fast.,Inquiry
Send Paneer and Pulses to Near SBI Bank by evening.,Complaint
need tea and butter at flat 102 fast.,Inquiry
"Order for Near SBI Bank: Honey, Pulses, and sugar.",Inquiry
do 1kg aata and 500g oil urgently.,Ordering
Send Eggs and Butter to Sector 15 by evening.,Complaint
do 1kg Salt and 500g Coke 2L urgently.,Ordering
Send Paneer and Honey to Green Apartments by evening.,Ordering
I ordered Milk but you sent Butter instead. Please check.,Ordering
Send Milk and Detergent to Pocket B by evening.,Complaint
do 1kg aata and 500g rice urgently.,Inquiry
Need Soap and Butter at Cross Road fast.,Logistics
Please send 2 Paneer to Cross Road.,Ordering
"order for metro station: honey, coke 2l, and sugar.",Ordering
Send Eggs and Soap to Metro Station by evening.,Inquiry
need biscuits and butter at sector 15 fast.,Ordering
need milk and rice at green apartments fast.,Ordering
"Order for Metro Station: Maggi, Coke 2L, and sugar.",Inquiry
need potatoes and eggs at pocket b fast.,Ordering
Please send 2 Biscuits to Tower A.,Ordering
please send 2 coffee to huda colony.,Ordering
Need Tea and Honey at Park View fast.,Complaint
do 1kg aata and 500g sugar urgently.,Ordering
I ORDERED BREAD BUT YOU SENT SHAMPOO INSTEAD. PLEASE CHECK.,Ordering
I ordered Curd but you sent Eggs instead. Please check.,Inquiry
need detergent and paneer at huda colony fast.,Ordering
NEED DETERGENT AND CURD AT BUILDING 7 FAST.,Logistics
do 1kg Honey and 500g Maggi urgently.,Ordering
"Order for Market Area: Sugar, Coffee, and sugar.",Ordering
I ordered Paneer but you sent Shampoo instead. Please check.,Complaint
need eggs and tea at green apartments fast.,Inquiry
NEED DETERGENT AND SOAP AT METRO STATION FAST.,Ordering
I ordered Shampoo but you sent Biscuits instead. Please check.,Complaint
need curd and shampoo at metro station fast.,Ordering
PLEASE SEND 2 SALT TO PARK VIEW.,Inquiry
DO 1KG OIL AND 500G DETERGENT URGENTLY.,Complaint
"Order for Market Area: Eggs, Salt, and sugar.",Ordering
do 1kg Shampoo and 500g Coffee urgently.,Ordering
DO 1KG SOAP AND 500G MAGGI URGENTLY.,Ordering
do 1kg coffee and 500g pulses urgently.,Ordering
Need Salt and Milk at Green Apartments fast.,Ordering
I ordered Salt but you sent Butter instead. Please check.,Complaint
I ordered Maggi but you sent Shampoo instead. Please check.,Complaint
Send Eggs and Sugar to Park View by evening.,Inquiry
I ordered Curd but you sent Curd instead. Please check.,Ordering
"Order for Main Road Shop: Paneer, Butter, and sugar.",Complaint
do 1kg coffee and 500g tea urgently.,Inquiry
please send 2 shampoo to building 7.,Ordering
I ordered Salt but you sent Milk instead. Please check.,Inquiry
SEND HONEY AND EGGS TO CROSS ROAD BY EVENING.,Ordering
send curd and rice to flat 102 by evening.,Ordering
"Order for Tower A: Oil, Paneer, and sugar.",Ordering
SEND DETERGENT AND OIL TO CROSS ROAD BY EVENING.,Logistics
Need Aata and Detergent at Lane 4 fast.,Complaint
Send Coke 2L and Potatoes to Green Apartments by evening.,Ordering
I ordered Oil but you sent Maggi instead. Please check.,Complaint
Need Tea and Coke 2L at Building 7 fast.,Ordering
"Order for Metro Station: Honey, Potatoes, and sugar.",Ordering
"Order for Huda Colony: Paneer, Butter, and sugar.",Ordering
I ordered Soap but you sent Rice instead. Please check.,Complaint
"Order for Main Road Shop: Tea, Salt, and sugar.",Ordering
please send 2 salt to pocket b.,Ordering
Please send 2 Shampoo to Tower A.,Complaint
send shampoo and oil to huda colony by evening.,Ordering
PLEASE SEND 2 COKE 2L TO FLAT 102.,Ordering
Send Shampoo and Honey to Near SBI Bank by evening.,Ordering
I ordered Biscuits but you sent Curd instead. Please check.,Ordering
need sugar and curd at building 7 fast.,Complaint
Need Coffee and Eggs at Tower A fast.,Ordering
DO 1KG RICE AND 500G OIL URGENTLY.,Logistics
"Order for Lane 4: Honey, Salt, and sugar.",Complaint
Need Biscuits and Honey at Huda Colony fast.,Ordering
"order for main road shop: pulses, coke 2l, and sugar.",Ordering
"Order for Market Area: Shampoo, Bread, and sugar.",Ordering
need coke 2l and sugar at pocket b fast.,Ordering
I ordered Salt but you sent Honey instead. Please check.,Complaint
need shampoo and curd at green apartments fast.,Inquiry
do 1kg Honey and 500g Sugar urgently.,Inquiry
Send Oil and Pulses to Near SBI Bank by evening.,Ordering
SEND AATA AND COKE 2L TO MAIN ROAD SHOP BY EVENING.,Ordering
please send 2 potatoes to sector 15.,Complaint
"Order for Main Road Shop: Detergent, Oil, and sugar.",Ordering
"Order for Cross Road: Shampoo, Potatoes, and sugar.",Ordering
please send 2 milk to huda colony.,Ordering
I ordered Coke 2L but you sent Oil instead. Please check.,Ordering
Please send 2 Rice to Flat 102.,Complaint
need milk and aata at tower a fast.,Inquiry
Send Rice and Bread to Civil Lines by evening.,Ordering
Send Maggi and Salt to Sector 15 by evening.,Ordering
Send Maggi and Rice to Green Apartments by evening.,Inquiry
need pulses and bread at tower a fast.,Ordering
Send Detergent and Curd to Green Apartments by evening.,Logistics
"Order for Metro Station: Eggs, Biscuits, and sugar.",Complaint
i ordered potatoes but you sent eggs instead. please check.,Complaint
"Order for Civil Lines: Salt, Paneer, and sugar.",Ordering
I ordered Detergent but you sent Coffee instead. Please check.,Ordering
"Order for Building 7: Coke 2L, Detergent, and sugar.",Inquiry
Please send 2 Maggi to Tower A.,Ordering
send coffee and potatoes to lane 4 by evening.,Ordering
"order for sector 15: bread, maggi, and sugar.",Ordering
i ordered sugar but you sent soap instead. please check.,Logistics
please send 2 milk to cross road.,Ordering
"Order for Flat 102: Eggs, Butter, and sugar.",Ordering
"Order for Cross Road: Biscuits, Aata, and sugar.",Ordering
Need Oil and Oil at Building 7 fast.,Ordering
send aata and milk to metro station by evening.,Ordering
I ordered Oil but you sent Soap instead. Please check.,Ordering
do 1kg Shampoo and 500g Rice urgently.,Ordering
"Order for Green Apartments: Shampoo, Pulses, and sugar.",Ordering
I ordered Coffee but you sent Biscuits instead. Please check.,Ordering
Need Rice and Coke 2L at Market Area fast.,Ordering
"Order for Pocket B: Soap, Bread, and sugar.",Ordering
Send Bread and Coffee to Civil Lines by evening.,Ordering
Need Tea and Rice at Building 7 fast.,Complaint
send honey and maggi to cross road by evening.,Ordering
send tea and butter to pocket b by evening.,Ordering
do 1kg Eggs and 500g Coffee urgently.,Ordering
I ordered Potatoes but you sent Salt instead. Please check.,Ordering
Send Honey and Detergent to Civil Lines by evening.,Ordering
"Order for Lane 4: Curd, Curd, and sugar.",Ordering
Please send 2 Milk to Green Apartments.,Inquiry
"Order for Pocket B: Salt, Maggi, and sugar.",Inquiry
Send Curd and Rice to Near SBI Bank by evening.,Ordering
Need Aata and Aata at Civil Lines fast.,Complaint
PLEASE SEND 2 SALT TO LANE 4.,Complaint
send pulses and milk to metro station by evening.,Complaint
PLEASE SEND 2 AATA TO LANE 4.,Ordering
"Order for Building 7: Salt, Eggs, and sugar.",Logistics
"Order for Cross Road: Paneer, Detergent, and sugar.",Inquiry
Need Curd and Salt at Park View fast.,Logistics
I ordered Bread but you sent Coke 2L instead. Please check.,Ordering
need tea and tea at building 7 fast.,Ordering
Send Rice and Coffee to Market Area by evening.,Ordering
send shampoo and tea to building 7 by evening.,Ordering
Please send 2 Bread to Flat 102.,Complaint
Send Paneer and Rice to Market Area by evening.,Complaint
"Order for Market Area: Honey, Detergent, and sugar.",Ordering
please send 2 soap to tower a.,Complaint
"Order for Civil Lines: Tea, Tea, and sugar.",Ordering
Send Rice and Detergent to Civil Lines by evening.,Ordering
Send Salt and Milk to Sector 15 by evening.,Ordering
Send Potatoes and Coke 2L to Pocket B by evening.,Ordering
Send Rice and Curd to Cross Road by evening.,Ordering
SEND HONEY AND DETERGENT TO FLAT 102 BY EVENING.,Inquiry
i ordered oil but you sent tea instead. please check.,Ordering
Please send 2 Tea to Huda Colony.,Ordering
need pulses and maggi at flat 102 fast.,Ordering
SEND POTATOES AND TEA TO POCKET B BY EVENING.,Complaint
"Order for Main Road Shop: Sugar, Eggs, and sugar.",Ordering
do 1kg Tea and 500g Pulses urgently.,Inquiry
Need Aata and Potatoes at Cross Road fast.,Ordering
I ordered Maggi but you sent Honey instead. Please check.,Complaint
Need Honey and Potatoes at Metro Station fast.,Ordering
I ordered Honey but you sent Biscuits instead. Please check.,Inquiry
"Order for Huda Colony: Pulses, Curd, and sugar.",Ordering
send eggs and detergent to green apartments by evening.,Inquiry
Send Eggs and Rice to Pocket B by evening.,Complaint
do 1kg salt and 500g shampoo urgently.,Ordering
"order for building 7: coffee, sugar, and sugar.",Complaint
send detergent and eggs to park view by evening.,Ordering
i ordered curd but you sent potatoes instead. please check.,Ordering
Need Bread and Eggs at Flat 102 fast.,Ordering
do 1kg Soap and 500g Shampoo urgently.,Ordering
SEND PULSES AND POTATOES TO GREEN APARTMENTS BY EVENING.,Complaint
SEND TEA AND EGGS TO MAIN ROAD SHOP BY EVENING.,Ordering
I ordered Oil but you sent Potatoes instead. Please check.,Ordering
do 1kg Butter and 500g Butter urgently.,Ordering
please send 2 butter to civil lines.,Ordering
do 1kg Coke 2L and 500g Biscuits urgently.,Ordering
do 1kg potatoes and 500g detergent urgently.,Ordering
"order for pocket b: detergent, milk, and sugar.",Inquiry
"Order for Building 7: Sugar, Rice, and sugar.",Complaint
Send Paneer and Butter to Tower A by evening.,Ordering
do 1kg Soap and 500g Rice urgently.,Ordering
i ordered biscuits but you sent biscuits instead. please check.,Ordering
"Order for Market Area: Soap, Butter, and sugar.",Inquiry
"ORDER FOR CROSS ROAD: SOAP, AATA, AND SUGAR.",Ordering
Send Coke 2L and Coke 2L to Civil Lines by evening.,Ordering
Please send 2 Tea to Main Road Shop.,Complaint
do 1kg Bread and 500g Butter urgently.,Complaint
"Order for Near SBI Bank: Sugar, Potatoes, and sugar.",Ordering
I ordered Shampoo but you sent Pulses instead. Please check.,Ordering
send bread and shampoo to market area by evening.,Ordering
do 1kg rice and 500g eggs urgently.,Ordering
Need Salt and Sugar at Huda Colony fast.,Ordering
Send Aata and Oil to Pocket B by evening.,Ordering
Send Tea and Aata to Flat 102 by evening.,Inquiry
please send 2 butter to main road shop.,Complaint
i ordered curd but you sent biscuits instead. please check.,Ordering
do 1kg Coffee and 500g Detergent urgently.,Ordering
Send Potatoes and Curd to Metro Station by evening.,Ordering
do 1kg Biscuits and 500g Bread urgently.,Complaint
i ordered milk but you sent milk instead. please check.,Complaint
I ORDERED DETERGENT BUT YOU SENT PULSES INSTEAD. PLEASE CHECK.,Complaint
do 1kg Sugar and 500g Shampoo urgently.,Complaint
Need Detergent and Coffee at Civil Lines fast.,Ordering
"order for near sbi bank: butter, butter, and sugar.",Ordering
I ordered Detergent but you sent Curd instead. Please check.,Complaint
do 1kg milk and 500g oil urgently.,Ordering
Send Coffee and Coke 2L to Sector 15 by evening.,Complaint
NEED SHAMPOO AND HONEY AT POCKET B FAST.,Ordering
please send 2 salt to near sbi bank.,Ordering
need sugar and paneer at metro station fast.,Logistics
please send 2 soap to cross road.,Logistics
please send 2 salt to green apartments.,Complaint
do 1kg Oil and 500g Shampoo urgently.,Ordering
do 1kg Eggs and 500g Eggs urgently.,Ordering
send butter and coffee to huda colony by evening.,Logistics
do 1kg Biscuits and 500g Butter urgently.,Complaint
Please send 2 Coke 2L to Tower A.,Ordering
send soap and honey to main road shop by evening.,Ordering
Please send 2 Maggi to Civil Lines.,Ordering
Need Eggs and Coke 2L at Tower A fast.,Ordering
"order for tower a: oil, pulses, and sugar.",Ordering
Send Shampoo and Oil to Metro Station by evening.,Inquiry
do 1kg Milk and 500g Rice urgently.,Inquiry
send sugar and bread to sector 15 by evening.,Ordering
Please send 2 Tea to Green Apartments.,Inquiry
"Order for Park View: Rice, Coke 2L, and sugar.",Inquiry
Send Bread and Soap to Main Road Shop by evening.,Ordering
send eggs and soap to main road shop by evening.,Complaint
I ordered Eggs but you sent Biscuits instead. Please check.,Complaint
"Order for Sector 15: Paneer, Sugar, and sugar.",Ordering
i ordered curd but you sent honey instead. please check.,Ordering
please send 2 coke 2l to market area.,Ordering
need aata and coffee at near sbi bank fast.,Complaint
I ordered Honey but you sent Butter instead. Please check.,Ordering
"order for tower a: paneer, honey, and sugar.",Ordering
"order for tower a: tea, salt, and sugar.",Ordering
I ordered Soap but you sent Coke 2L instead. Please check.,Inquiry
Send Tea and Curd to Metro Station by evening.,Complaint
Need Bread and Honey at Building 7 fast.,Ordering
do 1kg Tea and 500g Salt urgently.,Inquiry
I ordered Coke 2L but you sent Coke 2L instead. Please check.,Ordering
Send Bread and Curd to Green Apartments by evening.,Complaint
I ordered Potatoes but you sent Detergent instead. Please check.,Ordering
need milk and potatoes at near sbi bank fast.,Ordering
"ORDER FOR FLAT 102: AATA, SOAP, AND SUGAR.",Ordering
SEND COKE 2L AND BUTTER TO CROSS ROAD BY EVENING.,Inquiry
Need Biscuits and Detergent at Flat 102 fast.,Ordering
need bread and honey at cross road fast.,Ordering
i ordered potatoes but you sent butter instead. please check.,Ordering
please send 2 bread to main road shop.,Ordering
Send Biscuits and Detergent to Pocket B by evening.,Inquiry
Please send 2 Rice to Cross Road.,Ordering
"Order for Metro Station: Eggs, Potatoes, and sugar.",Ordering
do 1kg potatoes and 500g biscuits urgently.,Ordering
NEED HONEY AND BISCUITS AT METRO STATION FAST.,Ordering
"order for lane 4: honey, curd, and sugar.",Ordering
Send Potatoes and Pulses to Huda Colony by evening.,Inquiry
please send 2 paneer to lane 4.,Ordering
Need Salt and Biscuits at Main Road Shop fast.,Complaint
SEND PULSES AND PANEER TO HUDA COLONY BY EVENING.,Ordering
"ORDER FOR NEAR SBI BANK: POTATOES, HONEY, AND SUGAR.",Inquiry
Need Coke 2L and Biscuits at Cross Road fast.,Ordering
I ordered Detergent but you sent Sugar instead. Please check.,Ordering
"order for green apartments: soap, coffee, and sugar.",Ordering
Need Rice and Rice at Flat 102 fast.,Ordering
send coke 2l and maggi to cross road by evening.,Inquiry
do 1kg coke 2l and 500g pulses urgently.,Ordering
do 1kg Milk and 500g Pulses urgently.,Ordering
i ordered milk but you sent coffee instead. please check.,Ordering
"ORDER FOR PARK VIEW: SOAP, MAGGI, AND SUGAR.",Ordering
please send 2 butter to metro station.,Complaint
Please send 2 Butter to Near SBI Bank.,Complaint
I ordered Paneer but you sent Pulses instead. Please check.,Inquiry
do 1kg Eggs and 500g Tea urgently.,Ordering
I ordered Salt but you sent Bread instead. Please check.,Complaint
SEND HONEY AND RICE TO POCKET B BY EVENING.,Ordering
"Order for Near SBI Bank: Milk, Soap, and sugar.",Ordering
"order for metro station: oil, eggs, and sugar.",Ordering
"Order for Pocket B: Detergent, Maggi, and sugar.",Ordering
Send Shampoo and Coffee to Building 7 by evening.,Complaint
need curd and eggs at pocket b fast.,Inquiry
Please send 2 Salt to Cross Road.,Ordering
I ordered Sugar but you sent Paneer instead. Please check.,Inquiry
PLEASE SEND 2 BISCUITS TO MARKET AREA.,Ordering
Need Eggs and Coke 2L at Park View fast.,Logistics
send oil and sugar to park view by evening.,Ordering
I ordered Milk but you sent Aata instead. Please check.,Inquiry
do 1kg Curd and 500g Salt urgently.,Ordering
send tea and pulses to tower a by evening.,Ordering
please send 2 eggs to cross road.,Complaint
Send Detergent and Pulses to Huda Colony by evening.,Ordering
i ordered detergent but you sent paneer instead. please check.,Ordering
i ordered milk but you sent detergent instead. please check.,Ordering
"order for huda colony: tea, tea, and sugar.",Ordering
"Order for Green Apartments: Butter, Tea, and sugar.",Complaint
send curd and potatoes to main road shop by evening.,Inquiry
do 1kg Maggi and 500g Oil urgently.,Ordering
Need Curd and Coffee at Civil Lines fast.,Ordering
do 1kg Paneer and 500g Bread urgently.,Ordering
do 1kg Salt and 500g Paneer urgently.,Inquiry
do 1kg Rice and 500g Bread urgently.,Logistics
I ordered Coke 2L but you sent Bread instead. Please check.,Ordering
PLEASE SEND 2 DETERGENT TO CROSS ROAD.,Ordering
Send Coffee and Butter to Metro Station by evening.,Ordering
need detergent and coffee at pocket b fast.,Ordering
do 1kg Soap and 500g Honey urgently.,Inquiry
Need Milk and Detergent at Flat 102 fast.,Complaint
please send 2 biscuits to pocket b.,Ordering
Please send 2 Coke 2L to Near SBI Bank.,Ordering
Need Pulses and Aata at Lane 4 fast.,Ordering
I ordered Butter but you sent Oil instead. Please check.,Ordering
i ordered curd but you sent paneer instead. please check.,Ordering
do 1kg Rice and 500g Curd urgently.,Ordering
Need Maggi and Butter at Metro Station fast.,Ordering
Please send 2 Potatoes to Near SBI Bank.,Logistics
I ordered Eggs but you sent Potatoes instead. Please check.,Logistics
"ORDER FOR NEAR SBI BANK: MILK, TEA, AND SUGAR.",Logistics
Send Detergent and Milk to Near SBI Bank by evening.,Complaint
Send Biscuits and Maggi to Flat 102 by evening.,Logistics
I ordered Honey but you sent Coffee instead. Please check.,Ordering
"Order for Market Area: Sugar, Bread, and sugar.",Ordering
Please send 2 Aata to Building 7.,Complaint
please send 2 bread to pocket b.,Ordering
send coke 2l and potatoes to tower a by evening.,Inquiry
i ordered biscuits but you sent coke 2l instead. please check.,Ordering
Please send 2 Coffee to Near SBI Bank.,Logistics
"Order for Near SBI Bank: Oil, Shampoo, and sugar.",Ordering
NEED TEA AND BREAD AT CROSS ROAD FAST.,Ordering
"Order for Cross Road: Butter, Butter, and sugar.",Complaint
need paneer and soap at pocket b fast.,Ordering
"Order for Lane 4: Rice, Coke 2L, and sugar.",Ordering
send rice and coke 2l to flat 102 by evening.,Complaint
Please send 2 Tea to Lane 4.,Inquiry
i ordered biscuits but you sent aata instead. please check.,Ordering
I ordered Potatoes but you sent Pulses instead. Please check.,Ordering
PLEASE SEND 2 BREAD TO NEAR SBI BANK.,Ordering
"Order for Civil Lines: Shampoo, Milk, and sugar.",Complaint
need potatoes and pulses at huda colony fast.,Ordering
PLEASE SEND 2 SOAP TO MARKET AREA.,Complaint
i ordered honey but you sent shampoo instead. please check.,Ordering
please send 2 milk to park view.,Inquiry
do 1kg detergent and 500g biscuits urgently.,Inquiry
need pulses and honey at building 7 fast.,Ordering
i ordered maggi but you sent maggi instead. please check.,Ordering
please send 2 honey to green apartments.,Inquiry
DO 1KG BUTTER AND 500G SHAMPOO URGENTLY.,Ordering
I ORDERED COFFEE BUT YOU SENT EGGS INSTEAD. PLEASE CHECK.,Complaint
do 1kg Bread and 500g Milk urgently.,Ordering
do 1kg Paneer and 500g Coffee urgently.,Ordering
I ordered Biscuits but you sent Salt instead. Please check.,Complaint
need sugar and maggi at near sbi bank fast.,Ordering
Need Milk and Eggs at Tower A fast.,Complaint
SEND TEA AND PANEER TO PARK VIEW BY EVENING.,Ordering
send bread and maggi to main road shop by evening.,Ordering
do 1kg Coke 2L and 500g Tea urgently.,Ordering
I ordered Coffee but you sent Coke 2L instead. Please check.,Complaint
do 1kg curd and 500g paneer urgently.,Ordering
Need Tea and Rice at Park View fast.,Complaint
do 1kg coke 2l and 500g eggs urgently.,Ordering
"Order for Cross Road: Sugar, Butter, and sugar.",Ordering
Send Butter and Milk to Huda Colony by evening.,Ordering
Need Aata and Pulses at Civil Lines fast.,Inquiry
send detergent and aata to market area by evening.,Ordering
Need Curd and Eggs at Tower A fast.,Inquiry
Please send 2 Salt to Metro Station.,Complaint
"Order for Lane 4: Maggi, Eggs, and sugar.",Ordering
"Order for Sector 15: Tea, Coke 2L, and sugar.",Complaint
i ordered sugar but you sent milk instead. please check.,Inquiry
"order for green apartments: oil, bread, and sugar.",Inquiry
"Order for Green Apartments: Eggs, Biscuits, and sugar.",Ordering
need detergent and milk at civil lines fast.,Ordering
"ORDER FOR LANE 4: MILK, SOAP, AND SUGAR.",Logistics
please send 2 salt to flat 102.,Complaint
Need Milk and Eggs at Flat 102 fast.,Ordering
need aata and eggs at pocket b fast.,Ordering
send rice and bread to near sbi bank by evening.,Ordering
Need Oil and Eggs at Main Road Shop fast.,Ordering
need detergent and eggs at main road shop fast.,Complaint
do 1kg paneer and 500g soap urgently.,Ordering
"Order for Building 7: Soap, Oil, and sugar.",Complaint
Send Sugar and Milk to Market Area by evening.,Ordering
do 1kg curd and 500g coke 2l urgently.,Ordering
please send 2 curd to tower a.,Complaint
Please send 2 Oil to Lane 4.,Ordering
I ordered Potatoes but you sent Honey instead. Please check.,Logistics
do 1kg Milk and 500g Sugar urgently.,Ordering
Send Tea and Bread to Huda Colony by evening.,Complaint
i ordered butter but you sent coke 2l instead. please check.,Ordering
"ORDER FOR MAIN ROAD SHOP: OIL, SHAMPOO, AND SUGAR.",Ordering
"Order for Building 7: Rice, Bread, and sugar.",Ordering
send oil and curd to metro station by evening.,Ordering
send milk and bread to building 7 by evening.,Complaint
need maggi and tea at metro station fast.,Ordering
need eggs and detergent at civil lines fast.,Ordering
do 1kg Coke 2L and 500g Curd urgently.,Inquiry
I ordered Eggs but you sent Coke 2L instead. Please check.,Ordering
Please send 2 Detergent to Tower A.,Complaint
Need Oil and Potatoes at Building 7 fast.,Complaint
do 1kg pulses and 500g soap urgently.,Inquiry
please send 2 bread to cross road.,Complaint
please send 2 maggi to park view.,Ordering
Please send 2 Rice to Metro Station.,Ordering
"Order for Civil Lines: Oil, Coffee, and sugar.",Complaint
"Order for Lane 4: Maggi, Maggi, and sugar.",Ordering
do 1kg Pulses and 500g Paneer urgently.,Ordering
"Order for Near SBI Bank: Coke 2L, Maggi, and sugar.",Ordering
DO 1KG BREAD AND 500G COKE 2L URGENTLY.,Complaint
i ordered rice but you sent coke 2l instead. please check.,Complaint
Need Bread and Aata at Cross Road fast.,Ordering
send rice and salt to main road shop by evening.,Ordering
need sugar and detergent at lane 4 fast.,Ordering
do 1kg paneer and 500g oil urgently.,Ordering
need biscuits and coke 2l at tower a fast.,Ordering
send tea and soap to huda colony by evening.,Ordering
"order for park view: coke 2l, tea, and sugar.",Ordering
Please send 2 Shampoo to Near SBI Bank.,Inquiry
Need Honey and Eggs at Lane 4 fast.,Inquiry
"Order for Civil Lines: Coffee, Bread, and sugar.",Complaint
"order for lane 4: coffee, butter, and sugar.",Ordering
Send Sugar and Coffee to Metro Station by evening.,Ordering
Need Rice and Oil at Building 7 fast.,Inquiry
Send Coffee and Soap to Park View by evening.,Ordering
do 1kg Soap and 500g Milk urgently.,Inquiry
please send 2 detergent to park view.,Ordering
"Order for Near SBI Bank: Paneer, Milk, and sugar.",Ordering
Send Butter and Potatoes to Main Road Shop by evening.,Complaint
"Order for Main Road Shop: Aata, Oil, and sugar.",Ordering
"Order for Green Apartments: Detergent, Coffee, and sugar.",Complaint
please send 2 shampoo to civil lines.,Inquiry
"ORDER FOR NEAR SBI BANK: BREAD, CURD, AND SUGAR.",Ordering
"order for green apartments: bread, curd, and sugar.",Complaint
I ORDERED MILK BUT YOU SENT BISCUITS INSTEAD. PLEASE CHECK.,Ordering
i ordered soap but you sent soap instead. please check.,Ordering
Please send 2 Coffee to Tower A.,Ordering
"order for lane 4: maggi, honey, and sugar.",Ordering
"Order for Metro Station: Sugar, Shampoo, and sugar.",Ordering
Send Eggs and Curd to Cross Road by evening.,Logistics
need curd and honey at flat 102 fast.,Ordering
I ordered Tea but you sent Pulses instead. Please check.,Ordering
need curd and coffee at flat 102 fast.,Complaint
Please send 2 Milk to Flat 102.,Logistics
"Order for Metro Station: Rice, Sugar, and sugar.",Ordering
"Order for Tower A: Rice, Honey, and sugar.",Complaint
Need Coffee and Oil at Green Apartments fast.,Complaint
"Order for Park View: Salt, Detergent, and sugar.",Ordering
Send Detergent and Honey to Green Apartments by evening.,Logistics
"ORDER FOR MARKET AREA: POTATOES, CURD, AND SUGAR.",Ordering
do 1kg Tea and 500g Rice urgently.,Ordering
Need Shampoo and Rice at Pocket B fast.,Ordering
"Order for Flat 102: Sugar, Maggi, and sugar.",Ordering
please send 2 shampoo to pocket b.,Ordering
Need Paneer and Coffee at Building 7 fast.,Ordering
do 1kg curd and 500g butter urgently.,Ordering
do 1kg Salt and 500g Detergent urgently.,Complaint
SEND PULSES AND COKE 2L TO LANE 4 BY EVENING.,Ordering
need potatoes and eggs at lane 4 fast.,Ordering
"order for flat 102: shampoo, milk, and sugar.",Complaint
need biscuits and coke 2l at main road shop fast.,Complaint
NEED OIL AND TEA AT METRO STATION FAST.,Ordering
do 1kg Salt and 500g Rice urgently.,Ordering
Send Tea and Eggs to Near SBI Bank by evening.,Ordering
I ordered Rice but you sent Oil instead. Please check.,Ordering
Please send 2 Sugar to Flat 102.,Ordering
do 1kg Aata and 500g Honey urgently.,Ordering
I ordered Salt but you sent Coffee instead. Please check.,Ordering
NEED MILK AND MILK AT HUDA COLONY FAST.,Ordering
Please send 2 Tea to Market Area.,Ordering
Please send 2 Sugar to Green Apartments.,Inquiry
Need Shampoo and Salt at Flat 102 fast.,Ordering
"ORDER FOR FLAT 102: OIL, SUGAR, AND SUGAR.",Ordering
do 1kg detergent and 500g curd urgently.,Ordering
Send Curd and Aata to Park View by evening.,Ordering
I ORDERED PANEER BUT YOU SENT BUTTER INSTEAD. PLEASE CHECK.,Ordering
I ordered Tea but you sent Coke 2L instead. Please check.,Ordering
do 1kg Eggs and 500g Pulses urgently.,Logistics
Send Sugar and Milk to Civil Lines by evening.,Ordering
Need Salt and Biscuits at Pocket B fast.,Inquiry
i ordered shampoo but you sent potatoes instead. please check.,Ordering
do 1kg butter and 500g potatoes urgently.,Complaint
do 1kg detergent and 500g oil urgently.,Ordering
"Order for Sector 15: Aata, Paneer, and sugar.",Ordering
PLEASE SEND 2 DETERGENT TO GREEN APARTMENTS.,Ordering
"Order for Tower A: Maggi, Curd, and sugar.",Ordering
send coke 2l and paneer to metro station by evening.,Inquiry
"Order for Metro Station: Curd, Detergent, and sugar.",Ordering
NEED CURD AND TEA AT NEAR SBI BANK FAST.,Ordering
i ordered sugar but you sent honey instead. please check.,Ordering
Send Honey and Biscuits to Metro Station by evening.,Complaint
Send Shampoo and Pulses to Metro Station by evening.,Ordering
need aata and biscuits at park view fast.,Ordering
"order for market area: rice, potatoes, and sugar.",Inquiry
do 1kg butter and 500g detergent urgently.,Inquiry
I ordered Honey but you sent Rice instead. Please check.,Complaint
do 1kg Bread and 500g Paneer urgently.,Ordering
"Order for Near SBI Bank: Tea, Curd, and sugar.",Ordering
Need Rice and Curd at Park View fast.,Inquiry
"order for flat 102: pulses, oil, and sugar.",Ordering
I ordered Aata but you sent Honey instead. Please check.,Ordering
Please send 2 Detergent to Main Road Shop.,Complaint
Need Paneer and Rice at Huda Colony fast.,Complaint
"order for metro station: rice, milk, and sugar.",Complaint
please send 2 milk to tower a.,Ordering
SEND BISCUITS AND POTATOES TO TOWER A BY EVENING.,Complaint
Please send 2 Maggi to Cross Road.,Ordering
Need Coke 2L and Detergent at Metro Station fast.,Inquiry
NEED TEA AND PULSES AT TOWER A FAST.,Ordering
"Order for Pocket B: Detergent, Salt, and sugar.",Ordering
"ORDER FOR CROSS ROAD: POTATOES, PANEER, AND SUGAR.",Inquiry
I ordered Honey but you sent Pulses instead. Please check.,Ordering
Please send 2 Sugar to Sector 15.,Ordering
"ORDER FOR NEAR SBI BANK: BREAD, DETERGENT, AND SUGAR.",Complaint
do 1kg Honey and 500g Shampoo urgently.,Logistics
need honey and biscuits at market area fast.,Logistics
"Order for Metro Station: Curd, Shampoo, and sugar.",Ordering
i ordered tea but you sent curd instead. please check.,Ordering
send biscuits and oil to cross road by evening.,Ordering
do 1kg Aata and 500g Paneer urgently.,Ordering
Send Biscuits and Maggi to Cross Road by evening.,Ordering
"order for near sbi bank: detergent, curd, and sugar.",Ordering
Need Coke 2L and Pulses at Lane 4 fast.,Ordering
Need Eggs and Milk at Park View fast.,Ordering
"order for park view: bread, coke 2l, and sugar.",Ordering
PLEASE SEND 2 SOAP TO SECTOR 15.,Complaint
Please send 2 Biscuits to Main Road Shop.,Ordering
do 1kg salt and 500g honey urgently.,Ordering
PLEASE SEND 2 TEA TO NEAR SBI BANK.,Ordering
Please send 2 Coffee to Main Road Shop.,Ordering
i ordered sugar but you sent curd instead. please check.,Ordering
do 1kg Coffee and 500g Bread urgently.,Ordering
SEND CURD AND PANEER TO METRO STATION BY EVENING.,Ordering
send bread and bread to market area by evening.,Ordering
Send Paneer and Butter to Huda Colony by evening.,Complaint
"Order for Building 7: Honey, Oil, and sugar.",Ordering
please send 2 biscuits to near sbi bank.,Ordering
do 1kg Milk and 500g Eggs urgently.,Complaint
do 1kg Oil and 500g Biscuits urgently.,Complaint
Please send 2 Maggi to Market Area.,Ordering
I ordered Curd but you sent Shampoo instead. Please check.,Ordering
"ORDER FOR POCKET B: COKE 2L, SOAP, AND SUGAR.",Ordering
Send Coke 2L and Maggi to Huda Colony by evening.,Complaint
Send Paneer and Maggi to Sector 15 by evening.,Ordering
Please send 2 Paneer to Near SBI Bank.,Complaint
"order for park view: milk, coke 2l, and sugar.",Ordering
Need Butter and Paneer at Lane 4 fast.,Complaint
need paneer and bread at huda colony fast.,Complaint
"Order for Metro Station: Aata, Detergent, and sugar.",Inquiry
Send Sugar and Sugar to Building 7 by evening.,Ordering
send milk and pulses to near sbi bank by evening.,Ordering
Please send 2 Maggi to Main Road Shop.,Ordering
"Order for Huda Colony: Salt, Honey, and sugar.",Ordering
"Order for Flat 102: Detergent, Soap, and sugar.",Complaint
"order for pocket b: salt, oil, and sugar.",Complaint
I ordered Salt but you sent Aata instead. Please check.,Inquiry
NEED DETERGENT AND HONEY AT LANE 4 FAST.,Ordering
Need Bread and Eggs at Cross Road fast.,Complaint
"Order for Building 7: Sugar, Sugar, and sugar.",Logistics
"Order for Lane 4: Tea, Aata, and sugar.",Logistics
"Order for Pocket B: Salt, Coffee, and sugar.",Complaint
need rice and shampoo at civil lines fast.,Ordering
Send Pulses and Aata to Huda Colony by evening.,Complaint
Need Potatoes and Pulses at Metro Station fast.,Ordering
Send Oil and Honey to Green Apartments by evening.,Ordering
"Order for Flat 102: Bread, Soap, and sugar.",Ordering
Send Biscuits and Detergent to Near SBI Bank by evening.,Ordering
"Order for Near SBI Bank: Detergent, Bread, and sugar.",Complaint
do 1kg Rice and 500g Paneer urgently.,Ordering
do 1kg Maggi and 500g Biscuits urgently.,Ordering
Need Potatoes and Sugar at Tower A fast.,Inquiry
Please send 2 Coffee to Park View.,Ordering
need oil and paneer at tower a fast.,Ordering
"Order for Green Apartments: Potatoes, Rice, and sugar.",Ordering
Need Rice and Maggi at Tower A fast.,Inquiry
"ORDER FOR CROSS ROAD: SOAP, SALT, AND SUGAR.",Complaint
I ordered Curd but you sent Maggi instead. Please check.,Ordering
I ordered Sugar but you sent Butter instead. Please check.,Ordering
do 1kg Pulses and 500g Detergent urgently.,Ordering
do 1kg Curd and 500g Maggi urgently.,Ordering
do 1kg Detergent and 500g Coffee urgently.,Ordering
I ordered Oil but you sent Honey instead. Please check.,Inquiry
I ordered Oil but you sent Curd instead. Please check.,Ordering
"Order for Sector 15: Pulses, Sugar, and sugar.",Complaint
I ordered Salt but you sent Curd instead. Please check.,Ordering
Send Shampoo and Coffee to Pocket B by evening.,Ordering
send salt and shampoo to near sbi bank by evening.,Ordering
Send Coke 2L and Bread to Market Area by evening.,Ordering
NEED BREAD AND BUTTER AT TOWER A FAST.,Ordering
do 1kg Soap and 500g Salt urgently.,Ordering
Send Biscuits and Potatoes to Market Area by evening.,Ordering
NEED SALT AND SUGAR AT CIVIL LINES FAST.,Ordering
need coffee and tea at cross road fast.,Ordering
I ordered Salt but you sent Soap instead. Please check.,Ordering
need honey and pulses at civil lines fast.,Inquiry
"Order for Metro Station: Coke 2L, Tea, and sugar.",Complaint
Send Detergent and Honey to Civil Lines by evening.,Ordering
"ORDER FOR MARKET AREA: HONEY, COKE 2L, AND SUGAR.",Inquiry
Send Pulses and Salt to Huda Colony by evening.,Complaint
NEED SALT AND COKE 2L AT LANE 4 FAST.,Complaint
do 1kg Butter and 500g Sugar urgently.,Ordering
Please send 2 Paneer to Building 7.,Ordering
i ordered tea but you sent tea instead. please check.,Complaint
i ordered tea but you sent soap instead. please check.,Ordering
I ordered Sugar but you sent Shampoo instead. Please check.,Ordering
I ORDERED SALT BUT YOU SENT DETERGENT INSTEAD. PLEASE CHECK.,Complaint
"order for lane 4: sugar, shampoo, and sugar.",Logistics
"order for lane 4: oil, coffee, and sugar.",Ordering
send tea and shampoo to tower a by evening.,Ordering
"ORDER FOR LANE 4: PANEER, HONEY, AND SUGAR.",Complaint
do 1kg Eggs and 500g Bread urgently.,Ordering
I ordered Detergent but you sent Aata instead. Please check.,Complaint
Send Detergent and Eggs to Sector 15 by evening.,Ordering
Need Curd and Sugar at Sector 15 fast.,Ordering
"order for flat 102: pulses, paneer, and sugar.",Ordering
send maggi and soap to tower a by evening.,Ordering
need maggi and oil at park view fast.,Inquiry
do 1kg Detergent and 500g Coke 2L urgently.,Inquiry
do 1kg Detergent and 500g Rice urgently.,Ordering
do 1kg coffee and 500g butter urgently.,Ordering
Need Curd and Pulses at Flat 102 fast.,Ordering
I ordered Eggs but you sent Eggs instead. Please check.,Ordering
I ordered Paneer but you sent Maggi instead. Please check.,Inquiry
I ordered Pulses but you sent Sugar instead. Please check.,Ordering
"Order for Main Road Shop: Coffee, Eggs, and sugar.",Complaint
"Order for Cross Road: Curd, Coke 2L, and sugar.",Ordering
please send 2 butter to sector 15.,Ordering
do 1kg Eggs and 500g Sugar urgently.,Ordering
Send Shampoo and Coke 2L to Cross Road by evening.,Inquiry
Send Shampoo and Rice to Flat 102 by evening.,Ordering
NEED MILK AND PANEER AT FLAT 102 FAST.,Ordering
NEED BUTTER AND AATA AT TOWER A FAST.,Inquiry
Please send 2 Soap to Green Apartments.,Ordering
"order for park view: milk, milk, and sugar.",Ordering
do 1kg Paneer and 500g Potatoes urgently.,Ordering
"Order for Lane 4: Bread, Soap, and sugar.",Ordering
I ordered Soap but you sent Bread instead. Please check.,Ordering
"Order for Green Apartments: Salt, Soap, and sugar.",Complaint
"ORDER FOR BUILDING 7: BUTTER, RICE, AND SUGAR.",Ordering
please send 2 aata to metro station.,Ordering
Send Salt and Aata to Civil Lines by evening.,Ordering
do 1kg Potatoes and 500g Tea urgently.,Ordering
Send Soap and Butter to Pocket B by evening.,Ordering
do 1kg Shampoo and 500g Detergent urgently.,Ordering
Need Oil and Oil at Park View fast.,Ordering
Need Sugar and Soap at Metro Station fast.,Ordering
"Order for Lane 4: Detergent, Coffee, and sugar.",Ordering
Send Bread and Oil to Sector 15 by evening.,Ordering
Please send 2 Tea to Pocket B.,Complaint
Send Butter and Sugar to Lane 4 by evening.,Ordering
Send Detergent and Biscuits to Sector 15 by evening.,Complaint
Send Potatoes and Biscuits to Metro Station by evening.,Ordering
do 1kg Maggi and 500g Tea urgently.,Ordering
Send Rice and Pulses to Flat 102 by evening.,Ordering
do 1kg Coffee and 500g Aata urgently.,Complaint
do 1kg Soap and 500g Butter urgently.,Ordering
"Order for Cross Road: Paneer, Maggi, and sugar.",Ordering
Send Potatoes and Curd to Lane 4 by evening.,Ordering
SEND EGGS AND BISCUITS TO NEAR SBI BANK BY EVENING.,Ordering
Need Rice and Tea at Metro Station fast.,Ordering
Need Potatoes and Potatoes at Park View fast.,Ordering
I ORDERED PANEER BUT YOU SENT POTATOES INSTEAD. PLEASE CHECK.,Ordering
Need Honey and Eggs at Civil Lines fast.,Inquiry
do 1kg Biscuits and 500g Maggi urgently.,Inquiry
do 1kg Potatoes and 500g Sugar urgently.,Ordering
need bread and soap at lane 4 fast.,Ordering
Send Pulses and Sugar to Park View by evening.,Ordering
Send Aata and Pulses to Sector 15 by evening.,Ordering
"order for flat 102: pulses, tea, and sugar.",Ordering
"order for park view: eggs, eggs, and sugar.",Complaint
do 1kg Milk and 500g Bread urgently.,Ordering
I ORDERED HONEY BUT YOU SENT POTATOES INSTEAD. PLEASE CHECK.,Inquiry
I ordered Coffee but you sent Paneer instead. Please check.,Ordering
Please send 2 Bread to Huda Colony.,Logistics
send milk and shampoo to tower a by evening.,Ordering
send eggs and rice to main road shop by evening.,Inquiry
Please send 2 Salt to Market Area.,Complaint
need paneer and maggi at pocket b fast.,Ordering
Send Detergent and Milk to Market Area by evening.,Ordering
"Order for Building 7: Aata, Butter, and sugar.",Ordering
need curd and eggs at huda colony fast.,Ordering
"order for park view: aata, salt, and sugar.",Ordering
do 1kg Eggs and 500g Detergent urgently.,Inquiry
"order for park view: pulses, coke 2l, and sugar.",Complaint
do 1kg Maggi and 500g Soap urgently.,Complaint
do 1kg eggs and 500g potatoes urgently.,Ordering
do 1kg Soap and 500g Potatoes urgently.,Inquiry
Please send 2 Butter to Tower A.,Ordering
"Order for Building 7: Detergent, Oil, and sugar.",Complaint
"Order for Park View: Potatoes, Bread, and sugar.",Inquiry
I ordered Honey but you sent Eggs instead. Please check.,Ordering
Send Aata and Rice to Main Road Shop by evening.,Ordering
send soap and maggi to main road shop by evening.,Ordering
need paneer and coke 2l at green apartments fast.,Ordering
Send Bread and Soap to Tower A by evening.,Complaint
"Order for Near SBI Bank: Butter, Rice, and sugar.",Ordering
need maggi and tea at market area fast.,Inquiry
I ordered Honey but you sent Salt instead. Please check.,Ordering
do 1kg Milk and 500g Aata urgently.,Ordering
"Order for Tower A: Coffee, Rice, and sugar.",Ordering
do 1kg coke 2l and 500g shampoo urgently.,Ordering
do 1kg rice and 500g coffee urgently.,Complaint
Send Oil and Biscuits to Park View by evening.,Ordering
"order for near sbi bank: bread, coke 2l, and sugar.",Ordering
send tea and eggs to flat 102 by evening.,Ordering
do 1kg Coffee and 500g Milk urgently.,Inquiry
I ordered Coffee but you sent Salt instead. Please check.,Ordering
Need Paneer and Coke 2L at Cross Road fast.,Ordering
Need Salt and Oil at Building 7 fast.,Ordering
Need Milk and Soap at Tower A fast.,Ordering
Send Tea and Soap to Tower A by evening.,Ordering
Need Eggs and Rice at Civil Lines fast.,Complaint
DO 1KG COKE 2L AND 500G SOAP URGENTLY.,Ordering
do 1kg Potatoes and 500g Rice urgently.,Ordering
please send 2 rice to market area.,Ordering
"Order for Green Apartments: Shampoo, Biscuits, and sugar.",Ordering
Please send 2 Eggs to Park View.,Ordering
do 1kg Coffee and 500g Oil urgently.,Ordering
SEND BISCUITS AND HONEY TO HUDA COLONY BY EVENING.,Ordering
I ordered Milk but you sent Shampoo instead. Please check.,Complaint
Please send 2 Aata to Market Area.,Logistics
"order for cross road: potatoes, soap, and sugar.",Inquiry
Please send 2 Rice to Pocket B.,Ordering
"order for lane 4: sugar, salt, and sugar.",Ordering
"order for park view: rice, maggi, and sugar.",Ordering
need soap and soap at sector 15 fast.,Ordering
send maggi and milk to building 7 by evening.,Inquiry
Need Bread and Maggi at Pocket B fast.,Ordering
do 1kg soap and 500g tea urgently.,Ordering
Send Detergent and Rice to Civil Lines by evening.,Ordering
"Order for Sector 15: Soap, Paneer, and sugar.",Ordering
Send Butter and Soap to Cross Road by evening.,Ordering
"Order for Main Road Shop: Coke 2L, Coke 2L, and sugar.",Complaint
"Order for Pocket B: Aata, Detergent, and sugar.",Ordering
"Order for Market Area: Biscuits, Butter, and sugar.",Ordering
I ORDERED PULSES BUT YOU SENT POTATOES INSTEAD. PLEASE CHECK.,Complaint
I ordered Biscuits but you sent Sugar instead. Please check.,Complaint
DO 1KG OIL AND 500G CURD URGENTLY.,Ordering
do 1kg Potatoes and 500g Paneer urgently.,Ordering
please send 2 biscuits to lane 4.,Ordering
"Order for Cross Road: Detergent, Bread, and sugar.",Ordering
SEND PANEER AND BISCUITS TO TOWER A BY EVENING.,Complaint
do 1kg Curd and 500g Tea urgently.,Complaint
Need Curd and Shampoo at Flat 102 fast.,Inquiry
Need Tea and Rice at Market Area fast.,Ordering
"order for park view: tea, soap, and sugar.",Ordering
do 1kg Soap and 500g Sugar urgently.,Complaint
"Order for Pocket B: Curd, Eggs, and sugar.",Ordering
send paneer and biscuits to market area by evening.,Ordering
need aata and tea at lane 4 fast.,Ordering
"order for main road shop: detergent, potatoes, and sugar.",Ordering
please send 2 rice to green apartments.,Ordering
Send Milk and Biscuits to Pocket B by evening.,Ordering
I ordered Shampoo but you sent Coffee instead. Please check.,Inquiry
I ordered Rice but you sent Salt instead. Please check.,Ordering
"Order for Near SBI Bank: Maggi, Shampoo, and sugar.",Ordering
send bread and milk to lane 4 by evening.,Complaint
send tea and aata to green apartments by evening.,Complaint
Please send 2 Potatoes to Huda Colony.,Ordering
"Order for Near SBI Bank: Oil, Milk, and sugar.",Ordering
Need Salt and Shampoo at Building 7 fast.,Complaint
Need Shampoo and Eggs at Lane 4 fast.,Ordering
Need Bread and Bread at Near SBI Bank fast.,Inquiry
i ordered milk but you sent oil instead. please check.,Ordering
Need Coffee and Salt at Cross Road fast.,Inquiry
NEED BISCUITS AND EGGS AT METRO STATION FAST.,Ordering
Need Soap and Oil at Park View fast.,Ordering
Send Curd and Aata to Green Apartments by evening.,Ordering
need soap and paneer at building 7 fast.,Ordering
do 1kg Detergent and 500g Salt urgently.,Complaint
Send Eggs and Biscuits to Flat 102 by evening.,Complaint
Please send 2 Detergent to Civil Lines.,Ordering
do 1kg Detergent and 500g Shampoo urgently.,Inquiry
Please send 2 Paneer to Park View.,Complaint
need bread and maggi at cross road fast.,Inquiry
Need Aata and Rice at Flat 102 fast.,Complaint
Need Detergent and Paneer at Main Road Shop fast.,Ordering
please send 2 pulses to market area.,Ordering
send maggi and shampoo to tower a by evening.,Ordering
i ordered paneer but you sent milk instead. please check.,Ordering
Need Bread and Potatoes at Flat 102 fast.,Ordering
Send Pulses and Curd to Near SBI Bank by evening.,Ordering
"Order for Market Area: Shampoo, Aata, and sugar.",Ordering
NEED OIL AND CURD AT LANE 4 FAST.,Ordering
i ordered pulses but you sent shampoo instead. please check.,Complaint
"Order for Market Area: Maggi, Salt, and sugar.",Complaint
Please send 2 Coke 2L to Main Road Shop.,Ordering
"ORDER FOR METRO STATION: OIL, BISCUITS, AND SUGAR.",Ordering
"ORDER FOR CIVIL LINES: COFFEE, COFFEE, AND SUGAR.",Ordering
Send Shampoo and Soap to Flat 102 by evening.,Ordering
SEND PANEER AND COKE 2L TO PARK VIEW BY EVENING.,Complaint
Need Oil and Tea at Green Apartments fast.,Ordering
"Order for Pocket B: Soap, Milk, and sugar.",Ordering
"Order for Huda Colony: Potatoes, Sugar, and sugar.",Ordering
I ordered Oil but you sent Salt instead. Please check.,Ordering
i ordered aata but you sent sugar instead. please check.,Complaint
NEED BISCUITS AND PULSES AT METRO STATION FAST.,Ordering
Need Bread and Sugar at Lane 4 fast.,Ordering
need salt and biscuits at market area fast.,Ordering
Need Soap and Shampoo at Metro Station fast.,Complaint
do 1kg Biscuits and 500g Sugar urgently.,Inquiry
"Order for Market Area: Eggs, Paneer, and sugar.",Complaint
NEED OIL AND BISCUITS AT HUDA COLONY FAST.,Ordering
need shampoo and coke 2l at lane 4 fast.,Complaint
do 1kg Shampoo and 500g Honey urgently.,Ordering
Need Oil and Detergent at Metro Station fast.,Inquiry
do 1kg Coke 2L and 500g Salt urgently.,Inquiry
need potatoes and detergent at civil lines fast.,Ordering
I ordered Coke 2L but you sent Butter instead. Please check.,Inquiry
Need Curd and Bread at Flat 102 fast.,Ordering
Send Coffee and Coke 2L to Green Apartments by evening.,Ordering
please send 2 coffee to metro station.,Ordering
"Order for Building 7: Milk, Coke 2L, and sugar.",Complaint
do 1kg Oil and 500g Bread urgently.,Ordering
Please send 2 Pulses to Cross Road.,Ordering
please send 2 pulses to near sbi bank.,Complaint
Send Biscuits and Curd to Cross Road by evening.,Ordering
send salt and honey to lane 4 by evening.,Ordering
"ORDER FOR METRO STATION: RICE, HONEY, AND SUGAR.",Ordering
Send Curd and Salt to Near SBI Bank by evening.,Ordering
Need Rice and Paneer at Cross Road fast.,Logistics
"order for building 7: salt, tea, and sugar.",Ordering
Please send 2 Honey to Cross Road.,Logistics
Need Soap and Coke 2L at Huda Colony fast.,Inquiry
"ORDER FOR MARKET AREA: MILK, RICE, AND SUGAR.",Ordering
Please send 2 Soap to Pocket B.,Inquiry
I ordered Eggs but you sent Milk instead. Please check.,Ordering
Need Butter and Butter at Park View fast.,Ordering
Send Tea and Honey to Pocket B by evening.,Ordering
do 1kg Pulses and 500g Shampoo urgently.,Inquiry
I ORDERED BUTTER BUT YOU SENT MAGGI INSTEAD. PLEASE CHECK.,Inquiry
"ORDER FOR BUILDING 7: PULSES, BREAD, AND SUGAR.",Complaint
Send Coffee and Bread to Main Road Shop by evening.,Ordering
I ordered Honey but you sent Aata instead. Please check.,Ordering
need bread and milk at flat 102 fast.,Ordering
do 1kg butter and 500g bread urgently.,Ordering
do 1kg pulses and 500g pulses urgently.,Complaint
please send 2 butter to building 7.,Ordering
I ORDERED PULSES BUT YOU SENT HONEY INSTEAD. PLEASE CHECK.,Ordering
send potatoes and maggi to sector 15 by evening.,Ordering
Need Coke 2L and Bread at Flat 102 fast.,Ordering
"Order for Cross Road: Butter, Aata, and sugar.",Inquiry
I ordered Honey but you sent Sugar instead. Please check.,Ordering
Need Milk and Sugar at Pocket B fast.,Inquiry
send maggi and potatoes to park view by evening.,Complaint
Send Salt and Eggs to Near SBI Bank by evening.,Ordering
Need Tea and Maggi at Flat 102 fast.,Complaint
"Order for Pocket B: Biscuits, Detergent, and sugar.",Ordering
send butter and curd to sector 15 by evening.,Complaint
Need Biscuits and Oil at Cross Road fast.,Ordering
"Order for Near SBI Bank: Maggi, Salt, and sugar.",Ordering
PLEASE SEND 2 TEA TO BUILDING 7.,Ordering
SEND EGGS AND COFFEE TO TOWER A BY EVENING.,Complaint
Please send 2 Coke 2L to Huda Colony.,Ordering
"Order for Metro Station: Sugar, Coke 2L, and sugar.",Ordering
Send Shampoo and Butter to Pocket B by evening.,Ordering
DO 1KG SHAMPOO AND 500G PANEER URGENTLY.,Ordering
"Order for Lane 4: Pulses, Butter, and sugar.",Ordering
Send Pulses and Rice to Sector 15 by evening.,Ordering
Need Soap and Rice at Cross Road fast.,Ordering
Send Aata and Shampoo to Lane 4 by evening.,Ordering
please send 2 biscuits to sector 15.,Complaint
"Order for Metro Station: Coffee, Eggs, and sugar.",Ordering
i ordered maggi but you sent potatoes instead. please check.,Ordering
i would like to buy oil,Ordering
Salt pack kar k rakhna,Ordering
repeat kal wala same order,Ordering
do packet sabun bhej do,Ordering
bhaiya 2 aata bhej do,Ordering
order for office : ek kilo paneer,Ordering
send butter guard ko fast तक,Ordering
book my order for bread,Ordering
send milk gate par kal तक,Ordering
repeat kal wala same order fast,Ordering
please pack flour nicely,Ordering
order for gate par : 3 tel,Ordering
bhaiya thoda biscuits dal do order me bhaiya,Ordering
i would like to buy salt,Ordering
order for office : 1 packet tel,Ordering
send sabun gate par aaj तक,Ordering
kurkure pack kar k rakhna,Ordering
add 3 chini to my cart,Ordering
i would like to buy shampoo,Ordering
hey 3 milk bhej do,Ordering
bhaiya 1 packet shampoo dal do order me,Ordering
mujhe aata chahiye,Ordering
order for market : 3 oil,Ordering
send kurkure gate par morning तक,Ordering
hey 4 flour bhej do,Ordering
order for civil lines : bahut saara maggi,Ordering
aata pack kar k rakhna,Ordering
order for office : 1kg bread,Ordering
3 biscuit bhej do,Ordering
i would like to buy biscuits bhaiya,Ordering
send sugar shop pe 10 min mein तक bhaiya,Ordering
doodh pack kar k rakhna please,Ordering
book my order for milk jaldi,Ordering
mujhe tel chahiye fast,Ordering
bhaiya 10 shampoo dal do order me,Ordering
order for shop pe : thoda chini,Ordering
bhaiya 500g rice dal do order me,Ordering
500g chips bhej do bhaiya,Ordering
order for ghar pe : 1 packet chawal,Ordering
bhaiya do packet biscuits dal do order me,Ordering
please pack paneer nicely,Ordering
send tel guard ko aaj तक,Ordering
please pack aata nicely,Ordering
add 2 milk to my cart,Ordering
add 10 biscuits to my cart please,Ordering
repeat kal wala same order bhai,Ordering
oil pack kar k rakhna,Ordering
add 4 namak to my cart,Ordering
bhaiya 3 tel dal do order me,Ordering
i would like to buy biscuit,Ordering
book my order for sugar,Ordering
please pack maggi nicely bhai,Ordering
bhaiya 3 paneer dal do order me,Ordering
please pack sabun nicely bhaiya,Ordering
bhaiya do packet rice dal do order me urgent,Ordering
madam bahut saara chini bhej do,Ordering
mujhe flour chahiye bhaiya,Ordering
send aata ghar pe aaj तक,Ordering
add 1 kurkure to my cart,Ordering
book my order for maggi,Ordering
mujhe salt chahiye,Ordering
add thoda bread to my cart bhai,Ordering
repeat kal wala same order please,Ordering
order for office : 1 packet rice,Ordering
bhaiya 10 paneer dal do order me,Ordering
order for sector 15 : do packet biscuits,Ordering
bhaiya thoda chips dal do order me,Ordering
i would like to buy biscuits fast,Ordering
Order for civil lines : 2kg chips,Ordering
bhaiya 10 flour bhej do,Ordering
mujhe paneer chahiye bhai,Ordering
send sabun gate par fast तक please,Ordering
order for ghar pe : 1 packet flour,Ordering
mujhe paneer chahiye,Ordering
namaste 10 chini bhej do,Ordering
order for gate par : 5 flour,Ordering
book my order for maggi fast,Ordering
listen 4 tel bhej do,Ordering
hey do packet doodh bhej do bhaiya,Ordering
add 4 sugar to my cart,Ordering
please pack soap nicely bhai,Ordering
i would like to buy chawal,Ordering
please pack soap nicely,Ordering
mujhe biscuit chahiye,Ordering
milk pack kar k rakhna,Ordering
add 10 chawal to my cart,Ordering
bhaiya 1 sugar dal do order me,Ordering
mujhe biscuits chahiye,Ordering
order for ghar pe : 5 chips urgent,Ordering
mujhe shampoo chahiye,Ordering
send namak ghar pe kal तक,Ordering
send rice sector 15 kal तक urgent,Ordering
mujhe butter chahiye,Ordering
please pack chawal nicely,Ordering
bread pack kar k rakhna,Ordering
book my order for paneer,Ordering
mujhe sugar chahiye,Ordering
listen do packet sugar bhej do,Ordering
send salt ghar pe abhi तक,Ordering
bhaiya 1kg chini dal do order me,Ordering
send paneer guard ko abhi तक,Ordering
order for building 7 : 1 flour,Ordering
book my order for soap,Ordering
please pack flour nicely bhaiya,Ordering
send biscuits guard ko aaj तक jaldi,Ordering
order for market : 10 soap,Ordering
send doodh building 7 10 min mein तक,Ordering
add 500g chawal to my cart please,Ordering
please pack tel nicely,Ordering
bhaiya 5 biscuit dal do order me urgent,Ordering
bhaiya 10 soap bhej do,Ordering
aata pack kar k rakhna bhai,Ordering
send milk guard ko morning तक,Ordering
book my order for biscuit,Ordering
tel pack kar k rakhna,Ordering
book my order for butter,Ordering
i would like to buy bread please,Ordering
i would like to buy chips,Ordering
Namak pack kar k rakhna bhaiya,Ordering
mujhe kurkure chahiye,Ordering
order for ghar pe : 5 chini bhai,Ordering
add 1 tel to my cart,Ordering
bhaiya 1 bread dal do order me,Ordering
mujhe namak chahiye,Ordering
i would like to buy maggi,Ordering
i would like to buy tel,Ordering
mujhe butter chahiye bhai,Ordering
send sabun civil lines kal तक,Ordering
please pack salt nicely,Ordering
chini pack kar k rakhna,Ordering
i would like to buy soap,Ordering
send biscuits ghar pe evening तक,Ordering
mujhe namak chahiye urgent,Ordering
add 4 milk to my cart,Ordering
send biscuit office urgent तक,Ordering
i would like to buy bread,Ordering
send rice civil lines fast तक,Ordering
ek kilo milk bhej do,Ordering
send chawal shop pe jaldi तक,Ordering
add 10 flour to my cart,Ordering
bhaiya 2kg flour dal do order me,Ordering
Hey 2kg paneer bhej do,Ordering
listen 3 aata bhej do,Ordering
i would like to buy paneer fast,Ordering
biscuits pack kar k rakhna,Ordering
order for shop pe : 2kg shampoo,Ordering
order for civil lines : 10 chawal,Ordering
mujhe maggi chahiye bhai,Ordering
very bad service,Complaint
ghatiya quality hai bhai,Complaint
ghatiya quality hai,Complaint
bhaiya the paneer is fata hua,Complaint
missing item in order,Complaint
biscuit bahut expired tha,Complaint
oil bahut ganda tha,Complaint
biscuits bahut bekaar tha bhaiya,Complaint
i want a replacement,Complaint
missing item in order bhaiya,Complaint
soap wapas le jao,Complaint
doodh wapas le jao,Complaint
tel wapas le jao,Complaint
paisa wapas karo,Complaint
mujhe wrong item mila hai urgent,Complaint
bhaiya the sugar is wrong,Complaint
very bad service bhai,Complaint
mujhe wrong item mila hai,Complaint
mera tel incomplete hai,Complaint
bhaiya the oil is leak kar raha please,Complaint
fata packet nikla,Complaint
mera butter incomplete hai,Complaint
doodh wapas le jao bhai,Complaint
yeh chini toh fata hua hai,Complaint
Doodh bahut fata hua tha,Complaint
paisa wapas karo bhaiya,Complaint
mera namak incomplete hai,Complaint
bread wapas le jao,Complaint
refund chahiye mujhe,Complaint
why did you send poor quality flour,Complaint
why did you send wrong milk,Complaint
complaint karni hai,Complaint
I want a replacement jaldi,Complaint
mujhe wrong item mila hai fast,Complaint
yeh chips toh expired hai,Complaint
mera sugar incomplete hai,Complaint
yeh sabun toh smelling bad hai,Complaint
kurkure wapas le jao urgent,Complaint
i want a replacement fast,Complaint
maggi bahut poor quality tha,Complaint
bhaiya the paneer is poor quality,Complaint
rice wapas le jao,Complaint
chips wapas le jao,Complaint
yeh milk toh smelling bad hai,Complaint
mera tel incomplete hai bhaiya,Complaint
why did you send leak kar raha doodh?,Complaint
Butter wapas le jao,Complaint
mera chips incomplete hai,Complaint
sugar bahut fata hua tha,Complaint
why did you send smelling bad soap,Complaint
why did you send bekaar kurkure fast,Complaint
yeh tel toh poor quality hai,Complaint
namak wapas le jao,Complaint
why did you send bahut bura salt? jaldi,Complaint
oil bahut wrong tha,Complaint
bhaiya the rice is fata hua,Complaint
ghatiya quality hai fast,Complaint
oil wapas le jao,Complaint
missing item in order jaldi,Complaint
aata wapas le jao bhaiya,Complaint
maggi bahut bekaar tha,Complaint
paisa wapas karo urgent,Complaint
why did you send ganda kurkure,Complaint
paneer bahut fata hua tha,Complaint
mera bread incomplete hai,Complaint
complaint karni hai fast,Complaint
missing item in order fast,Complaint
why did you send kharab chips,Complaint
chips bahut ganda tha,Complaint
Bhaiya the oil is fata hua,Complaint
doodh bahut wrong tha,Complaint
namak bahut smelling bad tha,Complaint
biscuit bahut poor quality tha please,Complaint
bhaiya the maggi is leak kar raha,Complaint
mera butter incomplete hai bhai,Complaint
missing item in order urgent,Complaint
aata wapas le jao,Complaint
yeh aata toh kharab hai,Complaint
why did you send smelling bad sabun,Complaint
bhaiya the salt is expired,Complaint
i want a replacement bhaiya,Complaint
mera milk incomplete hai,Complaint
mera flour incomplete hai,Complaint
fata packet nikla bhaiya,Complaint
why did you send bahut bura aata,Complaint
sugar bahut kharab tha,Complaint
mera kurkure incomplete hai,Complaint
oil bahut kharab tha,Complaint
yeh chawal toh ganda hai,Complaint
yeh maggi toh expired hai,Complaint
bhaiya the biscuit is expired,Complaint
fata packet nikla fast,Complaint
complaint karni hai bhaiya,Complaint
yeh biscuits toh expired hai,Complaint
butter bahut expired tha,Complaint
bhaiya the sugar is fata hua,Complaint
yeh biscuit toh leak kar raha hai,Complaint
yeh rice toh wrong hai,Complaint
yeh biscuits toh bahut bura hai,Complaint
why did you send bahut bura biscuits?,Complaint
i want a replacement bhai,Complaint
salt bahut expired tha,Complaint
mera oil incomplete hai,Complaint
kurkure bahut kharab tha,Complaint
mera biscuits incomplete hai,Complaint
why did you send bekaar bread?,Complaint
yeh chips toh wrong hai,Complaint
why did you send bahut bura bread,Complaint
yeh biscuit toh bahut bura hai,Complaint
why did you send bahut bura soap?,Complaint
tel bahut wrong tha,Complaint
yeh biscuit toh smelling bad hai,Complaint
salt bahut bahut bura tha,Complaint
bhaiya the namak is kharab,Complaint
bhaiya the biscuits is smelling bad,Complaint
yeh kurkure toh leak kar raha hai,Complaint
bhaiya the sugar is smelling bad fast,Complaint
yeh milk toh expired hai jaldi,Complaint
why did you send poor quality chini,Complaint
salt bahut poor quality tha,Complaint
why did you send fata hua kurkure?,Complaint
why did you send bahut bura shampoo,Complaint
mera paneer incomplete hai,Complaint
very bad service fast,Complaint
yeh flour toh expired hai,Complaint
why did you send wrong oil,Complaint
bhaiya the chawal is smelling bad,Complaint
maggi bahut leak kar raha tha,Complaint
bhaiya the salt is poor quality please,Complaint
bhaiya the sabun is smelling bad,Complaint
sabun wapas le jao,Complaint
complaint karni hai please,Complaint
why did you send smelling bad aata?,Complaint
biscuit bahut fata hua tha,Complaint
sabun bahut smelling bad tha urgent,Complaint
why did you send bekaar rice?,Complaint
bhaiya the doodh is leak kar raha,Complaint
why did you send bekaar milk?,Complaint
why did you send leak kar raha tel?,Complaint
why did you send smelling bad namak?,Complaint
bhaiya the oil is smelling bad,Complaint
refund chahiye mujhe fast,Complaint
i want a replacement urgent,Complaint
why did you send poor quality salt,Complaint
ghatiya quality hai urgent,Complaint
mera soap incomplete hai,Complaint
milk wapas le jao please,Complaint
bhaiya the shampoo is bekaar please,Complaint
maggi bahut fata hua tha,Complaint
Maggi wapas le jao,Complaint
fata packet nikla bhai,Complaint
yeh chawal toh smelling bad hai,Complaint
bhaiya the flour is ganda please,Complaint
yeh doodh toh kharab hai,Complaint
mera shampoo incomplete hai,Complaint
why did you send poor quality chawal,Complaint
ghatiya quality hai bhaiya,Complaint
why did you send bekaar soap? fast,Complaint
yeh kurkure toh bekaar hai,Complaint
yeh salt toh fata hua hai please,Complaint
butter bahut poor quality tha,Complaint
yeh shampoo toh smelling bad hai,Complaint
bhaiya the oil is kharab,Complaint
bhaiya the chini is smelling bad,Complaint
salt bahut kharab tha please,Complaint
milk bahut leak kar raha tha,Complaint
very bad service bhaiya,Complaint
salt bahut smelling bad tha,Complaint
bhaiya the biscuit is poor quality,Complaint
bhaiya the paneer is smelling bad,Complaint
yeh butter toh ganda hai,Complaint
oil bahut fata hua tha,Complaint
yeh rice toh poor quality hai bhaiya,Complaint
paneer wapas le jao,Complaint
biscuits wapas le jao,Complaint
why did you send poor quality milk,Complaint
Why did you send ganda butter please,Complaint
sabun bahut leak kar raha tha,Complaint
refund chahiye mujhe urgent,Complaint
sabun bahut ganda tha jaldi,Complaint
shampoo bahut bekaar tha,Complaint
why did you send wrong biscuit,Complaint
chips bahut kharab tha urgent,Complaint
why did you send expired kurkure urgent,Complaint
bhaiya the milk is bekaar bhaiya,Complaint
very bad service urgent,Complaint
bhaiya the soap is smelling bad,Complaint
bhaiya the tel is leak kar raha,Complaint
why did you send expired bread?,Complaint
Yeh chini toh poor quality hai,Complaint
bhaiya the kurkure is ganda,Complaint
bhaiya the flour is ganda,Complaint
yeh soap toh leak kar raha hai jaldi,Complaint
refund chahiye mujhe jaldi,Complaint
Fata packet nikla jaldi,Complaint
oil bahut poor quality tha,Complaint
Bhaiya the soap is bahut bura,Complaint
soap bahut kharab tha,Complaint
Very bad service jaldi,Complaint
oil bahut bahut bura tha,Complaint
Yeh aata toh wrong hai fast,Complaint
mera butter incomplete hai urgent,Complaint
mera biscuit incomplete hai,Complaint
why did you send poor quality tel?,Complaint
mera chawal incomplete hai,Complaint
salt bahut bekaar tha,Complaint
yeh milk toh leak kar raha hai,Complaint
bhaiya the chips is poor quality,Complaint
bhaiya the chawal is leak kar raha,Complaint
flour bahut smelling bad tha,Complaint
bhaiya the chips is expired,Complaint
mera paneer incomplete hai urgent,Complaint
mera tel incomplete hai jaldi,Complaint
yeh soap toh bekaar hai,Complaint
sugar bahut wrong tha bhai,Complaint
kurkure bahut ganda tha,Complaint
bhaiya the namak is bekaar bhaiya,Complaint
mera salt incomplete hai,Complaint
yeh flour toh bekaar hai,Complaint
why did you send bekaar oil urgent,Complaint
why did you send poor quality paneer?,Complaint
doodh bahut leak kar raha tha,Complaint
Why did you send kharab flour,Complaint
very bad service please,Complaint
rice bahut bekaar tha,Complaint
why did you send wrong rice?,Complaint
milk wapas le jao,Complaint
mera biscuits incomplete hai urgent,Complaint
bhaiya the chips is ganda,Complaint
ghatiya quality hai jaldi,Complaint
bhaiya the butter is fata hua,Complaint
bhaiya the maggi is poor quality,Complaint
Mujhe wrong item mila hai bhai,Complaint
yeh bread toh bahut bura hai,Complaint
i want a replacement please,Complaint
yeh flour toh fata hua hai,Complaint
Butter bahut wrong tha,Complaint
bhaiya the sugar is smelling bad,Complaint
bhaiya the maggi is smelling bad bhai,Complaint
paisa wapas karo jaldi,Complaint
yeh salt toh leak kar raha hai,Complaint
shampoo wapas le jao,Complaint
yeh oil toh expired hai,Complaint
why did you send bekaar butter,Complaint
why did you send expired chini?,Complaint
why did you send poor quality namak?,Complaint
milk wapas le jao bhaiya,Complaint
why did you send bekaar shampoo?,Complaint
mera namak incomplete hai urgent,Complaint
bhaiya the shampoo is expired,Complaint
yeh kurkure toh expired hai,Complaint
sabun bahut bekaar tha bhai,Complaint
why did you send leak kar raha chini?,Complaint
mera aata incomplete hai,Complaint
chini bahut poor quality tha,Complaint
why did you send smelling bad biscuit,Complaint
chini bahut smelling bad tha,Complaint
missing item in order please,Complaint
kurkure bahut fata hua tha urgent,Complaint
soap wapas le jao bhai,Complaint
refund chahiye mujhe bhaiya,Complaint
paisa wapas karo fast,Complaint
why did you send leak kar raha flour,Complaint
yeh soap toh kharab hai,Complaint
milk wapas le jao jaldi,Complaint
sabun bahut bahut bura tha jaldi,Complaint
yeh chawal toh wrong hai,Complaint
why did you send bekaar sugar,Complaint
yeh maggi toh smelling bad hai,Complaint
why did you send ganda tel?,Complaint
bhaiya the namak is poor quality,Complaint
yeh sabun toh kharab hai,Complaint
kurkure bahut bahut bura tha bhaiya,Complaint
yeh milk toh kharab hai,Complaint
paisa wapas karo please,Complaint
why did you send expired milk?,Complaint
yeh sugar toh kharab hai,Complaint
missing item in order bhai,Complaint
complaint karni hai urgent,Complaint
why did you send smelling bad chawal,Complaint
fata packet nikla please,Complaint
why did you send fata hua chips,Complaint
bread bahut expired tha,Complaint
Yeh soap toh ganda hai please,Complaint
mujhe wrong item mila hai please,Complaint
oil bahut expired tha,Complaint
mera biscuit incomplete hai jaldi,Complaint
sugar bahut leak kar raha tha,Complaint
chini wapas le jao,Complaint
yeh flour toh bahut bura hai urgent,Complaint
why did you send fata hua oil?,Complaint
yeh tel toh bekaar hai,Complaint
shampoo wapas le jao jaldi,Complaint
salt bahut kharab tha,Complaint
yeh maggi toh poor quality hai,Complaint
Bhaiya the namak is leak kar raha,Complaint
bhaiya the maggi is poor quality bhai,Complaint
why did you send bahut bura sugar,Complaint
bhaiya the namak is bahut bura,Complaint
aata bahut fata hua tha,Complaint
why did you send ganda butter jaldi,Complaint
doodh bahut kharab tha,Complaint
rice wapas le jao bhai,Complaint
why did you send fata hua oil,Complaint
yeh shampoo toh ganda hai,Complaint
bhaiya the butter is ganda,Complaint
why did you send bahut bura paneer?,Complaint
bhaiya the salt is wrong,Complaint
why did you send wrong paneer? bhai,Complaint
why did you send ganda bread?,Complaint
oil wapas le jao bhaiya,Complaint
why did you send wrong sugar,Complaint
yeh chips toh bekaar hai,Complaint
tel bahut fata hua tha please,Complaint
mera sabun incomplete hai,Complaint
why did you send bekaar salt,Complaint
namak wapas le jao fast,Complaint
yeh butter toh fata hua hai,Complaint
yeh biscuits toh ganda hai,Complaint
milk bahut expired tha,Complaint
maggi bahut expired tha,Complaint
oil bahut bahut bura tha urgent,Complaint
yeh salt toh expired hai,Complaint
mera chips incomplete hai bhaiya,Complaint
Doodh bahut expired tha,Complaint
why did you send fata hua butter,Complaint
yeh shampoo toh leak kar raha hai please,Complaint
yeh tel toh leak kar raha hai fast,Complaint
bhaiya the aata is bahut bura bhaiya,Complaint
bhaiya the tel is expired,Complaint
yeh salt toh bahut bura hai,Complaint
bhaiya the maggi is kharab,Complaint
yeh milk toh poor quality hai,Complaint
why did you send ganda chawal?,Complaint
doodh bahut ganda tha,Complaint
bhaiya the sabun is ganda bhai,Complaint
yeh bread toh kharab hai,Complaint
why did you send wrong chawal,Complaint
yeh sabun toh fata hua hai jaldi,Complaint
bhaiya the paneer is bahut bura bhai,Complaint
yeh doodh toh poor quality hai,Complaint
bhaiya the maggi is expired,Complaint
bhaiya the soap is poor quality,Complaint
rice wapas le jao urgent,Complaint
why did you send poor quality rice,Complaint
bhaiya the kurkure is bekaar,Complaint
biscuit wapas le jao,Complaint
why did you send bekaar biscuit,Complaint
Complaint karni hai bhai,Complaint
soap bahut leak kar raha tha,Complaint
biscuit bahut wrong tha,Complaint
maggi bahut smelling bad tha,Complaint
why did you send kharab soap?,Complaint
mera doodh incomplete hai,Complaint
biscuit wapas le jao please,Complaint
yeh biscuit toh leak kar raha hai bhaiya,Complaint
why did you send expired biscuits,Complaint
namak bahut bekaar tha jaldi,Complaint
chips bahut bahut bura tha,Complaint
mera chini incomplete hai,Complaint
why did you send bahut bura oil,Complaint
chawal wapas le jao,Complaint
why did you send poor quality rice? fast,Complaint
why did you send smelling bad chini,Complaint
sabun bahut bekaar tha,Complaint
milk bahut fata hua tha,Complaint
why did you send bekaar milk,Complaint
aata bahut bahut bura tha fast,Complaint
Why did you send poor quality chips,Complaint
bhaiya the sugar is bahut bura bhaiya,Complaint
bhaiya the maggi is fata hua,Complaint
why did you send bahut bura salt?,Complaint
paisa wapas karo bhai,Complaint
sugar wapas le jao,Complaint
soap bahut smelling bad tha,Complaint
chini bahut fata hua tha,Complaint
why did you send fata hua shampoo bhai,Complaint
why did you send ganda rice,Complaint
yeh namak toh expired hai,Complaint
why did you send expired salt?,Complaint
why did you send poor quality sabun,Complaint
yeh shampoo toh fata hua hai,Complaint
mujhe wrong item mila hai bhaiya,Complaint
mera maggi incomplete hai,Complaint
refund chahiye mujhe bhai,Complaint
Yeh salt toh bekaar hai,Complaint
bhaiya the chini is bahut bura,Complaint
chini bahut leak kar raha tha,Complaint
why did you send poor quality sugar? bhai,Complaint
chawal bahut fata hua tha,Complaint
Bhaiya the salt is bekaar,Complaint
Bhaiya the chawal is expired,Complaint
soap bahut bekaar tha,Complaint
bhaiya the flour is kharab,Complaint
bhaiya the bread is bekaar,Complaint
bhaiya the aata is kharab urgent,Complaint
Why did you send bekaar shampoo? jaldi,Complaint
bhaiya the biscuits is wrong please,Complaint
why did you send bekaar chawal,Complaint
why did you send poor quality doodh? fast,Complaint
why did you send poor quality bread,Complaint
mujhe wrong item mila hai jaldi,Complaint
bread bahut bahut bura tha,Complaint
why did you send expired milk,Complaint
biscuit bahut smelling bad tha,Complaint
sabun bahut kharab tha,Complaint
bhaiya the milk is ganda,Complaint
flour wapas le jao,Complaint
why did you send wrong namak?,Complaint
bhaiya the soap is wrong bhai,Complaint
mera salt incomplete hai jaldi,Complaint
bhaiya the soap is wrong bhaiya,Complaint
biscuits bahut poor quality tha,Complaint
why did you send expired kurkure? jaldi,Complaint
yeh flour toh kharab hai,Complaint
biscuits bahut smelling bad tha,Complaint
yeh salt toh ganda hai bhaiya,Complaint
yeh chini toh bekaar hai,Complaint
bhaiya the soap is ganda,Complaint
yeh soap toh poor quality hai,Complaint
yeh flour toh leak kar raha hai,Complaint
salt bahut wrong tha,Complaint
why did you send kharab doodh,Complaint
Bhaiya the biscuits is bekaar,Complaint
yeh chini toh leak kar raha hai,Complaint
Why did you send fata hua chips? fast,Complaint
salt wapas le jao,Complaint
yeh rice toh wrong hai fast,Complaint
why did you send wrong rice bhai,Complaint
rice bahut bahut bura tha fast,Complaint
aata bahut expired tha,Complaint
complaint karni hai jaldi,Complaint
yeh biscuit toh smelling bad hai bhai,Complaint
why did you send kharab biscuit,Complaint
why did you send bahut bura butter,Complaint
yeh maggi toh kharab hai please,Complaint
yeh sugar toh smelling bad hai,Complaint
bhaiya the kurkure is wrong,Complaint
Yeh kurkure toh fata hua hai,Complaint
bhaiya the soap is wrong,Complaint
bhaiya the kurkure is bekaar urgent,Complaint
Bhaiya the milk is wrong,Complaint
chini bahut bahut bura tha,Complaint
mera biscuits incomplete hai bhai,Complaint
why did you send bahut bura doodh jaldi,Complaint
yeh kurkure toh wrong hai,Complaint
yeh aata toh ganda hai,Complaint
yeh namak toh wrong hai,Complaint
why did you send bekaar sugar?,Complaint
ghatiya quality hai please,Complaint
Why did you send ganda sugar,Complaint
mera shampoo incomplete hai jaldi,Complaint
soap bahut bahut bura tha,Complaint
yeh chips toh bahut bura hai bhai,Complaint
yeh namak toh fata hua hai,Complaint
oil bahut smelling bad tha,Complaint
yeh rice toh leak kar raha hai,Complaint
why did you send smelling bad bread?,Complaint
Bhaiya the oil is wrong,Complaint
bhaiya the sabun is ganda bhaiya,Complaint
yeh tel toh bahut bura hai,Complaint
bhaiya the biscuits is wrong,Complaint
why did you send kharab rice,Complaint
soap bahut fata hua tha,Complaint
tel bahut kharab tha,Complaint
bhaiya the tel is smelling bad,Complaint
yeh rice toh expired hai,Complaint
milk bahut wrong tha fast,Complaint
chini bahut ganda tha,Complaint
yeh chips toh bahut bura hai,Complaint
yeh aata toh fata hua hai,Complaint
biscuit bahut poor quality tha,Complaint
yeh rice toh bekaar hai,Complaint
yeh chawal toh smelling bad hai please,Complaint
yeh salt toh ganda hai,Complaint
yeh sugar toh bekaar hai,Complaint
fata packet nikla urgent,Complaint
why did you send leak kar raha kurkure,Complaint
mera oil incomplete hai bhai,Complaint
yeh bread toh poor quality hai please,Complaint
why did you send wrong chini,Complaint
yeh tel toh leak kar raha hai,Complaint
yeh maggi toh poor quality hai please,Complaint
why did you send wrong soap?,Complaint
kurkure wapas le jao,Complaint
yeh aata toh leak kar raha hai,Complaint
yeh sabun toh bahut bura hai,Complaint
yeh kurkure toh kharab hai bhai,Complaint
maggi bahut kharab tha,Complaint
sabun bahut kharab tha jaldi,Complaint
salt bahut ganda tha,Complaint
yeh sugar toh kharab hai jaldi,Complaint
why did you send leak kar raha shampoo,Complaint
bhaiya the biscuits is bahut bura,Complaint
yeh doodh toh leak kar raha hai please,Complaint
Bhaiya the tel is ganda,Complaint
yeh biscuits toh poor quality hai,Complaint
yeh doodh toh bahut bura hai urgent,Complaint
soap bahut ganda tha bhaiya,Complaint
bhaiya the biscuits is kharab,Complaint
why did you send poor quality paneer,Complaint
why did you send poor quality milk?,Complaint
paneer bahut smelling bad tha,Complaint
biscuit bahut leak kar raha tha,Complaint
shampoo bahut smelling bad tha bhaiya,Complaint
yeh salt toh kharab hai,Complaint
biscuit bahut bahut bura tha,Complaint
bhaiya the namak is smelling bad please,Complaint
why did you send bahut bura doodh,Complaint
bhaiya the shampoo is smelling bad,Complaint
oil bahut leak kar raha tha,Complaint
yeh biscuit toh poor quality hai fast,Complaint
kurkure bahut poor quality tha fast,Complaint
why did you send bekaar soap?,Complaint
mera kurkure incomplete hai bhaiya,Complaint
bhaiya the chini is smelling bad bhaiya,Complaint
chini bahut leak kar raha tha fast,Complaint
bhaiya the paneer is wrong,Complaint
why did you send expired aata,Complaint
biscuits bahut bahut bura tha,Complaint
why did you send poor quality chawal jaldi,Complaint
refund chahiye mujhe please,Complaint
aata bahut bekaar tha jaldi,Complaint
yeh butter toh smelling bad hai,Complaint
bhaiya the aata is poor quality,Complaint
why did you send smelling bad sugar?,Complaint
why did you send leak kar raha flour? jaldi,Complaint
namak bahut expired tha,Complaint
why did you send leak kar raha chawal?,Complaint
chini wapas le jao urgent,Complaint
mera aata incomplete hai urgent,Complaint
yeh doodh toh leak kar raha hai,Complaint
kurkure bahut bahut bura tha,Complaint
yeh butter toh expired hai,Complaint
bread wapas le jao jaldi,Complaint
why did you send expired biscuit?,Complaint
mera rice incomplete hai,Complaint
yeh maggi toh bekaar hai,Complaint
why did you send smelling bad sugar? fast,Complaint
maggi bahut ganda tha,Complaint
bhaiya the bread is wrong,Complaint
yeh sabun toh bekaar hai,Complaint
bhaiya the soap is kharab jaldi,Complaint
yeh chini toh expired hai please,Complaint
mera sugar incomplete hai fast,Complaint
chawal bahut kharab tha fast,Complaint
Why did you send kharab paneer,Complaint
why did you send poor quality doodh,Complaint
bhaiya the oil is leak kar raha,Complaint
bhaiya the chawal is poor quality,Complaint
yeh salt toh leak kar raha hai bhai,Complaint
bhaiya the sugar is expired,Complaint
bhaiya the sugar is smelling bad jaldi,Complaint
bhaiya the flour is poor quality fast,Complaint
yeh butter toh leak kar raha hai,Complaint
why did you send leak kar raha rice?,Complaint
shampoo bahut bahut bura tha,Complaint
bhaiya the biscuit is kharab,Complaint
yeh butter toh bahut bura hai,Complaint
bhaiya the oil is bahut bura,Complaint
bhaiya the maggi is kharab fast,Complaint
mera rice incomplete hai bhaiya,Complaint
yeh biscuits toh poor quality hai please,Complaint
sugar bahut wrong tha,Complaint
milk bahut bekaar tha,Complaint
yeh bread toh wrong hai,Complaint
Bhaiya the sugar is kharab,Complaint
why did you send wrong namak,Complaint
bhaiya the chini is leak kar raha jaldi,Complaint
bhaiya the butter is bekaar,Complaint
biscuit wapas le jao bhai,Complaint
yeh soap toh fata hua hai,Complaint
why did you send leak kar raha maggi?,Complaint
butter bahut bekaar tha,Complaint
why did you send leak kar raha salt bhaiya,Complaint
why did you send wrong sabun,Complaint
bhaiya the oil is bahut bura urgent,Complaint
bhaiya the soap is poor quality fast,Complaint
bhaiya the milk is bekaar,Complaint
yeh kurkure toh kharab hai,Complaint
bhaiya the aata is smelling bad urgent,Complaint
yeh biscuits toh leak kar raha hai,Complaint
bhaiya the rice is bekaar,Complaint
rice bahut smelling bad tha,Complaint
why did you send bekaar rice? please,Complaint
bhaiya the maggi is bahut bura,Complaint
mera maggi incomplete hai bhaiya,Complaint
kurkure bahut ganda tha bhai,Complaint
maggi wapas le jao bhaiya,Complaint
yeh paneer toh expired hai,Complaint
why did you send ganda milk?,Complaint
mera biscuits incomplete hai jaldi,Complaint
yeh sugar toh fata hua hai urgent,Complaint
rice bahut ganda tha,Complaint
mera oil incomplete hai fast,Complaint
why did you send kharab biscuits jaldi,Complaint
why did you send ganda aata,Complaint
yeh aata toh ganda hai jaldi,Complaint
yeh butter toh bekaar hai,Complaint
why did you send kharab biscuit?,Complaint
bhaiya the paneer is bahut bura,Complaint
tel wapas le jao please,Complaint
bhaiya the sugar is bahut bura urgent,Complaint
aata bahut bekaar tha,Complaint
chips bahut wrong tha,Complaint
why did you send kharab rice?,Complaint
why did you send smelling bad oil,Complaint
chips bahut leak kar raha tha,Complaint
bhaiya the paneer is leak kar raha,Complaint
yeh sugar toh ganda hai,Complaint
Bread bahut kharab tha,Complaint
chawal bahut expired tha,Complaint
why did you send smelling bad doodh,Complaint
yeh flour toh poor quality hai bhai,Complaint
why did you send bahut bura rice?,Complaint
soap bahut ganda tha,Complaint
why did you send poor quality maggi?,Complaint
chawal bahut poor quality tha,Complaint
why did you send bekaar flour?,Complaint
oil bahut poor quality tha urgent,Complaint
why did you send fata hua sabun urgent,Complaint
why did you send bekaar paneer? please,Complaint
why did you send poor quality rice?,Complaint
soap bahut poor quality tha,Complaint
bhaiya the tel is wrong,Complaint
doodh bahut wrong tha bhai,Complaint
yeh rice toh bahut bura hai,Complaint
biscuit bahut kharab tha,Complaint
yeh chips toh poor quality hai,Complaint
chips bahut leak kar raha tha bhaiya,Complaint
mera rice incomplete hai please,Complaint
kurkure bahut leak kar raha tha,Complaint
bhaiya the bread is poor quality urgent,Complaint
yeh chawal toh bekaar hai,Complaint
Why did you send leak kar raha chini urgent,Complaint
bhaiya the sabun is leak kar raha,Complaint
mera paneer incomplete hai jaldi,Complaint
chini wapas le jao bhai,Complaint
bhaiya the salt is poor quality,Complaint
bhaiya the paneer is ganda,Complaint
maggi bahut kharab tha please,Complaint
why did you send poor quality butter?,Complaint
sugar bahut bahut bura tha,Complaint
yeh biscuits toh bahut bura hai fast,Complaint
chips bahut smelling bad tha please,Complaint
yeh biscuits toh kharab hai,Complaint
bhaiya the maggi is ganda,Complaint
why did you send smelling bad milk?,Complaint
mera chawal incomplete hai bhai,Complaint
why did you send kharab sabun,Complaint
bread wapas le jao fast,Complaint
yeh sugar toh bahut bura hai,Complaint
why did you send expired sabun,Complaint
yeh namak toh smelling bad hai,Complaint
bhaiya the bread is poor quality,Complaint
sabun bahut smelling bad tha,Complaint
bhaiya the doodh is poor quality,Complaint
why did you send ganda soap,Complaint
bhaiya the milk is wrong please,Complaint
yeh shampoo toh poor quality hai,Complaint
yeh milk toh fata hua hai urgent,Complaint
oil bahut kharab tha bhai,Complaint
yeh paneer toh kharab hai,Complaint
kurkure bahut expired tha,Complaint
flour bahut expired tha,Complaint
sabun bahut expired tha,Complaint
yeh tel toh poor quality hai fast,Complaint
chawal bahut expired tha fast,Complaint
butter bahut leak kar raha tha,Complaint
yeh soap toh expired hai,Complaint
rice bahut bahut bura tha,Complaint
yeh paneer toh leak kar raha hai fast,Complaint
yeh salt toh fata hua hai,Complaint
shampoo wapas le jao bhaiya,Complaint
why did you send smelling bad biscuit bhai,Complaint
why did you send bekaar chini,Complaint
paneer bahut kharab tha,Complaint
maggi wapas le jao bhai,Complaint
Yeh namak toh kharab hai jaldi,Complaint
why did you send smelling bad sabun?,Complaint
bhaiya the bread is fata hua fast,Complaint
bhaiya the tel is poor quality,Complaint
biscuits bahut kharab tha,Complaint
why did you send kharab doodh?,Complaint
yeh tel toh ganda hai,Complaint
why did you send expired tel?,Complaint
why did you send wrong chini? fast,Complaint
bhaiya the sabun is bahut bura,Complaint
tel bahut ganda tha,Complaint
yeh biscuit toh expired hai,Complaint
why did you send leak kar raha aata?,Complaint
why did you send ganda aata?,Complaint
why did you send ganda biscuit,Complaint
milk bahut kharab tha,Complaint
bhaiya the aata is expired,Complaint
why did you send bekaar paneer,Complaint
milk bahut smelling bad tha,Complaint
yeh shampoo toh ganda hai fast,Complaint
yeh soap toh wrong hai,Complaint
Yeh chips toh kharab hai please,Complaint
bhaiya the kurkure is bahut bura,Complaint
bhaiya the sugar is ganda,Complaint
bhaiya the butter is bekaar bhaiya,Complaint
why did you send bahut bura namak,Complaint
bhaiya the biscuits is ganda,Complaint
yeh butter toh wrong hai,Complaint
bhaiya the salt is kharab,Complaint
sabun bahut fata hua tha,Complaint
aata bahut smelling bad tha,Complaint
why did you send leak kar raha namak,Complaint
bhaiya the chini is bekaar,Complaint
oil wapas le jao fast,Complaint
mera milk incomplete hai fast,Complaint
mera salt incomplete hai bhaiya,Complaint
why did you send bekaar salt?,Complaint
yeh butter toh kharab hai,Complaint
why did you send smelling bad kurkure?,Complaint
bhaiya the milk is fata hua,Complaint
chawal wapas le jao please,Complaint
rice bahut fata hua tha,Complaint
why did you send expired paneer?,Complaint
yeh salt toh wrong hai,Complaint
bhaiya the maggi is smelling bad jaldi,Complaint
yeh tel toh smelling bad hai,Complaint
bhaiya the sabun is fata hua,Complaint
why did you send ganda flour,Complaint
bhaiya the maggi is wrong,Complaint
yeh sugar toh bahut bura hai jaldi,Complaint
why did you send leak kar raha doodh fast,Complaint
why did you send wrong tel?,Complaint
yeh shampoo toh kharab hai bhaiya,Complaint
butter bahut bekaar tha bhaiya,Complaint
yeh flour toh wrong hai,Complaint
Bhaiya the sugar is leak kar raha,Complaint
kurkure bahut wrong tha,Complaint
bhaiya the chawal is ganda,Complaint
yeh tel toh kharab hai,Complaint
why did you send kharab chini,Complaint
yeh butter toh poor quality hai fast,Complaint
chawal bahut leak kar raha tha,Complaint
chips bahut bekaar tha,Complaint
milk bahut wrong tha,Complaint
yeh biscuit toh kharab hai,Complaint
yeh chips toh expired hai jaldi,Complaint
mera shampoo incomplete hai bhai,Complaint
namak bahut poor quality tha jaldi,Complaint
yeh namak toh poor quality hai,Complaint
yeh rice toh kharab hai,Complaint
paneer bahut smelling bad tha please,Complaint
why did you send leak kar raha aata bhaiya,Complaint
why did you send poor quality sabun? jaldi,Complaint
yeh aata toh expired hai fast,Complaint
bhaiya the paneer is kharab,Complaint
yeh sugar toh ganda hai bhai,Complaint
yeh oil toh smelling bad hai,Complaint
why did you send ganda soap?,Complaint
oil wapas le jao please,Complaint
bhaiya the bread is kharab,Complaint
mera butter incomplete hai jaldi,Complaint
why did you send kharab tel,Complaint
why did you send smelling bad tel please,Complaint
why did you send expired namak?,Complaint
bread bahut wrong tha urgent,Complaint
mera milk incomplete hai jaldi,Complaint
bhaiya the chini is expired,Complaint
mera doodh incomplete hai please,Complaint
flour wapas le jao bhai,Complaint
why did you send kharab maggi?,Complaint
yeh chini toh bahut bura hai,Complaint
why did you send bahut bura chips,Complaint
aata bahut wrong tha,Complaint
why did you send leak kar raha paneer,Complaint
yeh bread toh fata hua hai,Complaint
chips bahut kharab tha,Complaint
mera kurkure incomplete hai jaldi,Complaint
why did you send bekaar doodh?,Complaint
chini bahut kharab tha,Complaint
salt bahut leak kar raha tha,Complaint
flour bahut poor quality tha,Complaint
why did you send wrong biscuits,Complaint
biscuit bahut bekaar tha,Complaint
maggi bahut bahut bura tha,Complaint
yeh biscuit toh bahut bura hai jaldi,Complaint
why did you send ganda oil?,Complaint
biscuits bahut ganda tha,Complaint
bhaiya the namak is bahut bura bhai,Complaint
why did you send ganda maggi? fast,Complaint
why did you send ganda bread,Complaint
mera sugar incomplete hai jaldi,Complaint
salt wapas le jao bhai,Complaint
Why did you send ganda biscuit?,Complaint
yeh doodh toh ganda hai,Complaint
sugar bahut leak kar raha tha fast,Complaint
kurkure bahut bekaar tha jaldi,Complaint
biscuits bahut smelling bad tha please,Complaint
tel bahut leak kar raha tha,Complaint
bhaiya the kurkure is poor quality jaldi,Complaint
namak kitne ka hai,Inquiry
price of butter,Inquiry
butter hai kya dukan par,Inquiry
koi discount milega kya bhaiya,Inquiry
rate kya chal raha hai kurkure ka?,Inquiry
shop kab khulegi,Inquiry
accha wala kurkure milega,Inquiry
price of oil,Inquiry
Aaj ka biscuits milega,Inquiry
oil hai kya dukan par,Inquiry
paneer hai kya dukan par,Inquiry
fresh chini aaya kya,Inquiry
shop kab khulegi? jaldi,Inquiry
is chips available,Inquiry
accha wala kurkure milega?,Inquiry
butter kitne ka hai bhaiya,Inquiry
koi discount milega kya?,Inquiry
fresh kurkure aaya kya?,Inquiry
price list bhej do please,Inquiry
Flour kitne ka hai?,Inquiry
fresh sabun aaya kya,Inquiry
koi discount milega kya,Inquiry
naya soap milega,Inquiry
namak ka stock kab aayega,Inquiry
bread kitne ka hai?,Inquiry
stock mein hai paneer?,Inquiry
naya aata milega?,Inquiry
fresh chawal milega,Inquiry
rate kya chal raha hai chini ka bhai,Inquiry
Cash on delivery hai,Inquiry
soap kitne ka hai,Inquiry
cash on delivery hai?,Inquiry
do you accept gpay,Inquiry
shop kab khulegi? bhaiya,Inquiry
Is maggi available,Inquiry
flour hai kya dukan par,Inquiry
price of tel please,Inquiry
is salt available,Inquiry
tel brand wala hai ya local,Inquiry
price of bread,Inquiry
price list bhej do please bhai,Inquiry
cash on delivery hai? bhai,Inquiry
biscuits hai kya dukan par,Inquiry
bread brand wala hai ya local,Inquiry
fresh shampoo aaya kya,Inquiry
is tel available,Inquiry
price of tel,Inquiry
naya flour milega,Inquiry
bread ka stock kab aayega,Inquiry
namak ka stock kab aayega?,Inquiry
fresh rice aaya kya? jaldi,Inquiry
price of rice,Inquiry
butter kitne ka hai?,Inquiry
kurkure ka stock kab aayega,Inquiry
price of sabun,Inquiry
biscuit brand wala hai ya local,Inquiry
chawal ka stock kab aayega?,Inquiry
sabun kitne ka hai,Inquiry
fresh maggi aaya kya,Inquiry
butter ka stock kab aayega?,Inquiry
rice kitne ka hai please,Inquiry
tel brand wala hai ya local?,Inquiry
is biscuit available? please,Inquiry
local oil milega,Inquiry
kal ka butter milega,Inquiry
local sugar milega,Inquiry
sugar hai kya dukan par,Inquiry
sugar ka stock kab aayega,Inquiry
paneer hai kya dukan par bhai,Inquiry
soap ka stock kab aayega?,Inquiry
biscuits ka stock kab aayega?,Inquiry
naya salt milega,Inquiry
paneer kitne ka hai,Inquiry
kurkure hai kya dukan par,Inquiry
rate kya chal raha hai biscuit ka?,Inquiry
fresh biscuit aaya kya,Inquiry
biscuit ka stock kab aayega?,Inquiry
koi discount milega kya fast,Inquiry
koi discount milega kya please,Inquiry
fresh doodh aaya kya?,Inquiry
do you accept gpay?,Inquiry
bread kitne ka hai,Inquiry
price of milk,Inquiry
do you accept gpay? bhaiya,Inquiry
biscuit ka stock kab aayega,Inquiry
chini kitne ka hai?,Inquiry
maggi kitne ka hai,Inquiry
rice ka stock kab aayega?,Inquiry
stock mein hai chips?,Inquiry
butter brand wala hai ya local?,Inquiry
fresh shampoo aaya kya please,Inquiry
is rice available,Inquiry
Is kurkure available bhai,Inquiry
chips brand wala hai ya local,Inquiry
rate kya chal raha hai sabun ka?,Inquiry
doodh hai kya dukan par,Inquiry
stock mein hai biscuit,Inquiry
kal ka kurkure milega,Inquiry
rate kya chal raha hai shampoo ka,Inquiry
fresh tel aaya kya?,Inquiry
rate kya chal raha hai doodh ka,Inquiry
kal ka chips milega,Inquiry
do you accept gpay bhai,Inquiry
biscuits brand wala hai ya local please,Inquiry
salt ka stock kab aayega bhaiya,Inquiry
doodh ka stock kab aayega? bhaiya,Inquiry
stock mein hai kurkure,Inquiry
fresh milk aaya kya,Inquiry
is sabun available?,Inquiry
kurkure ka stock kab aayega?,Inquiry
Price of namak,Inquiry
fresh rice aaya kya?,Inquiry
namak brand wala hai ya local?,Inquiry
biscuit brand wala hai ya local?,Inquiry
fresh paneer aaya kya?,Inquiry
fresh flour aaya kya,Inquiry
fresh chips aaya kya jaldi,Inquiry
is biscuit available?,Inquiry
salt hai kya dukan par,Inquiry
fresh aata aaya kya urgent,Inquiry
aata hai kya dukan par,Inquiry
Stock mein hai sugar?,Inquiry
salt kitne ka hai?,Inquiry
price of paneer,Inquiry
stock mein hai salt?,Inquiry
stock mein hai flour,Inquiry
is chips available?,Inquiry
rate kya chal raha hai doodh ka?,Inquiry
chips kitne ka hai,Inquiry
cash on delivery hai urgent,Inquiry
flour hai kya dukan par bhaiya,Inquiry
paneer brand wala hai ya local?,Inquiry
stock mein hai bread?,Inquiry
oil ka stock kab aayega?,Inquiry
rate kya chal raha hai aata ka,Inquiry
rate kya chal raha hai maggi ka,Inquiry
shop kab khulegi bhai,Inquiry
fresh biscuit aaya kya?,Inquiry
do you accept gpay? urgent,Inquiry
stock mein hai salt,Inquiry
rate kya chal raha hai oil ka,Inquiry
soap brand wala hai ya local,Inquiry
accha wala biscuits milega?,Inquiry
sugar brand wala hai ya local? bhaiya,Inquiry
price of sugar,Inquiry
shop kab khulegi urgent,Inquiry
is namak available,Inquiry
tel kitne ka hai?,Inquiry
rate kya chal raha hai oil ka?,Inquiry
price list bhej do please please,Inquiry
do you accept gpay urgent,Inquiry
kurkure ka stock kab aayega? please,Inquiry
stock mein hai kurkure?,Inquiry
butter ka stock kab aayega bhaiya,Inquiry
fresh salt aaya kya? fast,Inquiry
shop kab khulegi jaldi,Inquiry
milk kitne ka hai,Inquiry
koi discount milega kya? bhaiya,Inquiry
is namak available?,Inquiry
namak hai kya dukan par,Inquiry
price list bhej do please jaldi,Inquiry
aata brand wala hai ya local,Inquiry
stock mein hai flour?,Inquiry
aata hai kya dukan par urgent,Inquiry
rate kya chal raha hai sabun ka,Inquiry
price of kurkure,Inquiry
is maggi available?,Inquiry
biscuit hai kya dukan par,Inquiry
accha wala rice milega,Inquiry
shop kab khulegi? bhai,Inquiry
is paneer available,Inquiry
fresh bread aaya kya,Inquiry
accha wala chini milega,Inquiry
doodh brand wala hai ya local?,Inquiry
stock mein hai rice bhaiya,Inquiry
rate kya chal raha hai salt ka?,Inquiry
rate kya chal raha hai kurkure ka,Inquiry
fresh rice aaya kya,Inquiry
sugar kitne ka hai,Inquiry
flour kitne ka hai,Inquiry
paneer kitne ka hai?,Inquiry
price of bread bhai,Inquiry
stock mein hai rice,Inquiry
rate kya chal raha hai namak ka?,Inquiry
local oil milega?,Inquiry
is chini available?,Inquiry
sasta soap milega,Inquiry
sabun ka stock kab aayega?,Inquiry
Chips hai kya dukan par,Inquiry
chips ka stock kab aayega?,Inquiry
rate kya chal raha hai rice ka?,Inquiry
price of salt,Inquiry
price of chips,Inquiry
stock mein hai chini? bhaiya,Inquiry
stock mein hai shampoo,Inquiry
doodh brand wala hai ya local? urgent,Inquiry
rice brand wala hai ya local? please,Inquiry
stock mein hai chawal,Inquiry
cash on delivery hai? fast,Inquiry
stock mein hai aata,Inquiry
rice brand wala hai ya local?,Inquiry
is aata available? jaldi,Inquiry
fresh oil aaya kya? please,Inquiry
oil kitne ka hai,Inquiry
sabun kitne ka hai please,Inquiry
fresh salt aaya kya?,Inquiry
stock mein hai biscuits?,Inquiry
naya chawal milega,Inquiry
stock mein hai shampoo please,Inquiry
rate kya chal raha hai rice ka,Inquiry
chini hai kya dukan par bhaiya,Inquiry
cash on delivery hai? please,Inquiry
naya kurkure milega?,Inquiry
chawal kitne ka hai?,Inquiry
accha wala flour milega?,Inquiry
chips ka stock kab aayega,Inquiry
rate kya chal raha hai maggi ka?,Inquiry
kal ka soap milega? bhai,Inquiry
is aata available,Inquiry
price of chini,Inquiry
price of namak jaldi,Inquiry
price list bhej do please urgent,Inquiry
rate kya chal raha hai chips ka?,Inquiry
fresh rice aaya kya fast,Inquiry
fresh butter aaya kya,Inquiry
fresh chips aaya kya?,Inquiry
kal ka soap milega?,Inquiry
aaj ka biscuit milega urgent,Inquiry
sabun hai kya dukan par,Inquiry
local salt milega,Inquiry
aata kitne ka hai?,Inquiry
milk kitne ka hai?,Inquiry
rate kya chal raha hai aata ka?,Inquiry
is biscuit available,Inquiry
chawal ka stock kab aayega urgent,Inquiry
oil kitne ka hai?,Inquiry
Is doodh available,Inquiry
is shampoo available,Inquiry
rice ka stock kab aayega,Inquiry
maggi hai kya dukan par,Inquiry
maggi ka stock kab aayega,Inquiry
is paneer available?,Inquiry
rate kya chal raha hai tel ka?,Inquiry
is biscuits available,Inquiry
do you accept gpay? jaldi,Inquiry
price of biscuit,Inquiry
sabun hai kya dukan par fast,Inquiry
cash on delivery hai? bhaiya,Inquiry
fresh paneer aaya kya,Inquiry
rate kya chal raha hai shampoo ka?,Inquiry
is aata available?,Inquiry
fresh chini aaya kya?,Inquiry
kurkure ka stock kab aayega bhaiya,Inquiry
rice brand wala hai ya local,Inquiry
naya namak milega? fast,Inquiry
rate kya chal raha hai flour ka,Inquiry
stock mein hai maggi?,Inquiry
rate kya chal raha hai biscuit ka,Inquiry
sasta oil milega?,Inquiry
kurkure hai kya dukan par bhai,Inquiry
bread ka stock kab aayega bhai,Inquiry
rate kya chal raha hai paneer ka?,Inquiry
sasta paneer milega?,Inquiry
price of biscuit please,Inquiry
sugar brand wala hai ya local,Inquiry
price of chawal,Inquiry
chini brand wala hai ya local?,Inquiry
salt brand wala hai ya local urgent,Inquiry
rate kya chal raha hai chawal ka?,Inquiry
fresh aata aaya kya?,Inquiry
accha wala aata milega,Inquiry
chawal hai kya dukan par,Inquiry
cash on delivery hai please,Inquiry
Rate kya chal raha hai soap ka,Inquiry
shop kab khulegi? urgent,Inquiry
rate kya chal raha hai bread ka?,Inquiry
fresh kurkure aaya kya jaldi,Inquiry
doodh kitne ka hai?,Inquiry
koi discount milega kya? bhai,Inquiry
sabun kitne ka hai?,Inquiry
is bread available?,Inquiry
Sasta sabun milega,Inquiry
oil brand wala hai ya local? fast,Inquiry
rate kya chal raha hai sabun ka? jaldi,Inquiry
sasta chini milega?,Inquiry
koi discount milega kya urgent,Inquiry
biscuits kitne ka hai? urgent,Inquiry
price of oil bhai,Inquiry
local shampoo milega,Inquiry
fresh biscuits aaya kya,Inquiry
stock mein hai namak,Inquiry
aaj ka soap milega,Inquiry
shampoo kitne ka hai,Inquiry
stock mein hai tel urgent,Inquiry
chini hai kya dukan par urgent,Inquiry
rice hai kya dukan par,Inquiry
Kurkure kitne ka hai?,Inquiry
Accha wala biscuit milega,Inquiry
paneer brand wala hai ya local,Inquiry
fresh soap aaya kya?,Inquiry
fresh sugar aaya kya?,Inquiry
fresh butter aaya kya?,Inquiry
rate kya chal raha hai soap ka?,Inquiry
koi discount milega kya? jaldi,Inquiry
Stock mein hai aata bhai,Inquiry
is soap available?,Inquiry
is sugar available? bhai,Inquiry
fresh maggi aaya kya urgent,Inquiry
sugar brand wala hai ya local?,Inquiry
oil ka stock kab aayega,Inquiry
soap kitne ka hai? bhaiya,Inquiry
doodh hai kya dukan par fast,Inquiry
shampoo ka stock kab aayega,Inquiry
stock mein hai namak?,Inquiry
branded biscuits milega,Inquiry
fresh butter milega,Inquiry
salt ka stock kab aayega?,Inquiry
stock mein hai soap? bhai,Inquiry
fresh sugar aaya kya,Inquiry
flour brand wala hai ya local?,Inquiry
price of butter jaldi,Inquiry
is bread available,Inquiry
price of bread bhaiya,Inquiry
is sabun available urgent,Inquiry
stock mein hai chawal?,Inquiry
price of biscuits,Inquiry
sabun kitne ka hai bhaiya,Inquiry
rate kya chal raha hai namak ka,Inquiry
shop kab khulegi? fast,Inquiry
butter brand wala hai ya local,Inquiry
price of flour,Inquiry
Sugar kitne ka hai? bhaiya,Inquiry
koi discount milega kya jaldi,Inquiry
is chawal available,Inquiry
fresh milk aaya kya?,Inquiry
shampoo ka stock kab aayega?,Inquiry
price list bhej do please bhaiya,Inquiry
namak brand wala hai ya local? bhai,Inquiry
flour brand wala hai ya local,Inquiry
fresh namak aaya kya?,Inquiry
Rate kya chal raha hai sabun ka jaldi,Inquiry
paneer ka stock kab aayega?,Inquiry
stock mein hai chips,Inquiry
aata ka stock kab aayega?,Inquiry
kurkure kitne ka hai,Inquiry
is soap available? bhaiya,Inquiry
stock mein hai milk,Inquiry
tel hai kya dukan par please,Inquiry
fresh oil aaya kya?,Inquiry
biscuits hai kya dukan par please,Inquiry
koi discount milega kya? please,Inquiry
Naya rice milega,Inquiry
salt brand wala hai ya local?,Inquiry
price of salt jaldi,Inquiry
butter kitne ka hai,Inquiry
is sugar available? fast,Inquiry
Rice kitne ka hai,Inquiry
is sabun available,Inquiry
naya milk milega,Inquiry
tel hai kya dukan par fast,Inquiry
is flour available,Inquiry
fresh bread aaya kya? bhaiya,Inquiry
rate kya chal raha hai chips ka,Inquiry
stock mein hai biscuit jaldi,Inquiry
aata kitne ka hai urgent,Inquiry
price of shampoo,Inquiry
doodh brand wala hai ya local,Inquiry
fresh namak milega?,Inquiry
branded paneer milega? urgent,Inquiry
biscuit kitne ka hai?,Inquiry
stock mein hai biscuits? urgent,Inquiry
tel hai kya dukan par,Inquiry
is shampoo available? please,Inquiry
sasta namak milega,Inquiry
stock mein hai tel,Inquiry
is paneer available? urgent,Inquiry
sasta sugar milega?,Inquiry
rate kya chal raha hai milk ka,Inquiry
rate kya chal raha hai tel ka,Inquiry
price of doodh,Inquiry
koi discount milega kya? fast,Inquiry
aata kitne ka hai,Inquiry
do you accept gpay bhaiya,Inquiry
accha wala salt milega,Inquiry
oil brand wala hai ya local,Inquiry
fresh aata aaya kya,Inquiry
fresh sabun aaya kya?,Inquiry
stock mein hai doodh?,Inquiry
namak ka stock kab aayega? jaldi,Inquiry
do you accept gpay? please,Inquiry
stock mein hai oil?,Inquiry
naya kurkure milega? bhai,Inquiry
chawal brand wala hai ya local,Inquiry
rate kya chal raha hai salt ka,Inquiry
stock mein hai paneer? fast,Inquiry
fresh maggi aaya kya?,Inquiry
is milk available,Inquiry
rate kya chal raha hai maggi ka? urgent,Inquiry
stock mein hai sabun,Inquiry
chawal kitne ka hai,Inquiry
branded maggi milega bhaiya,Inquiry
price of biscuits bhai,Inquiry
rate kya chal raha hai doodh ka please,Inquiry
Tel kitne ka hai,Inquiry
doodh ka stock kab aayega,Inquiry
kal ka aata milega,Inquiry
fresh biscuit aaya kya? bhai,Inquiry
Stock mein hai biscuits,Inquiry
rate kya chal raha hai sugar ka,Inquiry
Aata brand wala hai ya local?,Inquiry
fresh tel milega,Inquiry
branded sugar milega,Inquiry
Is aata available fast,Inquiry
Kal ka biscuits milega,Inquiry
stock mein hai rice?,Inquiry
fresh kurkure aaya kya,Inquiry
do you accept gpay please,Inquiry
chips ka stock kab aayega? urgent,Inquiry
milk ka stock kab aayega? please,Inquiry
butter kitne ka hai please,Inquiry
aaj ka shampoo milega,Inquiry
naya chawal milega?,Inquiry
fresh aata milega?,Inquiry
shampoo hai kya dukan par,Inquiry
price of flour urgent,Inquiry
stock mein hai paneer,Inquiry
stock mein hai shampoo?,Inquiry
maggi brand wala hai ya local? fast,Inquiry
stock mein hai sugar? bhai,Inquiry
is soap available,Inquiry
Stock mein hai butter,Inquiry
doodh ka stock kab aayega?,Inquiry
is shampoo available?,Inquiry
milk ka stock kab aayega?,Inquiry
fresh bread aaya kya urgent,Inquiry
rate kya chal raha hai chini ka,Inquiry
namak kitne ka hai? bhaiya,Inquiry
price of oil please,Inquiry
Local rice milega?,Inquiry
is milk available?,Inquiry
fresh butter aaya kya fast,Inquiry
kurkure brand wala hai ya local?,Inquiry
kal ka salt milega?,Inquiry
aaj ka biscuit milega,Inquiry
fresh biscuit aaya kya jaldi,Inquiry
fresh namak aaya kya urgent,Inquiry
aata brand wala hai ya local bhaiya,Inquiry
local tel milega,Inquiry
rate kya chal raha hai soap ka bhaiya,Inquiry
butter ka stock kab aayega,Inquiry
bread brand wala hai ya local?,Inquiry
maggi kitne ka hai?,Inquiry
sugar brand wala hai ya local urgent,Inquiry
stock mein hai oil bhai,Inquiry
fresh rice aaya kya please,Inquiry
paneer kitne ka hai please,Inquiry
fresh salt aaya kya,Inquiry
soap hai kya dukan par,Inquiry
biscuit brand wala hai ya local? please,Inquiry
biscuits brand wala hai ya local?,Inquiry
fresh tel aaya kya,Inquiry
paneer hai kya dukan par please,Inquiry
chips brand wala hai ya local? fast,Inquiry
chini hai kya dukan par,Inquiry
shop kab khulegi? please,Inquiry
oil brand wala hai ya local?,Inquiry
Rate kya chal raha hai butter ka,Inquiry
sugar ka stock kab aayega? urgent,Inquiry
sugar kitne ka hai?,Inquiry
is oil available,Inquiry
bread ka stock kab aayega?,Inquiry
branded chips milega?,Inquiry
is sugar available,Inquiry
branded kurkure milega?,Inquiry
maggi ka stock kab aayega? bhai,Inquiry
shampoo brand wala hai ya local,Inquiry
maggi brand wala hai ya local?,Inquiry
namak brand wala hai ya local,Inquiry
kal ka oil milega?,Inquiry
price of namak bhaiya,Inquiry
sasta namak milega urgent,Inquiry
milk hai kya dukan par,Inquiry
is sabun available? jaldi,Inquiry
stock mein hai sugar,Inquiry
branded doodh milega,Inquiry
branded milk milega jaldi,Inquiry
rate kya chal raha hai chini ka?,Inquiry
stock mein hai paneer? urgent,Inquiry
fresh chips aaya kya,Inquiry
shop kab khulegi please,Inquiry
price of namak please,Inquiry
is sugar available?,Inquiry
stock mein hai biscuit?,Inquiry
is biscuits available?,Inquiry
milk brand wala hai ya local?,Inquiry
chips brand wala hai ya local?,Inquiry
rate kya chal raha hai chips ka? fast,Inquiry
naya soap milega?,Inquiry
Chini kitne ka hai? jaldi,Inquiry
rate kya chal raha hai flour ka?,Inquiry
butter brand wala hai ya local? bhaiya,Inquiry
sugar brand wala hai ya local? fast,Inquiry
fresh milk milega urgent,Inquiry
doodh kitne ka hai please,Inquiry
biscuits brand wala hai ya local? fast,Inquiry
sabun kitne ka hai? urgent,Inquiry
rate kya chal raha hai biscuits ka,Inquiry
rice brand wala hai ya local jaldi,Inquiry
chini ka stock kab aayega?,Inquiry
accha wala biscuit milega?,Inquiry
chini brand wala hai ya local,Inquiry
biscuits kitne ka hai? please,Inquiry
fresh soap aaya kya? bhai,Inquiry
aaj ka chawal milega bhaiya,Inquiry
Maggi brand wala hai ya local,Inquiry
rate kya chal raha hai chawal ka,Inquiry
is chawal available?,Inquiry
chawal ka stock kab aayega,Inquiry
milk brand wala hai ya local,Inquiry
local chips milega bhai,Inquiry
local biscuit milega?,Inquiry
stock mein hai doodh bhai,Inquiry
aaj ka salt milega?,Inquiry
namak kitne ka hai?,Inquiry
chini kitne ka hai,Inquiry
cash on delivery hai bhai,Inquiry
naya sugar milega?,Inquiry
rate kya chal raha hai milk ka?,Inquiry
price of aata,Inquiry
naya chips milega?,Inquiry
flour ka stock kab aayega,Inquiry
accha wala sugar milega,Inquiry
stock mein hai bread bhaiya,Inquiry
fresh kurkure aaya kya? urgent,Inquiry
price of sabun bhai,Inquiry
price of milk bhai,Inquiry
stock mein hai paneer fast,Inquiry
salt kitne ka hai? please,Inquiry
rate kya chal raha hai paneer ka? jaldi,Inquiry
fresh paneer aaya kya? fast,Inquiry
stock mein hai milk?,Inquiry
local milk milega,Inquiry
rate kya chal raha hai paneer ka,Inquiry
is chawal available? fast,Inquiry
is maggi available fast,Inquiry
is tel available?,Inquiry
sabun hai kya dukan par bhai,Inquiry
is chini available,Inquiry
cash on delivery hai? urgent,Inquiry
sasta biscuit milega?,Inquiry
stock mein hai oil,Inquiry
stock mein hai doodh,Inquiry
tel kitne ka hai? please,Inquiry
do you accept gpay? bhai,Inquiry
aaj ka butter milega,Inquiry
aaj ka chips milega?,Inquiry
tel ka stock kab aayega,Inquiry
fresh butter milega?,Inquiry
Accha wala aata milega? urgent,Inquiry
sasta rice milega?,Inquiry
is aata available? bhaiya,Inquiry
paneer kitne ka hai? fast,Inquiry
biscuit kitne ka hai? please,Inquiry
bread hai kya dukan par bhaiya,Inquiry
is oil available?,Inquiry
rate kya chal raha hai salt ka? please,Inquiry
is rice available?,Inquiry
sasta flour milega fast,Inquiry
salt kitne ka hai,Inquiry
rate kya chal raha hai biscuits ka?,Inquiry
milk ka stock kab aayega,Inquiry
aata ka stock kab aayega,Inquiry
stock mein hai soap? fast,Inquiry
biscuit kitne ka hai? bhai,Inquiry
accha wala aata milega please,Inquiry
biscuits hai kya dukan par bhaiya,Inquiry
salt hai kya dukan par urgent,Inquiry
naya biscuits milega?,Inquiry
stock mein hai aata? fast,Inquiry
maggi ka stock kab aayega?,Inquiry
aata ka stock kab aayega urgent,Inquiry
is paneer available fast,Inquiry
is butter available urgent,Inquiry
naya maggi milega,Inquiry
maggi ka stock kab aayega? please,Inquiry
is kurkure available,Inquiry
rate kya chal raha hai maggi ka? bhai,Inquiry
is butter available?,Inquiry
stock mein hai doodh? jaldi,Inquiry
price of tel urgent,Inquiry
soap kitne ka hai?,Inquiry
local kurkure milega?,Inquiry
rate kya chal raha hai paneer ka bhaiya,Inquiry
biscuits brand wala hai ya local,Inquiry
accha wala chawal milega,Inquiry
biscuit brand wala hai ya local? jaldi,Inquiry
kal ka chips milega urgent,Inquiry
Sasta sabun milega bhaiya,Inquiry
local flour milega,Inquiry
sasta kurkure milega?,Inquiry
chawal brand wala hai ya local?,Inquiry
stock mein hai chini,Inquiry
Is chini available fast,Inquiry
Cash on delivery hai jaldi,Inquiry
fresh chini aaya kya bhaiya,Inquiry
aaj ka flour milega,Inquiry
Do you accept gpay fast,Inquiry
oil brand wala hai ya local urgent,Inquiry
kal ka chawal milega?,Inquiry
is bread available urgent,Inquiry
Fresh namak aaya kya,Inquiry
fresh doodh aaya kya,Inquiry
price of maggi urgent,Inquiry
paneer brand wala hai ya local urgent,Inquiry
sasta biscuits milega?,Inquiry
branded milk milega?,Inquiry
sasta butter milega?,Inquiry
doodh kitne ka hai,Inquiry
salt ka stock kab aayega please,Inquiry
salt ka stock kab aayega fast,Inquiry
local doodh milega?,Inquiry
fresh bread milega?,Inquiry
branded biscuit milega,Inquiry
is milk available? urgent,Inquiry
stock mein hai aata urgent,Inquiry
price of chawal fast,Inquiry
shampoo ka stock kab aayega? bhaiya,Inquiry
price of chawal please,Inquiry
kal ka maggi milega? please,Inquiry
is kurkure available?,Inquiry
stock mein hai soap?,Inquiry
maggi ka stock kab aayega bhaiya,Inquiry
chips kitne ka hai?,Inquiry
branded sugar milega?,Inquiry
koi discount milega kya bhai,Inquiry
accha wala chips milega?,Inquiry
price list bhej do please fast,Inquiry
kal ka sabun milega bhai,Inquiry
stock mein hai bread,Inquiry
is flour available?,Inquiry
price of rice jaldi,Inquiry
rate kya chal raha hai maggi ka? please,Inquiry
rate kya chal raha hai bread ka,Inquiry
sasta tel milega,Inquiry
sugar brand wala hai ya local? urgent,Inquiry
is shampoo available? bhai,Inquiry
is bread available bhai,Inquiry
stock mein hai sugar bhai,Inquiry
rice kitne ka hai?,Inquiry
local biscuits milega,Inquiry
soap brand wala hai ya local?,Inquiry
sabun brand wala hai ya local urgent,Inquiry
sasta maggi milega?,Inquiry
naya tel milega?,Inquiry
sasta rice milega,Inquiry
fresh sabun aaya kya? urgent,Inquiry
maggi ka stock kab aayega? jaldi,Inquiry
is paneer available urgent,Inquiry
tel ka stock kab aayega?,Inquiry
sasta sugar milega,Inquiry
accha wala chawal milega?,Inquiry
biscuit kitne ka hai? bhaiya,Inquiry
kal ka namak milega?,Inquiry
sasta milk milega? fast,Inquiry
salt ka stock kab aayega,Inquiry
price of maggi,Inquiry
fresh chawal aaya kya?,Inquiry
biscuits hai kya dukan par urgent,Inquiry
fresh soap aaya kya,Inquiry
price of maggi bhai,Inquiry
fresh flour milega,Inquiry
do you accept gpay? fast,Inquiry
rate kya chal raha hai sugar ka? bhaiya,Inquiry
fresh milk aaya kya? please,Inquiry
price of bread fast,Inquiry
milk ka stock kab aayega? fast,Inquiry
is shampoo available? jaldi,Inquiry
fresh kurkure milega?,Inquiry
fresh chawal aaya kya,Inquiry
branded doodh milega?,Inquiry
kurkure brand wala hai ya local jaldi,Inquiry
stock mein hai paneer please,Inquiry
kurkure kitne ka hai? bhai,Inquiry
stock mein hai tel?,Inquiry
shampoo kitne ka hai?,Inquiry
price of biscuit urgent,Inquiry
fresh bread aaya kya? fast,Inquiry
is sabun available jaldi,Inquiry
rate kya chal raha hai flour ka? urgent,Inquiry
is salt available urgent,Inquiry
biscuits ka stock kab aayega fast,Inquiry
biscuits kitne ka hai,Inquiry
milk kitne ka hai urgent,Inquiry
fresh namak milega,Inquiry
sabun brand wala hai ya local,Inquiry
soap ka stock kab aayega? please,Inquiry
rate kya chal raha hai aata ka? please,Inquiry
rate kya chal raha hai sugar ka?,Inquiry
is bread available please,Inquiry
Is doodh available?,Inquiry
accha wala flour milega,Inquiry
stock mein hai salt please,Inquiry
accha wala oil milega?,Inquiry
naya bread milega,Inquiry
shampoo ka stock kab aayega jaldi,Inquiry
salt brand wala hai ya local,Inquiry
fresh namak aaya kya fast,Inquiry
local chini milega?,Inquiry
naya paneer milega,Inquiry
is oil available jaldi,Inquiry
is oil available? bhaiya,Inquiry
aaj ka biscuits milega?,Inquiry
Sugar brand wala hai ya local bhaiya,Inquiry
biscuits ka stock kab aayega? bhaiya,Inquiry
butter kitne ka hai? jaldi,Inquiry
fresh paneer aaya kya? jaldi,Inquiry
aata hai kya dukan par fast,Inquiry
local doodh milega? urgent,Inquiry
naya sugar milega? bhai,Inquiry
rate kya chal raha hai salt ka fast,Inquiry
bread hai kya dukan par,Inquiry
sasta flour milega?,Inquiry
shampoo ka stock kab aayega? jaldi,Inquiry
rate kya chal raha hai soap ka? please,Inquiry
is tel available? jaldi,Inquiry
price of shampoo fast,Inquiry
biscuit kitne ka hai,Inquiry
chawal hai kya dukan par bhai,Inquiry
price of milk fast,Inquiry
rate kya chal raha hai salt ka? urgent,Inquiry
chawal brand wala hai ya local? bhaiya,Inquiry
namak ka stock kab aayega bhai,Inquiry
milk hai kya dukan par urgent,Inquiry
is butter available,Inquiry
is milk available urgent,Inquiry
cash on delivery hai fast,Inquiry
sugar brand wala hai ya local? please,Inquiry
Chawal kitne ka hai jaldi,Inquiry
namak kitne ka hai bhaiya,Inquiry
biscuits ka stock kab aayega,Inquiry
kurkure brand wala hai ya local,Inquiry
price of soap,Inquiry
stock mein hai sugar urgent,Inquiry
aata kitne ka hai? please,Inquiry
kal ka rice milega?,Inquiry
local aata milega?,Inquiry
naya salt milega?,Inquiry
stock mein hai tel jaldi,Inquiry
maggi kitne ka hai? jaldi,Inquiry
chawal ka stock kab aayega bhaiya,Inquiry
stock mein hai doodh urgent,Inquiry
stock mein hai shampoo? jaldi,Inquiry
is tel available? urgent,Inquiry
oil ka stock kab aayega? jaldi,Inquiry
fresh doodh milega,Inquiry
fresh chips aaya kya? bhaiya,Inquiry
aaj ka bread milega?,Inquiry
chawal brand wala hai ya local bhai,Inquiry
soap ka stock kab aayega,Inquiry
price of rice bhai,Inquiry
accha wala milk milega?,Inquiry
koi discount milega kya? urgent,Inquiry
rate kya chal raha hai aata ka urgent,Inquiry
local chawal milega?,Inquiry
maggi hai kya dukan par bhaiya,Inquiry
branded rice milega,Inquiry
accha wala maggi milega,Inquiry
Naya biscuits milega,Inquiry
rate kya chal raha hai rice ka? please,Inquiry
Stock mein hai maggi,Inquiry
rice ka stock kab aayega bhai,Inquiry
do you accept gpay jaldi,Inquiry
fresh biscuits aaya kya?,Inquiry
price of aata urgent,Inquiry
stock mein hai chini?,Inquiry
branded paneer milega,Inquiry
sasta maggi milega,Inquiry
shampoo brand wala hai ya local?,Inquiry
stock mein hai salt? bhai,Inquiry
stock mein hai namak bhai,Inquiry
chini ka stock kab aayega,Inquiry
chips brand wala hai ya local? jaldi,Inquiry
stock mein hai maggi urgent,Inquiry
naya sabun milega,Inquiry
chips hai kya dukan par bhai,Inquiry
kal ka shampoo milega?,Inquiry
cash on delivery hai? jaldi,Inquiry
sugar brand wala hai ya local jaldi,Inquiry
rice hai kya dukan par bhai,Inquiry
accha wala shampoo milega bhaiya,Inquiry
tel ka stock kab aayega? please,Inquiry
chawal ka stock kab aayega bhai,Inquiry
soap hai kya dukan par fast,Inquiry
kal ka aata milega urgent,Inquiry
aata brand wala hai ya local? jaldi,Inquiry
fresh namak aaya kya bhai,Inquiry
stock mein hai shampoo? bhai,Inquiry
stock mein hai maggi? fast,Inquiry
is chips available fast,Inquiry
fresh biscuits aaya kya fast,Inquiry
Rate kya chal raha hai biscuit ka? urgent,Inquiry
accha wala chini milega?,Inquiry
flour hai kya dukan par fast,Inquiry
salt hai kya dukan par bhaiya,Inquiry
rate kya chal raha hai shampoo ka? bhai,Inquiry
local bread milega?,Inquiry
flour ka stock kab aayega?,Inquiry
flour kitne ka hai please,Inquiry
branded biscuit milega?,Inquiry
kal ka chini milega,Inquiry
sasta chips milega?,Inquiry
salt brand wala hai ya local bhaiya,Inquiry
stock mein hai rice? bhai,Inquiry
aaj ka soap milega?,Inquiry
naya sugar milega,Inquiry
paneer ka stock kab aayega? fast,Inquiry
is butter available? bhai,Inquiry
fresh biscuits aaya kya urgent,Inquiry
kal ka salt milega,Inquiry
rate kya chal raha hai chips ka jaldi,Inquiry
fresh sugar aaya kya jaldi,Inquiry
aaj ka doodh milega?,Inquiry
kurkure kitne ka hai? please,Inquiry
Stock mein hai biscuit? bhai,Inquiry
sabun brand wala hai ya local?,Inquiry
aaj ka milk milega? urgent,Inquiry
fresh flour aaya kya urgent,Inquiry
is salt available?,Inquiry
doodh ka stock kab aayega jaldi,Inquiry
biscuit hai kya dukan par jaldi,Inquiry
kal ka bread milega?,Inquiry
flour kitne ka hai bhaiya,Inquiry
stock mein hai rice urgent,Inquiry
is chawal available? bhai,Inquiry
fresh flour milega?,Inquiry
branded shampoo milega?,Inquiry
local butter milega,Inquiry
bread hai kya dukan par urgent,Inquiry
is paneer available? please,Inquiry
flour ka stock kab aayega? bhaiya,Inquiry
stock mein hai aata? bhai,Inquiry
Stock mein hai butter?,Inquiry
fresh milk aaya kya? fast,Inquiry
price of shampoo bhai,Inquiry
is salt available? bhai,Inquiry
doodh brand wala hai ya local fast,Inquiry
sabun ka stock kab aayega? please,Inquiry
is rice available? urgent,Inquiry
fresh maggi milega?,Inquiry
is sabun available? please,Inquiry
namak ka stock kab aayega? bhaiya,Inquiry
local biscuit milega,Inquiry
salt ka stock kab aayega? bhaiya,Inquiry
naya bread milega urgent,Inquiry
is bread available? jaldi,Inquiry
fresh bread aaya kya?,Inquiry
chawal brand wala hai ya local? please,Inquiry
accha wala soap milega,Inquiry
fresh oil milega?,Inquiry
doodh kitne ka hai? urgent,Inquiry
biscuits brand wala hai ya local bhaiya,Inquiry
paneer ka stock kab aayega,Inquiry
branded salt milega?,Inquiry
stock mein hai aata? please,Inquiry
sasta shampoo milega,Inquiry
stock mein hai kurkure? bhai,Inquiry
rate kya chal raha hai sabun ka? please,Inquiry
fresh sabun milega?,Inquiry
rate kya chal raha hai sabun ka bhaiya,Inquiry
aaj ka aata milega?,Inquiry
salt kitne ka hai bhai,Inquiry
price of milk urgent,Inquiry
branded chips milega,Inquiry
sugar ka stock kab aayega?,Inquiry
stock mein hai aata?,Inquiry
kab deliver hoga?,Logistics
delay kyu horaha hai,Logistics
hi order kahan hai,Logistics
mera order kab aayega,Logistics
guard ke paas rakh dena,Logistics
delivery boy ka number do,Logistics
please deliver fast,Logistics
can you change address to ghar pe?,Logistics
jaldi bhej do please,Logistics
bhaiya raste mein hai kya delivery wala?,Logistics
location bhej do,Logistics
order shipped hua kya? jaldi,Logistics
ghar pe bhej dena,Logistics
hello order kahan hai?,Logistics
mera order kab aayega?,Logistics
order kahan hai,Logistics
track link kaam nahi kar raha bhai,Logistics
track link kaam nahi kar raha please,Logistics
can you change address to shop pe,Logistics
please deliver fast please,Logistics
bhaiya gate par bhej dena,Logistics
call when you reach,Logistics
kahan tak pocha order?,Logistics
track link kaam nahi kar raha,Logistics
delivery boy ka number do bhaiya,Logistics
late kyun hai,Logistics
call when you reach bhai,Logistics
please deliver morning,Logistics
kahan tak pocha order,Logistics
please deliver abhi,Logistics
late kyun hai? jaldi,Logistics
ji order kahan hai?,Logistics
hello gate par bhej dena,Logistics
bhaiya order kahan hai?,Logistics
order shipped hua kya?,Logistics
delay kyu horaha hai bhaiya,Logistics
hey office bhej dena,Logistics
can you change address to sector 15,Logistics
kahan tak pocha order? urgent,Logistics
late kyun hai?,Logistics
kab deliver hoga,Logistics
order shipped hua kya,Logistics
ji order kahan hai jaldi,Logistics
namaste order kahan hai,Logistics
namaste order kahan hai?,Logistics
can you change address to building 7,Logistics
bhaiya ghar pe bhej dena,Logistics
guard ke paas rakh dena please,Logistics
hey guard ko bhej dena,Logistics
location bhej do jaldi,Logistics
otp kya hai delivery ka? fast,Logistics
otp kya hai delivery ka,Logistics
can you change address to guard ko please,Logistics
sir market bhej dena urgent,Logistics
track link kaam nahi kar raha bhaiya,Logistics
please deliver 10 min mein,Logistics
jaldi bhej do please please,Logistics
call when you reach please,Logistics
please deliver kal,Logistics
jaldi bhej do please urgent,Logistics
bhaiya raste mein hai kya delivery wala,Logistics
hey ghar pe bhej dena,Logistics
kahan tak pocha order fast,Logistics
call when you reach fast,Logistics
order kahan hai?,Logistics
can you change address to gate par?,Logistics
please deliver evening,Logistics
ji order kahan hai,Logistics
sir order kahan hai?,Logistics
listen order kahan hai,Logistics
kab deliver hoga bhai,Logistics
otp kya hai delivery ka bhai,Logistics
madam ghar pe bhej dena,Logistics
bhaiya building 7 bhej dena,Logistics
listen order kahan hai jaldi,Logistics
late kyun hai please,Logistics
jaldi bhej do please bhaiya,Logistics
please deliver fast bhai,Logistics
delay kyu horaha hai urgent,Logistics
guard ke paas rakh dena bhai,Logistics
call when you reach jaldi,Logistics
please deliver fast jaldi,Logistics
hi order kahan hai? bhaiya,Logistics
hey order kahan hai,Logistics
mera order kab aayega bhaiya,Logistics
can you change address to building 7 fast,Logistics
kab deliver hoga? please,Logistics
hello shop pe bhej dena,Logistics
guard ke paas rakh dena fast,Logistics
otp kya hai delivery ka jaldi,Logistics
can you change address to gate par,Logistics
bhaiya raste mein hai kya delivery wala? fast,Logistics
can you change address to guard ko? urgent,Logistics
mera order kab aayega fast,Logistics
can you change address to office please,Logistics
ji building 7 bhej dena,Logistics
bhaiya raste mein hai kya delivery wala? please,Logistics
bhaiya raste mein hai kya delivery wala? bhaiya,Logistics
please deliver aaj,Logistics
ji shop pe bhej dena,Logistics
late kyun hai? bhaiya,Logistics
namaste office bhej dena please,Logistics
hey civil lines bhej dena,Logistics
bhai ghar pe bhej dena,Logistics
please deliver abhi bhaiya,Logistics
location bhej do bhai,Logistics
kab deliver hoga urgent,Logistics
bhaiya raste mein hai kya delivery wala? bhai,Logistics
shop pe bhej dena jaldi,Logistics
otp kya hai delivery ka please,Logistics
ji market bhej dena fast,Logistics
bhai order kahan hai,Logistics
listen building 7 bhej dena,Logistics
ji gate par bhej dena please,Logistics
late kyun hai bhai,Logistics
can you change address to civil lines,Logistics
office bhej dena,Logistics
bhai order kahan hai?,Logistics
guard ke paas rakh dena urgent,Logistics
delay kyu horaha hai jaldi,Logistics
sir sector 15 bhej dena,Logistics
please deliver fast bhaiya,Logistics
sector 15 bhej dena,Logistics
otp kya hai delivery ka? please,Logistics
delivery boy ka number do jaldi,Logistics
late kyun hai? please,Logistics
ji gate par bhej dena urgent,Logistics
otp kya hai delivery ka? bhaiya,Logistics
order shipped hua kya jaldi,Logistics
mera order kab aayega? urgent,Logistics
guard ke paas rakh dena jaldi,Logistics
please deliver urgent,Logistics
kahan tak pocha order jaldi,Logistics
sir order kahan hai please,Logistics
track link kaam nahi kar raha urgent,Logistics
jaldi bhej do please bhai,Logistics
call when you reach urgent,Logistics
kahan tak pocha order? jaldi,Logistics
can you change address to guard ko?,Logistics
please deliver jaldi,Logistics
madam order kahan hai?,Logistics
kahan tak pocha order? please,Logistics
can you change address to ghar pe,Logistics
kahan tak pocha order urgent,Logistics
sir guard ko bhej dena,Logistics
bhaiya order kahan hai,Logistics
madam order kahan hai? bhaiya,Logistics
kahan tak pocha order bhaiya,Logistics
please deliver 10 min mein urgent,Logistics
location bhej do bhaiya,Logistics
order shipped hua kya? please,Logistics
delivery boy ka number do please,Logistics
track link kaam nahi kar raha fast,Logistics
please deliver fast fast,Logistics
late kyun hai bhaiya,Logistics
order shipped hua kya? urgent,Logistics
bhai order kahan hai? please,Logistics
can you change address to guard ko,Logistics
listen market bhej dena,Logistics
please deliver urgent bhai,Logistics
can you change address to civil lines please,Logistics
madam office bhej dena,Logistics
ji guard ko bhej dena,Logistics
delivery boy ka number do fast,Logistics
hi guard ko bhej dena,Logistics
mera order kab aayega? please,Logistics
jaldi bhej do please fast,Logistics
bhaiya raste mein hai kya delivery wala? urgent,Logistics
Order shipped hua kya please,Logistics
mera order kab aayega urgent,Logistics
bhaiya civil lines bhej dena,Logistics
can you change address to market?,Logistics
track link kaam nahi kar raha jaldi,Logistics
can you change address to office?,Logistics
delay kyu horaha hai bhai,Logistics
delay kyu horaha hai please,Logistics
kahan tak pocha order? bhai,Logistics
order kahan hai? bhaiya,Logistics
can you change address to sector 15?,Logistics
late kyun hai jaldi,Logistics
delay kyu horaha hai fast,Logistics
kahan tak pocha order? fast,Logistics
Hello sector 15 bhej dena,Logistics
madam civil lines bhej dena,Logistics
listen guard ko bhej dena,Logistics
location bhej do urgent,Logistics
madam guard ko bhej dena,Logistics
bhaiya raste mein hai kya delivery wala fast,Logistics
can you change address to shop pe?,Logistics
hello guard ko bhej dena,Logistics
Namaste order kahan hai fast,Logistics
Kab deliver hoga? bhai,Logistics
can you change address to market,Logistics
namaste guard ko bhej dena fast,Logistics
Kab deliver hoga? urgent,Logistics
can you change address to guard ko jaldi,Logistics
location bhej do please,Logistics
can you change address to shop pe bhai,Logistics
hey order kahan hai?,Logistics
bhaiya office bhej dena,Logistics
civil lines bhej dena bhai,Logistics
listen shop pe bhej dena,Logistics
can you change address to office,Logistics
can you change address to office bhai,Logistics
order kahan hai bhai,Logistics
can you change address to civil lines urgent,Logistics
Kahan tak pocha order bhai,Logistics
hello gate par bhej dena fast,Logistics
Hello market bhej dena,Logistics
bhaiya raste mein hai kya delivery wala? jaldi,Logistics
hey building 7 bhej dena,Logistics
jaldi bhej do please jaldi,Logistics
kahan tak pocha order? bhaiya,Logistics
guard ke paas rakh dena bhaiya,Logistics
can you change address to civil lines?,Logistics
please deliver morning jaldi,Logistics
hey order kahan hai urgent,Logistics
namaste gate par bhej dena,Logistics
ji office bhej dena,Logistics
bhai market bhej dena,Logistics
kab deliver hoga jaldi,Logistics
bhaiya raste mein hai kya delivery wala bhai,Logistics
order kahan hai? bhai,Logistics
late kyun hai? fast,Logistics
location bhej do fast,Logistics
kahan tak pocha order please,Logistics
ji sector 15 bhej dena,Logistics
Bhai gate par bhej dena,Logistics
building 7 bhej dena fast,Logistics
mera order kab aayega? jaldi,Logistics
can you change address to building 7?,Logistics
bhai ghar pe bhej dena urgent,Logistics
please deliver evening please,Logistics
kab deliver hoga? bhaiya,Logistics
bhaiya raste mein hai kya delivery wala bhaiya,Logistics
late kyun hai? bhai,Logistics
hi order kahan hai?,Logistics
namaste shop pe bhej dena,Logistics
please deliver jaldi fast,Logistics
madam order kahan hai,Logistics
bhaiya raste mein hai kya delivery wala urgent,Logistics
order shipped hua kya? fast,Logistics
shop pe bhej dena,Logistics
mera order kab aayega bhai,Logistics
please deliver aaj please,Logistics
hi building 7 bhej dena,Logistics
namaste office bhej dena,Logistics
can you change address to sector 15 please,Logistics
hi market bhej dena,Logistics
hello civil lines bhej dena urgent,Logistics
otp kya hai delivery ka? bhai,Logistics
hello building 7 bhej dena,Logistics
bhaiya sector 15 bhej dena,Logistics
ji civil lines bhej dena,Logistics
listen civil lines bhej dena please,Logistics
can you change address to office jaldi,Logistics
call when you reach bhaiya,Logistics
sir order kahan hai,Logistics
namaste ghar pe bhej dena jaldi,Logistics
hello order kahan hai? urgent,Logistics
can you change address to building 7? bhaiya,Logistics
bhaiya raste mein hai kya delivery wala jaldi,Logistics
order kahan hai urgent,Logistics
please deliver fast urgent,Logistics
madam order kahan hai urgent,Logistics
hello order kahan hai,Logistics
otp kya hai delivery ka? jaldi,Logistics
hi civil lines bhej dena,Logistics
market bhej dena,Logistics
hello office bhej dena,Logistics
madam shop pe bhej dena,Logistics
mera order kab aayega? fast,Logistics
please deliver jaldi bhai,Logistics
please deliver 10 min mein bhaiya,Logistics
listen sector 15 bhej dena,Logistics
can you change address to office? please,Logistics
office bhej dena bhaiya,Logistics
bhai order kahan hai? bhaiya,Logistics
please deliver morning bhaiya,Logistics
mera order kab aayega? bhaiya,Logistics
order shipped hua kya? bhaiya,Logistics
otp kya hai delivery ka urgent,Logistics
please deliver kal bhaiya,Logistics
Please deliver kal bhai,Logistics
building 7 bhej dena,Logistics
please deliver morning bhai,Logistics
can you change address to gate par? please,Logistics
please deliver urgent urgent,Logistics
late kyun hai urgent,Logistics
late kyun hai fast,Logistics
otp kya hai delivery ka bhaiya,Logistics
hey market bhej dena please,Logistics
please deliver evening urgent,Logistics
otp kya hai delivery ka? urgent,Logistics
late kyun hai? urgent,Logistics
order shipped hua kya? bhai,Logistics
madam sector 15 bhej dena,Logistics
can you change address to gate par jaldi,Logistics
guard ko bhej dena,Logistics
listen gate par bhej dena urgent,Logistics
bhai market bhej dena jaldi,Logistics
order kahan hai? fast,Logistics
hey order kahan hai? urgent,Logistics
please deliver evening bhai,Logistics
namaste civil lines bhej dena,Logistics
sir civil lines bhej dena,Logistics
Gate par bhej dena,Logistics
kab deliver hoga? jaldi,Logistics
please deliver abhi urgent,Logistics
kab deliver hoga? fast,Logistics
can you change address to market jaldi,Logistics
please deliver abhi bhai,Logistics
can you change address to shop pe please,Logistics
bhai shop pe bhej dena,Logistics
can you change address to gate par? jaldi,Logistics
can you change address to office? bhai,Logistics
madam building 7 bhej dena urgent,Logistics
namaste order kahan hai urgent,Logistics
otp kya hai delivery ka fast,Logistics
bhaiya market bhej dena,Logistics
can you change address to sector 15 bhai,Logistics
please deliver morning fast,Logistics
hey gate par bhej dena,Logistics
madam market bhej dena,Logistics
please deliver evening jaldi,Logistics
please deliver jaldi urgent,Logistics
Ji market bhej dena,Logistics
mera order kab aayega jaldi,Logistics
namaste sector 15 bhej dena,Logistics
listen civil lines bhej dena,Logistics
bhaiya order kahan hai urgent,Logistics
bhaiya building 7 bhej dena urgent,Logistics
can you change address to gate par? bhaiya,Logistics
sir building 7 bhej dena bhai,Logistics
order shipped hua kya fast,Logistics
namaste order kahan hai jaldi,Logistics
Hey order kahan hai? please,Logistics
can you change address to ghar pe bhaiya,Logistics
ghar pe bhej dena urgent,Logistics
can you change address to sector 15? urgent,Logistics
listen office bhej dena,Logistics
ji office bhej dena urgent,Logistics
sir building 7 bhej dena,Logistics
can you change address to guard ko? please,Logistics
delivery boy ka number do bhai,Logistics
mera order kab aayega? bhai,Logistics
kab deliver hoga please,Logistics
madam gate par bhej dena,Logistics
please deliver aaj urgent,Logistics
Ji order kahan hai fast,Logistics
ji office bhej dena fast,Logistics
please deliver jaldi please,Logistics
order shipped hua kya bhai,Logistics
delivery boy ka number do urgent,Logistics
hello civil lines bhej dena,Logistics
hey civil lines bhej dena fast,Logistics
ji gate par bhej dena,Logistics
bhaiya guard ko bhej dena,Logistics
order kahan hai jaldi,Logistics
listen order kahan hai bhai,Logistics
kab deliver hoga bhaiya,Logistics
bhaiya market bhej dena jaldi,Logistics
please deliver aaj bhai,Logistics
can you change address to building 7? urgent,Logistics
namaste ghar pe bhej dena,Logistics
listen order kahan hai?,Logistics
hey sector 15 bhej dena,Logistics
Gate par bhej dena bhai,Logistics
civil lines bhej dena,Logistics
please deliver 10 min mein please,Logistics
hello order kahan hai? please,Logistics
hi office bhej dena,Logistics
sir ghar pe bhej dena,Logistics
please deliver 10 min mein bhai,Logistics
hey shop pe bhej dena,Logistics
can you change address to building 7? bhai,Logistics
please deliver urgent fast,Logistics
hello shop pe bhej dena please,Logistics
guard ko bhej dena urgent,Logistics
sector 15 bhej dena bhai,Logistics
hello ghar pe bhej dena,Logistics
kab deliver hoga fast,Logistics
sir shop pe bhej dena,Logistics
please deliver jaldi bhaiya,Logistics
Bhai civil lines bhej dena,Logistics
bhai gate par bhej dena urgent,Logistics
can you change address to ghar pe? bhai,Logistics
ji office bhej dena bhaiya,Logistics
sir gate par bhej dena urgent,Logistics
ji order kahan hai? bhaiya,Logistics
Hey ghar pe bhej dena urgent,Logistics
bhai guard ko bhej dena,Logistics
hey guard ko bhej dena jaldi,Logistics
can you change address to market? jaldi,Logistics
bhaiya shop pe bhej dena,Logistics
namaste sector 15 bhej dena bhai,Logistics
please deliver evening fast,Logistics
please deliver aaj fast,Logistics
madam sector 15 bhej dena fast,Logistics
hey order kahan hai? fast,Logistics
namaste building 7 bhej dena bhai,Logistics
hi ghar pe bhej dena,Logistics
bhai guard ko bhej dena please,Logistics
namaste market bhej dena,Logistics
namaste guard ko bhej dena,Logistics
bhai order kahan hai? urgent,Logistics
can you change address to civil lines fast,Logistics
sir market bhej dena,Logistics
hi sector 15 bhej dena,Logistics
can you change address to sector 15? bhai,Logistics
Bhai order kahan hai bhai,Logistics
can you change address to ghar pe? please,Logistics
hey office bhej dena please,Logistics
can you change address to civil lines? urgent,Logistics
can you change address to market bhai,Logistics
please deliver evening bhaiya,Logistics
madam order kahan hai fast,Logistics
sir order kahan hai jaldi,Logistics
hello office bhej dena bhai,Logistics
can you change address to office? urgent,Logistics
can you change address to building 7? jaldi,Logistics
mera order kab aayega please,Logistics
listen order kahan hai bhaiya,Logistics
order kahan hai bhaiya,Logistics
order shipped hua kya bhaiya,Logistics
gate par bhej dena urgent,Logistics
ji building 7 bhej dena bhaiya,Logistics
please deliver abhi fast,Logistics
can you change address to sector 15 jaldi,Logistics
namaste shop pe bhej dena please,Logistics
bhaiya order kahan hai bhai,Logistics
can you change address to market? please,Logistics
market bhej dena please,Logistics
ji order kahan hai? jaldi,Logistics
bhaiya order kahan hai jaldi,Logistics
listen guard ko bhej dena bhaiya,Logistics
order kahan hai? jaldi,Logistics
hi order kahan hai fast,Logistics
ji order kahan hai? fast,Logistics
bhaiya raste mein hai kya delivery wala please,Logistics
hi order kahan hai please,Logistics
hi market bhej dena bhaiya,Logistics
can you change address to building 7 urgent,Logistics
can you change address to gate par? fast,Logistics
civil lines bhej dena jaldi,Logistics
listen ghar pe bhej dena please,Logistics
order kahan hai fast,Logistics
Can you change address to gate par? bhai,Logistics
can you change address to shop pe? urgent,Logistics
listen gate par bhej dena,Logistics
can you change address to civil lines? bhai,Logistics
sir order kahan hai? bhai,Logistics
order shipped hua kya urgent,Logistics
sir office bhej dena,Logistics
Ji ghar pe bhej dena,Logistics
Sector 15 bhej dena urgent,Logistics
hey order kahan hai bhai,Logistics
bhai sector 15 bhej dena,Logistics
Order kahan hai please,Logistics
gate par bhej dena fast,Logistics
can you change address to market fast,Logistics
bhai building 7 bhej dena,Logistics
bhaiya order kahan hai bhaiya,Logistics
hi order kahan hai urgent,Logistics
order kahan hai? urgent,Logistics
can you change address to civil lines jaldi,Logistics
madam building 7 bhej dena,Logistics
can you change address to sector 15 fast,Logistics
bhai office bhej dena bhaiya,Logistics
hi gate par bhej dena,Logistics
can you change address to sector 15? fast,Logistics
can you change address to shop pe? fast,Logistics
office bhej dena please,Logistics
hello order kahan hai? fast,Logistics
please deliver urgent please,Logistics
listen office bhej dena bhaiya,Logistics
Can you change address to guard ko? jaldi,Logistics
hi gate par bhej dena jaldi,Logistics
please deliver aaj bhaiya,Logistics
hi shop pe bhej dena,Logistics
bhaiya guard ko bhej dena fast,Logistics
listen ghar pe bhej dena,Logistics
can you change address to sector 15? bhaiya,Logistics
namaste ghar pe bhej dena please,Logistics
Madam order kahan hai bhai,Logistics
hey market bhej dena,Logistics
listen gate par bhej dena bhai,Logistics
can you change address to gate par urgent,Logistics
can you change address to civil lines? fast,Logistics
listen order kahan hai fast,Logistics
sir gate par bhej dena,Logistics
listen civil lines bhej dena bhai,Logistics
can you change address to gate par? urgent,Logistics
can you change address to ghar pe bhai,Logistics
Namaste building 7 bhej dena bhaiya,Logistics
ji order kahan hai please,Logistics
can you change address to shop pe urgent,Logistics
sir order kahan hai bhai,Logistics
bhai shop pe bhej dena jaldi,Logistics
please deliver abhi jaldi,Logistics
ji building 7 bhej dena fast,Logistics
hey shop pe bhej dena fast,Logistics
building 7 bhej dena urgent,Logistics
sir civil lines bhej dena fast,Logistics
listen gate par bhej dena fast,Logistics
sir order kahan hai? urgent,Logistics
please deliver 10 min mein jaldi,Logistics
can you change address to guard ko? bhai,Logistics
ghar pe bhej dena fast,Logistics
listen order kahan hai? bhai,Logistics
can you change address to ghar pe? jaldi,Logistics
sector 15 bhej dena please,Logistics
can you change address to ghar pe urgent,Logistics
bhai guard ko bhej dena bhai,Logistics
bhai civil lines bhej dena jaldi,Logistics
bhai order kahan hai urgent,Logistics
bhaiya order kahan hai please,Logistics
hey sector 15 bhej dena please,Logistics
bhaiya market bhej dena bhaiya,Logistics
can you change address to sector 15? jaldi,Logistics
namaste building 7 bhej dena,Logistics
namaste sector 15 bhej dena fast,Logistics
bhai office bhej dena urgent,Logistics
bhaiya ghar pe bhej dena please,Logistics
Bhai building 7 bhej dena jaldi,Logistics
bhaiya shop pe bhej dena bhai,Logistics
can you change address to ghar pe please,Logistics
can you change address to shop pe jaldi,Logistics
namaste order kahan hai please,Logistics
bhai order kahan hai fast,Logistics
ji order kahan hai bhai,Logistics
madam ghar pe bhej dena fast,Logistics
hi order kahan hai? jaldi,Logistics
hello order kahan hai? bhaiya,Logistics
office bhej dena urgent,Logistics
can you change address to office fast,Logistics
namaste order kahan hai? fast,Logistics
can you change address to market? bhaiya,Logistics
sir order kahan hai? fast,Logistics
Ji guard ko bhej dena bhai,Logistics
Hi order kahan hai bhaiya,Logistics
madam office bhej dena please,Logistics
listen office bhej dena please,Logistics
can you change address to gate par please,Logistics
building 7 bhej dena jaldi,Logistics
hello sector 15 bhej dena fast,Logistics
office bhej dena bhai,Logistics
hey order kahan hai? bhaiya,Logistics
madam order kahan hai bhaiya,Logistics
hello sector 15 bhej dena bhai,Logistics
sir market bhej dena jaldi,Logistics
market bhej dena fast,Logistics
can you change address to office urgent,Logistics
please deliver morning please,Logistics
can you change address to guard ko bhaiya,Logistics
can you change address to ghar pe jaldi,Logistics
sir building 7 bhej dena bhaiya,Logistics
can you change address to ghar pe? urgent,Logistics
listen sector 15 bhej dena bhai,Logistics
can you change address to building 7? fast,Logistics
can you change address to guard ko bhai,Logistics
sir order kahan hai urgent,Logistics
hey ghar pe bhej dena bhaiya,Logistics
ji order kahan hai? urgent,Logistics
listen order kahan hai? bhaiya,Logistics
madam gate par bhej dena fast,Logistics
bhai civil lines bhej dena urgent,Logistics
sir civil lines bhej dena jaldi,Logistics
bhaiya civil lines bhej dena fast,Logistics
ji order kahan hai? bhai,Logistics
can you change address to sector 15 urgent,Logistics
please deliver jaldi jaldi,Logistics
hi order kahan hai? bhai,Logistics
Hi civil lines bhej dena fast,Logistics
ghar pe bhej dena please,Logistics
listen order kahan hai? jaldi,Logistics
listen gate par bhej dena please,Logistics
civil lines bhej dena please,Logistics
hi order kahan hai bhai,Logistics
market bhej dena bhai,Logistics
hi shop pe bhej dena bhai,Logistics
ji guard ko bhej dena fast,Logistics
ji shop pe bhej dena bhaiya,Logistics
hello office bhej dena please,Logistics
listen sector 15 bhej dena please,Logistics
hey order kahan hai jaldi,Logistics
hi order kahan hai? please,Logistics
civil lines bhej dena urgent,Logistics
can you change address to gate par fast,Logistics
bhaiya office bhej dena please,Logistics
can you change address to building 7 jaldi,Logistics
madam market bhej dena urgent,Logistics
can you change address to guard ko? bhaiya,Logistics
hi ghar pe bhej dena fast,Logistics
hey office bhej dena fast,Logistics
can you change address to shop pe? please,Logistics
bhaiya shop pe bhej dena urgent,Logistics
madam shop pe bhej dena fast,Logistics
market bhej dena bhaiya,Logistics
namaste ghar pe bhej dena bhaiya,Logistics
Sir building 7 bhej dena please,Logistics
bhaiya order kahan hai fast,Logistics
bhaiya order kahan hai? jaldi,Logistics
can you change address to market urgent,Logistics
hello shop pe bhej dena urgent,Logistics
hi market bhej dena bhai,Logistics
can you change address to office? fast,Logistics
hey gate par bhej dena fast,Logistics
hello order kahan hai? bhai,Logistics
bhai shop pe bhej dena urgent,Logistics
bhaiya order kahan hai? bhaiya,Logistics
bhai market bhej dena bhaiya,Logistics
can you change address to guard ko? fast,Logistics
madam order kahan hai? bhai,Logistics
can you change address to ghar pe fast,Logistics
shop pe bhej dena bhaiya,Logistics
listen gate par bhej dena bhaiya,Logistics
bhai order kahan hai? bhai,Logistics
listen ghar pe bhej dena urgent,Logistics
can you change address to market? urgent,Logistics
listen market bhej dena urgent,Logistics
can you change address to sector 15 bhaiya,Logistics
bhaiya gate par bhej dena jaldi,Logistics
hi guard ko bhej dena please,Logistics
bhai order kahan hai please,Logistics
can you change address to civil lines? bhaiya,Logistics
hello civil lines bhej dena bhaiya,Logistics
can you change address to ghar pe? bhaiya,Logistics
sir gate par bhej dena bhai,Logistics
hi market bhej dena fast,Logistics
hello office bhej dena bhaiya,Logistics
please deliver morning urgent,Logistics
ji order kahan hai urgent,Logistics
ji ghar pe bhej dena jaldi,Logistics
please deliver kal urgent,Logistics
Can you change address to shop pe? bhai,Logistics
bhaiya order kahan hai? fast,Logistics
bhaiya ghar pe bhej dena urgent,Logistics
namaste civil lines bhej dena jaldi,Logistics
hello civil lines bhej dena fast,Logistics
ghar pe bhej dena bhaiya,Logistics
ji sector 15 bhej dena bhaiya,Logistics
please deliver urgent jaldi,Logistics
sir office bhej dena bhai,Logistics
hi order kahan hai? urgent,Logistics
madam order kahan hai? fast,Logistics
bhai office bhej dena fast,Logistics
ji shop pe bhej dena jaldi,Logistics
sector 15 bhej dena jaldi,Logistics
please deliver kal fast,Logistics
can you change address to market bhaiya,Logistics
namaste guard ko bhej dena urgent,Logistics
hi building 7 bhej dena bhai,Logistics
please deliver 10 min mein fast,Logistics
listen building 7 bhej dena bhai,Logistics
bhai office bhej dena please,Logistics
sir market bhej dena bhai,Logistics
hello order kahan hai bhaiya,Logistics
hey ghar pe bhej dena please,Logistics
bhai order kahan hai bhaiya,Logistics
sir gate par bhej dena fast,Logistics
Sir order kahan hai? bhaiya,Logistics
please deliver aaj jaldi,Logistics
please deliver kal please,Logistics
bhaiya order kahan hai? please,Logistics
please deliver urgent bhaiya,Logistics
can you change address to civil lines bhai,Logistics
guard ko bhej dena jaldi,Logistics
bhai market bhej dena fast,Logistics
hey building 7 bhej dena fast,Logistics
Madam market bhej dena please,Logistics
ji civil lines bhej dena urgent,Logistics
can you change address to office? jaldi,Logistics
hey order kahan hai? bhai,Logistics
please deliver kal jaldi,Logistics
hello order kahan hai fast,Logistics
namaste order kahan hai? please,Logistics
bhai sector 15 bhej dena urgent,Logistics
bhai office bhej dena,Logistics
namaste shop pe bhej dena urgent,Logistics
Bhai order kahan hai? jaldi,Logistics
namaste office bhej dena jaldi,Logistics
madam order kahan hai jaldi,Logistics
listen ghar pe bhej dena fast,Logistics
can you change address to civil lines? please,Logistics
sir order kahan hai? please,Logistics
madam ghar pe bhej dena please,Logistics
hi sector 15 bhej dena fast,Logistics
namaste sector 15 bhej dena urgent,Logistics
madam order kahan hai? please,Logistics
listen ghar pe bhej dena bhai,Logistics
bhaiya guard ko bhej dena please,Logistics
madam building 7 bhej dena bhai,Logistics
bhai gate par bhej dena bhaiya,Logistics
can you change address to building 7 please,Logistics
ji order kahan hai bhaiya,Logistics
can you change address to office? bhaiya,Logistics
guard ko bhej dena please,Logistics
hey guard ko bhej dena bhai,Logistics
can you change address to gate par bhaiya,Logistics
listen order kahan hai? urgent,Logistics
can you change address to office bhaiya,Logistics
hi office bhej dena jaldi,Logistics
Hello order kahan hai? jaldi,Logistics
can you change address to civil lines? jaldi,Logistics
building 7 bhej dena bhai,Logistics
hi guard ko bhej dena bhai,Logistics
bhaiya sector 15 bhej dena bhaiya,Logistics
hello order kahan hai please,Logistics
bhai building 7 bhej dena bhaiya,Logistics
madam order kahan hai? jaldi,Logistics
madam order kahan hai? urgent,Logistics
bhai ghar pe bhej dena please,Logistics
Namaste office bhej dena urgent,Logistics
namaste market bhej dena jaldi,Logistics
Can you change address to shop pe bhaiya,Logistics
office bhej dena jaldi,Logistics
Please deliver abhi please,Logistics
hello building 7 bhej dena bhai,Logistics
namaste civil lines bhej dena urgent,Logistics
ji order kahan hai? please,Logistics
hello market bhej dena urgent,Logistics
madam sector 15 bhej dena bhaiya,Logistics
can you change address to market? bhai,Logistics
Hey sector 15 bhej dena bhaiya,Logistics
can you change address to market please,Logistics
sir order kahan hai fast,Logistics
ji shop pe bhej dena urgent,Logistics
bhaiya office bhej dena bhaiya,Logistics
bhai ghar pe bhej dena bhai,Logistics
bhai sector 15 bhej dena fast,Logistics
bhaiya order kahan hai? urgent,Logistics
can you change address to guard ko fast,Logistics
Guard ko bhej dena bhaiya,Logistics
hey shop pe bhej dena bhaiya,Logistics
madam market bhej dena jaldi,Logistics
hey guard ko bhej dena please,Logistics
madam building 7 bhej dena jaldi,Logistics
madam civil lines bhej dena please,Logistics
bhai shop pe bhej dena bhai,Logistics
ji guard ko bhej dena urgent,Logistics
namaste market bhej dena fast,Logistics
ji guard ko bhej dena jaldi,Logistics
hey ghar pe bhej dena jaldi,Logistics
guard ko bhej dena fast,Logistics
hello order kahan hai jaldi,Logistics
bhaiya order kahan hai? bhai,Logistics
can you change address to guard ko urgent,Logistics
gate par bhej dena jaldi,Logistics
hello office bhej dena jaldi,Logistics
bhaiya market bhej dena fast,Logistics
hello sector 15 bhej dena please,Logistics
hello guard ko bhej dena urgent,Logistics
bhaiya shop pe bhej dena jaldi,Logistics
sir office bhej dena jaldi,Logistics
can you change address to gate par bhai,Logistics
hello sector 15 bhej dena jaldi,Logistics
market bhej dena jaldi,Logistics
hi office bhej dena fast,Logistics
hello building 7 bhej dena bhaiya,Logistics
listen market bhej dena bhaiya,Logistics
hey order kahan hai fast,Logistics
listen building 7 bhej dena bhaiya,Logistics
bhaiya civil lines bhej dena bhaiya,Logistics
bhai order kahan hai jaldi,Logistics
bhaiya market bhej dena urgent,Logistics
office bhej dena fast,Logistics
bhai office bhej dena bhai,Logistics
sir building 7 bhej dena fast,Logistics
madam guard ko bhej dena urgent,Logistics
ji sector 15 bhej dena fast,Logistics
can you change address to market? fast,Logistics
listen order kahan hai please,Logistics
order kahan hai? please,Logistics
Listen guard ko bhej dena fast,Logistics
ji sector 15 bhej dena urgent,Logistics
hey guard ko bhej dena bhaiya,Logistics
listen order kahan hai urgent,Logistics
namaste order kahan hai? bhaiya,Logistics
namaste ghar pe bhej dena urgent,Logistics
bhaiya building 7 bhej dena please,Logistics
sir shop pe bhej dena bhaiya,Logistics
bhai gate par bhej dena please,Logistics
bhai order kahan hai? fast,Logistics
namaste civil lines bhej dena bhai,Logistics
listen sector 15 bhej dena fast,Logistics
listen market bhej dena jaldi,Logistics
can you change address to shop pe? jaldi,Logistics
can you change address to shop pe? bhaiya,Logistics
hey sector 15 bhej dena jaldi,Logistics
ji guard ko bhej dena please,Logistics
sir guard ko bhej dena bhaiya,Logistics
hello market bhej dena jaldi,Logistics
madam sector 15 bhej dena bhai,Logistics
ji gate par bhej dena bhai,Logistics
sir sector 15 bhej dena jaldi,Logistics
hello ghar pe bhej dena fast,Logistics
ji ghar pe bhej dena urgent,Logistics
namaste guard ko bhej dena please,Logistics
namaste market bhej dena please,Logistics
madam guard ko bhej dena jaldi,Logistics
hey market bhej dena fast,Logistics
sir ghar pe bhej dena bhaiya,Logistics
can you change address to civil lines bhaiya,Logistics
hey gate par bhej dena jaldi,Logistics
Sector 15 bhej dena bhaiya,Logistics
hi order kahan hai? fast,Logistics
namaste building 7 bhej dena urgent,Logistics
namaste order kahan hai? bhai,Logistics
Sir office bhej dena please,Logistics
can you change address to building 7? please,Logistics
bhaiya building 7 bhej dena bhai,Logistics
madam building 7 bhej dena bhaiya,Logistics
hey order kahan hai bhaiya,Logistics
listen office bhej dena urgent,Logistics
sir order kahan hai bhaiya,Logistics
hi office bhej dena bhai,Logistics
hey ghar pe bhej dena fast,Logistics
ji shop pe bhej dena fast,Logistics
listen building 7 bhej dena fast,Logistics
bhaiya office bhej dena jaldi,Logistics
madam order kahan hai please,Logistics
hi guard ko bhej dena fast,Logistics
sir shop pe bhej dena bhai,Logistics
Ji ghar pe bhej dena please,Logistics
bhaiya market bhej dena bhai,Logistics
namaste sector 15 bhej dena bhaiya,Logistics
hello market bhej dena fast,Logistics
Hello building 7 bhej dena fast,Logistics
bhaiya sector 15 bhej dena jaldi,Logistics
hey sector 15 bhej dena bhai,Logistics
listen shop pe bhej dena jaldi,Logistics
hi market bhej dena urgent,Logistics
building 7 bhej dena please,Logistics
bhaiya sector 15 bhej dena fast,Logistics
bhai shop pe bhej dena fast,Logistics
listen order kahan hai? fast,Logistics
sir ghar pe bhej dena fast,Logistics
listen building 7 bhej dena please,Logistics
hello gate par bhej dena bhaiya,Logistics
hi gate par bhej dena urgent,Logistics
hi civil lines bhej dena please,Logistics
namaste order kahan hai bhaiya,Logistics
hey building 7 bhej dena urgent,Logistics
shop pe bhej dena please,Logistics
bhai sector 15 bhej dena bhai,Logistics
hi shop pe bhej dena please,Logistics
hello guard ko bhej dena bhai,Logistics
bhaiya civil lines bhej dena jaldi,Logistics
ji building 7 bhej dena urgent,Logistics
namaste market bhej dena bhaiya,Logistics
sir market bhej dena fast,Logistics
bhaiya gate par bhej dena please,Logistics
guard ko bhej dena bhai,Logistics
hey gate par bhej dena bhaiya,Logistics
hi gate par bhej dena bhaiya,Logistics
bhaiya ghar pe bhej dena jaldi,Logistics
madam ghar pe bhej dena urgent,Logistics
ji ghar pe bhej dena bhai,Logistics
hey order kahan hai please,Logistics
hey gate par bhej dena urgent,Logistics
namaste guard ko bhej dena bhai,Logistics
hey civil lines bhej dena urgent,Logistics
listen guard ko bhej dena urgent,Logistics
ji gate par bhej dena bhaiya,Logistics
hey market bhej dena bhai,Logistics
listen shop pe bhej dena bhai,Logistics
can you change address to building 7 bhai,Logistics
hello gate par bhej dena jaldi,Logistics
Hey shop pe bhej dena jaldi,Logistics
hello market bhej dena please,Logistics
Sir order kahan hai? jaldi,Logistics
hi ghar pe bhej dena jaldi,Logistics
listen gate par bhej dena jaldi,Logistics
madam office bhej dena bhai,Logistics
namaste ghar pe bhej dena fast,Logistics
bhai civil lines bhej dena bhai,Logistics
namaste building 7 bhej dena jaldi,Logistics
market bhej dena urgent,Logistics
madam civil lines bhej dena urgent,Logistics
namaste building 7 bhej dena fast,Logistics
hi market bhej dena please,Logistics
hi ghar pe bhej dena bhai,Logistics
namaste order kahan hai? jaldi,Logistics
namaste order kahan hai? urgent,Logistics
hello market bhej dena bhaiya,Logistics
Madam civil lines bhej dena bhai,Logistics
sir guard ko bhej dena urgent,Logistics
madam ghar pe bhej dena jaldi,Logistics
hi office bhej dena please,Logistics
hi market bhej dena jaldi,Logistics
listen sector 15 bhej dena urgent,Logistics
sir shop pe bhej dena fast,Logistics
hi civil lines bhej dena bhaiya,Logistics
listen sector 15 bhej dena jaldi,Logistics
bhai civil lines bhej dena bhaiya,Logistics
ji market bhej dena bhai,Logistics
listen guard ko bhej dena please,Logistics
listen order kahan hai? please,Logistics
can you change address to sector 15? please,Logistics
ji guard ko bhej dena bhaiya,Logistics
hi office bhej dena urgent,Logistics
hi order kahan hai jaldi,Logistics
ji market bhej dena please,Logistics
hey civil lines bhej dena please,Logistics
hi gate par bhej dena please,Logistics
hi office bhej dena bhaiya,Logistics
hello sector 15 bhej dena urgent,Logistics
namaste shop pe bhej dena bhai,Logistics
ji civil lines bhej dena bhai,Logistics
hello order kahan hai bhai,Logistics
madam shop pe bhej dena bhaiya,Logistics
hi guard ko bhej dena jaldi,Logistics
madam gate par bhej dena bhai,Logistics
Bhaiya shop pe bhej dena bhaiya,Logistics
hello order kahan hai urgent,Logistics
listen market bhej dena fast,Logistics
namaste shop pe bhej dena jaldi,Logistics
can you change address to shop pe fast,Logistics
hi shop pe bhej dena fast,Logistics
namaste gate par bhej dena bhai,Logistics
namaste order kahan hai bhai,Logistics
sir shop pe bhej dena urgent,Logistics
listen office bhej dena fast,Logistics
ji shop pe bhej dena bhai,Logistics
Namaste sector 15 bhej dena please,Logistics
listen ghar pe bhej dena jaldi,Logistics
madam market bhej dena bhaiya,Logistics
hey building 7 bhej dena please,Logistics
madam shop pe bhej dena jaldi,Logistics
namaste sector 15 bhej dena jaldi,Logistics
gate par bhej dena please,Logistics
listen civil lines bhej dena jaldi,Logistics
Hi building 7 bhej dena fast,Logistics
bhaiya gate par bhej dena bhaiya,Logistics
Bhai gate par bhej dena fast,Logistics
ji gate par bhej dena jaldi,Logistics
can you change address to ghar pe? fast,Logistics
ji civil lines bhej dena fast,Logistics
shop pe bhej dena fast,Logistics
hello gate par bhej dena bhai,Logistics
namaste office bhej dena bhaiya,Logistics
sir office bhej dena bhaiya,Logistics
ji civil lines bhej dena please,Logistics
hi shop pe bhej dena bhaiya,Logistics
ji market bhej dena jaldi,Logistics
madam ghar pe bhej dena bhaiya,Logistics
Bhai ghar pe bhej dena jaldi,Logistics
sir building 7 bhej dena jaldi,Logistics
sir market bhej dena please,Logistics
hey building 7 bhej dena jaldi,Logistics
can you change address to building 7 bhaiya,Logistics
hello shop pe bhej dena bhai,Logistics
madam office bhej dena fast,Logistics
madam sector 15 bhej dena urgent,Logistics
gate par bhej dena bhaiya,Logistics
listen market bhej dena bhai,Logistics
hey shop pe bhej dena bhai,Logistics
madam sector 15 bhej dena please,Logistics
bhaiya guard ko bhej dena bhaiya,Logistics
madam guard ko bhej dena please,Logistics
sir ghar pe bhej dena bhai,Logistics
hello sector 15 bhej dena bhaiya,Logistics
hello shop pe bhej dena bhaiya,Logistics
bhaiya market bhej dena please,Logistics
hello guard ko bhej dena jaldi,Logistics
bhai shop pe bhej dena bhaiya,Logistics
namaste office bhej dena bhai,Logistics
hey office bhej dena jaldi,Logistics
sir sector 15 bhej dena please,Logistics
listen market bhej dena please,Logistics
ghar pe bhej dena jaldi,Logistics
bhaiya sector 15 bhej dena urgent,Logistics
ghar pe bhej dena bhai,Logistics
hi civil lines bhej dena urgent,Logistics
hey civil lines bhej dena bhai,Logistics
namaste civil lines bhej dena fast,Logistics
bhaiya building 7 bhej dena jaldi,Logistics
namaste ghar pe bhej dena bhai,Logistics
bhai building 7 bhej dena please,Logistics
sector 15 bhej dena fast,Logistics
ji ghar pe bhej dena fast,Logistics
hi sector 15 bhej dena urgent,Logistics
hi building 7 bhej dena jaldi,Logistics
ji sector 15 bhej dena jaldi,Logistics
sir guard ko bhej dena please,Logistics
listen building 7 bhej dena jaldi,Logistics
hey gate par bhej dena please,Logistics
bhaiya office bhej dena fast,Logistics
sir shop pe bhej dena please,Logistics
hello market bhej dena bhai,Logistics
civil lines bhej dena fast,Logistics
bhai market bhej dena please,Logistics
Hi building 7 bhej dena please,Logistics
bhai guard ko bhej dena fast,Logistics
listen shop pe bhej dena fast,Logistics
ji civil lines bhej dena bhaiya,Logistics
bhaiya gate par bhej dena urgent,Logistics
hello ghar pe bhej dena bhai,Logistics
listen civil lines bhej dena bhaiya,Logistics
hey order kahan hai? jaldi,Logistics
bhaiya guard ko bhej dena jaldi,Logistics
Ji gate par bhej dena fast,Logistics
sir sector 15 bhej dena bhaiya,Logistics
sir civil lines bhej dena bhai,Logistics
sir sector 15 bhej dena urgent,Logistics
building 7 bhej dena bhaiya,Logistics
Hi sector 15 bhej dena bhai,Logistics
bhai guard ko bhej dena bhaiya,Logistics
bhai ghar pe bhej dena bhaiya,Logistics
sir market bhej dena bhaiya,Logistics
sir guard ko bhej dena bhai,Logistics
hello guard ko bhej dena fast,Logistics
hey shop pe bhej dena urgent,Logistics
bhai gate par bhej dena jaldi,Logistics
madam sector 15 bhej dena jaldi,Logistics
Hi guard ko bhej dena bhaiya,Logistics
listen guard ko bhej dena bhai,Logistics
bhaiya civil lines bhej dena bhai,Logistics
listen office bhej dena jaldi,Logistics
Shop pe bhej dena urgent,Logistics
namaste building 7 bhej dena please,Logistics
madam guard ko bhej dena bhai,Logistics
madam gate par bhej dena jaldi,Logistics
Madam market bhej dena fast,Logistics
shop pe bhej dena bhai,Logistics
bhai civil lines bhej dena fast,Logistics
bhaiya office bhej dena urgent,Logistics
bhaiya ghar pe bhej dena bhai,Logistics
madam office bhej dena jaldi,Logistics
see you,Irrelevant
haan,Irrelevant
👍 bhai,Irrelevant
thik hai,Irrelevant
nahi,Irrelevant
good night,Irrelevant
kuch nahi jaldi,Irrelevant
kuch nahi bhai,Irrelevant
kya time ho gaya bhaiya,Irrelevant
kuch nahi,Irrelevant
ok thanks,Irrelevant
haan fast,Irrelevant
bye,Irrelevant
call karo,Irrelevant
madam kaise ho,Irrelevant
haan please,Irrelevant
bhai aur batao,Irrelevant
thank you,Irrelevant
👍 bhaiya,Irrelevant
happy diwali,Irrelevant
thanks bhaiya jaldi,Irrelevant
hello ji,Irrelevant
kya time ho gaya urgent,Irrelevant
Aur batao please,Irrelevant
kya time ho gaya,Irrelevant
thanks bhaiya,Irrelevant
thik hai please,Irrelevant
hello kaise ho,Irrelevant
done,Irrelevant
listen aur batao,Irrelevant
good morning,Irrelevant
thank you bhai,Irrelevant
namaste,Irrelevant
missed call,Irrelevant
ok jaldi,Irrelevant
nahi bhai,Irrelevant
missed call bhai,Irrelevant
call karo bhaiya,Irrelevant
Missed call fast,Irrelevant
listen kaise ho jaldi,Irrelevant
bye please,Irrelevant
hello aur batao,Irrelevant
Sir,Irrelevant
hello ji please,Irrelevant
good night bhaiya,Irrelevant
hey kaise ho,Irrelevant
call karo jaldi,Irrelevant
missed call bhaiya,Irrelevant
madam aur batao,Irrelevant
madam,Irrelevant
ok please,Irrelevant
happy diwali bhai,Irrelevant
kuch nahi please,Irrelevant
bye bhaiya,Irrelevant
good morning please,Irrelevant
done please,Irrelevant
listen,Irrelevant
ok thanks bhai,Irrelevant
hmm,Irrelevant
thank you bhaiya,Irrelevant
namaste kaise ho,Irrelevant
hmm please,Irrelevant
kaise ho urgent,Irrelevant
happy diwali fast,Irrelevant
hi aur batao,Irrelevant
kya time ho gaya please,Irrelevant
radhe radhe bhaiya,Irrelevant
kya time ho gaya jaldi,Irrelevant
bhai,Irrelevant
ji kaise ho,Irrelevant
kya time ho gaya bhai,Irrelevant
Thank you please,Irrelevant
good night urgent,Irrelevant
call karo please,Irrelevant
kuch nahi urgent,Irrelevant
kaise ho,Irrelevant
Ok urgent,Irrelevant
thik hai urgent,Irrelevant
aur batao,Irrelevant
👍 please,Irrelevant
call karo urgent,Irrelevant
see you jaldi,Irrelevant
hello ji bhaiya,Irrelevant
aur batao bhai,Irrelevant
namaste aur batao,Irrelevant
good night jaldi,Irrelevant
namaste urgent,Irrelevant
see you bhaiya,Irrelevant
done bhaiya,Irrelevant
happy diwali urgent,Irrelevant
thank you urgent,Irrelevant
bhai kaise ho,Irrelevant
madam kaise ho bhai,Irrelevant
thik hai fast,Irrelevant
missed call jaldi,Irrelevant
good night bhai,Irrelevant
good morning fast,Irrelevant
hmm fast,Irrelevant
hi,Irrelevant
nahi urgent,Irrelevant
nahi please,Irrelevant
hmm jaldi,Irrelevant
ok bhai,Irrelevant
thanks bhaiya fast,Irrelevant
sir aur batao,Irrelevant
ji aur batao,Irrelevant
bhai kaise ho bhai,Irrelevant
sir kaise ho,Irrelevant
thik hai jaldi,Irrelevant
haan urgent,Irrelevant
hey aur batao,Irrelevant
thank you fast,Irrelevant
nahi jaldi,Irrelevant
kaise ho bhai,Irrelevant
hmm bhai,Irrelevant
bhaiya kaise ho,Irrelevant
listen kaise ho,Irrelevant
thank you jaldi,Irrelevant
hello ji bhai,Irrelevant
good morning jaldi,Irrelevant
hello ji fast,Irrelevant
hey urgent,Irrelevant
Bye bhai,Irrelevant
👍 urgent,Irrelevant
ok thanks fast,Irrelevant
happy diwali please,Irrelevant
done bhai,Irrelevant
radhe radhe bhai,Irrelevant
see you fast,Irrelevant
Ji,Irrelevant
Radhe radhe jaldi,Irrelevant
good morning urgent,Irrelevant
good morning bhai,Irrelevant
good night please,Irrelevant
ok bhaiya,Irrelevant
radhe radhe please,Irrelevant
haan bhaiya,Irrelevant
hello ji urgent,Irrelevant
hi kaise ho,Irrelevant
madam aur batao urgent,Irrelevant
bhai aur batao bhai,Irrelevant
see you please,Irrelevant
missed call urgent,Irrelevant
bhaiya aur batao,Irrelevant
ji fast,Irrelevant
thik hai bhai,Irrelevant
hello ji jaldi,Irrelevant
bye urgent,Irrelevant
hey aur batao bhai,Irrelevant
done fast,Irrelevant
thik hai bhaiya,Irrelevant
done jaldi,Irrelevant
ok thanks jaldi,Irrelevant
haan jaldi,Irrelevant
bhai bhai,Irrelevant
see you bhai,Irrelevant
ok thanks please,Irrelevant
madam kaise ho jaldi,Irrelevant
bhai kaise ho please,Irrelevant
namaste aur batao bhaiya,Irrelevant
namaste fast,Irrelevant
hey,Irrelevant
thanks bhaiya bhaiya,Irrelevant
bye jaldi,Irrelevant
thanks bhaiya urgent,Irrelevant
kuch nahi bhaiya,Irrelevant
missed call please,Irrelevant
ji aur batao bhaiya,Irrelevant
happy diwali jaldi,Irrelevant
done urgent,Irrelevant
ji kaise ho please,Irrelevant
bye fast,Irrelevant
👍 jaldi,Irrelevant
good morning bhaiya,Irrelevant
madam aur batao please,Irrelevant
👍 fast,Irrelevant
hi aur batao please,Irrelevant
bhaiya,Irrelevant
call karo bhai,Irrelevant
thanks bhaiya please,Irrelevant
thanks bhaiya bhai,Irrelevant
bhai jaldi,Irrelevant
nahi bhaiya,Irrelevant
bhaiya kaise ho please,Irrelevant
hello kaise ho please,Irrelevant
hey aur batao please,Irrelevant
kuch nahi fast,Irrelevant
bhaiya please,Irrelevant
bhaiya kaise ho urgent,Irrelevant
sir please,Irrelevant
bhaiya aur batao urgent,Irrelevant
hey jaldi,Irrelevant
ji kaise ho urgent,Irrelevant
ji aur batao urgent,Irrelevant
call karo fast,Irrelevant
see you urgent,Irrelevant
urgent,Irrelevant
hmm urgent,Irrelevant
kaise ho fast,Irrelevant
haan bhai,Irrelevant
Sir kaise ho bhai,Irrelevant
bhaiya kaise ho fast,Irrelevant
aur batao fast,Irrelevant
ji kaise ho bhaiya,Irrelevant
namaste jaldi,Irrelevant
aur batao jaldi,Irrelevant
madam bhaiya,Irrelevant
radhe radhe urgent,Irrelevant
namaste bhai,Irrelevant
radhe radhe fast,Irrelevant
namaste aur batao bhai,Irrelevant
namaste kaise ho jaldi,Irrelevant
nahi fast,Irrelevant
bhai aur batao fast,Irrelevant
Bhaiya bhaiya,Irrelevant
listen kaise ho bhai,Irrelevant
kya time ho gaya fast,Irrelevant
hey kaise ho bhai,Irrelevant
listen aur batao fast,Irrelevant
hello bhai,Irrelevant
listen fast,Irrelevant
ok fast,Irrelevant
namaste please,Irrelevant
hello kaise ho urgent,Irrelevant
hey bhaiya,Irrelevant
hey kaise ho jaldi,Irrelevant
good night fast,Irrelevant
happy diwali bhaiya,Irrelevant
listen kaise ho please,Irrelevant
bhai aur batao urgent,Irrelevant
hi kaise ho please,Irrelevant
Hi aur batao bhaiya,Irrelevant
ok thanks urgent,Irrelevant
aur batao urgent,Irrelevant
ji jaldi,Irrelevant
please,Irrelevant
hey please,Irrelevant
bhai kaise ho fast,Irrelevant
sir aur batao fast,Irrelevant
listen kaise ho fast,Irrelevant
Sir kaise ho urgent,Irrelevant
bhai aur batao jaldi,Irrelevant
madam aur batao bhaiya,Irrelevant
listen bhaiya,Irrelevant
sir urgent,Irrelevant
madam kaise ho fast,Irrelevant
madam jaldi,Irrelevant
bhaiya fast,Irrelevant
bhai kaise ho bhaiya,Irrelevant
jaldi,Irrelevant
listen aur batao urgent,Irrelevant
namaste aur batao please,Irrelevant
hi kaise ho urgent,Irrelevant
aur batao bhaiya,Irrelevant
bhaiya kaise ho jaldi,Irrelevant
hello aur batao bhaiya,Irrelevant
namaste kaise ho bhaiya,Irrelevant
kaise ho jaldi,Irrelevant
hmm bhaiya,Irrelevant
Ji bhaiya,Irrelevant
bhai kaise ho urgent,Irrelevant
hello aur batao please,Irrelevant
Listen bhai,Irrelevant
ok thanks bhaiya,Irrelevant
madam kaise ho please,Irrelevant
bhaiya aur batao bhaiya,Irrelevant
listen aur batao bhai,Irrelevant
Sir aur batao jaldi,Irrelevant
hello kaise ho bhai,Irrelevant
kaise ho bhaiya,Irrelevant
hello bhaiya,Irrelevant
Bhai please,Irrelevant
listen kaise ho bhaiya,Irrelevant
sir aur batao please,Irrelevant
madam aur batao bhai,Irrelevant
madam bhai,Irrelevant
sir aur batao bhaiya,Irrelevant
hey bhai,Irrelevant
Bhai urgent,Irrelevant
sir kaise ho bhaiya,Irrelevant
hi bhaiya,Irrelevant
bhaiya aur batao please,Irrelevant
namaste bhaiya,Irrelevant
madam please,Irrelevant
hello aur batao jaldi,Irrelevant
listen please,Irrelevant
madam aur batao fast,Irrelevant
sir kaise ho please,Irrelevant
hello please,Irrelevant
ji bhai,Irrelevant
madam aur batao jaldi,Irrelevant
hey aur batao bhaiya,Irrelevant
Listen aur batao please,Irrelevant
hello kaise ho jaldi,Irrelevant
madam kaise ho bhaiya,Irrelevant
bhai bhaiya,Irrelevant
ji urgent,Irrelevant
ji aur batao fast,Irrelevant
fast,Irrelevant
Hey kaise ho bhaiya,Irrelevant
hey fast,Irrelevant
hi kaise ho bhaiya,Irrelevant
hello aur batao urgent,Irrelevant
hi jaldi,Irrelevant
sir kaise ho fast,Irrelevant
bhaiya jaldi,Irrelevant
bhaiya kaise ho bhai,Irrelevant
hi fast,Irrelevant
sir bhai,Irrelevant
hello aur batao fast,Irrelevant
madam fast,Irrelevant
listen aur batao bhaiya,Irrelevant
hello urgent,Irrelevant
hey kaise ho please,Irrelevant
hi urgent,Irrelevant
kaise ho please,Irrelevant
bhaiya aur batao bhai,Irrelevant
namaste kaise ho please,Irrelevant
bhai aur batao bhaiya,Irrelevant
Hey aur batao fast,Irrelevant
hey kaise ho urgent,Irrelevant
hello jaldi,Irrelevant
sir aur batao bhai,Irrelevant
sir bhaiya,Irrelevant
sir fast,Irrelevant
bhai aur batao please,Irrelevant
bhaiya aur batao fast,Irrelevant
ji kaise ho fast,Irrelevant
ji aur batao jaldi,Irrelevant
sir jaldi,Irrelevant
hi kaise ho jaldi,Irrelevant
bhai kaise ho jaldi,Irrelevant
hi aur batao bhai,Irrelevant
namaste aur batao jaldi,Irrelevant
hey aur batao jaldi,Irrelevant
ji please,Irrelevant
namaste kaise ho bhai,Irrelevant
hello aur batao bhai,Irrelevant
hello kaise ho fast,Irrelevant
ji kaise ho bhai,Irrelevant
ji kaise ho jaldi,Irrelevant
hi aur batao urgent,Irrelevant
hi bhai,Irrelevant
ji aur batao please,Irrelevant
bhai fast,Irrelevant
sir aur batao urgent,Irrelevant
listen aur batao jaldi,Irrelevant
hi kaise ho bhai,Irrelevant
hi please,Irrelevant
madam urgent,Irrelevant
madam kaise ho urgent,Irrelevant
hey aur batao urgent,Irrelevant
hi aur batao jaldi,Irrelevant
hello fast,Irrelevant
listen urgent,Irrelevant
namaste aur batao fast,Irrelevant
hello kaise ho bhaiya,Irrelevant
Listen jaldi,Irrelevant
namaste aur batao urgent,Irrelevant
bhaiya kaise ho bhaiya,Irrelevant
ji aur batao bhai,Irrelevant
sir kaise ho jaldi,Irrelevant
bhaiya bhai,Irrelevant
namaste kaise ho urgent,Irrelevant
bhaiya urgent,Irrelevant
hi kaise ho fast,Irrelevant
namaste kaise ho fast,Irrelevant
listen kaise ho urgent,Irrelevant
hey kaise ho fast,Irrelevant
bhaiya aur batao jaldi,Irrelevant
hi aur batao fast,Irrelevant
hey 2kg cold drink bhej do,Ordering
chawal 5kg aur chini 2kg bhej do,Ordering
mujhe coke chahiye,Ordering
bhaiya ek kilo kurkure dal do order me,Ordering
need aata urgently,Ordering
order for metro station : bahut saara paneer,Ordering
please pack curd nicely,Ordering
pack 2 units of shampoo,Ordering
ek packet doodh aur bread deliver karwa do,Ordering
add do packet butter to my cart,Ordering
book my order for chawal,Ordering
order for sector 15 : 2 butter,Ordering
send bread office fast tak,Ordering
order for shop pe : 4 biscuit,Ordering
please pack chips nicely,Ordering
i would like to buy oil bhai,Ordering
book my order for sabun,Ordering
hello 2kg anda bhej do,Ordering
milk pack kar k rakhna please,Ordering
order for pocket b : 4 coke,Ordering
one pepsi to office,Ordering
send tel sector 15 kal tak urgent,Ordering
need doodh urgently,Ordering
sir 1 packet butter bhej do,Ordering
hey bahut saara rice bhej do,Ordering
need chawal urgently,Ordering
mujhe flour chahiye,Ordering
please pack biscuit nicely,Ordering
book my order for namak ji,Ordering
please pack kurkure nicely,Ordering
add ek kilo shampoo to my cart jaldi,Ordering
need coke urgently,Ordering
listen 1 bread bhej do urgent,Ordering
hallo 1kg kurkure bhej do,Ordering
add ek kilo chips to my cart,Ordering
one coke to ghar pe,Ordering
book my order for aata,Ordering
need soap urgently,Ordering
mujhe bread chahiye,Ordering
add 500g milk to my cart,Ordering
pepsi pack kar k rakhna fast,Ordering
add 2 anda to my cart,Ordering
please pack pepsi nicely,Ordering
send coke shop pe aaj tak,Ordering
biscuit pack kar k rakhna,Ordering
maggi pack kar k rakhna,Ordering
book my order for chips,Ordering
add 5 chini to my cart,Ordering
add 2kg bread to my cart,Ordering
order for gate par : half kg eggs,Ordering
mujhe sabun chahiye,Ordering
please pack biscuits nicely,Ordering
pack 2 units of eggs,Ordering
hello 2 biscuit bhej do,Ordering
chawal 5kg aur chini 2kg bhej do bhai,Ordering
book my order for milk,Ordering
send biscuit market 10 min mein tak jaldi,Ordering
mujhe eggs chahiye,Ordering
one cold drink to gate par,Ordering
send chawal office fast tak,Ordering
order for metro station : 4 oil,Ordering
add 2 shampoo to my cart,Ordering
book my order for eggs,Ordering
butter pack kar k rakhna,Ordering
yo ek kilo biscuits bhej do,Ordering
add 1 packet eggs to my cart,Ordering
add 5 cold drink to my cart,Ordering
pepsi pack kar k rakhna,Ordering
bhai 1 namak bhej do,Ordering
bhaiya thoda rice dal do order me,Ordering
ji 10 biscuits bhej do,Ordering
sunno ek kilo doodh bhej do,Ordering
order for gate par : thoda namak,Ordering
need paneer urgently,Ordering
need tel urgently,Ordering
bhaiya 5 maggi dal do order me bhai,Ordering
bhaiya 500g paneer dal do order me,Ordering
shampoo pack kar k rakhna,Ordering
doodh pack kar k rakhna,Ordering
mujhe cold drink chahiye,Ordering
bhaiya thoda milk bhej do,Ordering
send tel gate par shaam ko tak,Ordering
pack 2 units of chawal,Ordering
i would like to buy cold drink,Ordering
please pack milk nicely please,Ordering
madam 3 aata bhej do,Ordering
bhaiya bahut saara namak dal do order me,Ordering
madam 2 paneer bhej do,Ordering
need namak urgently,Ordering
sabun pack kar k rakhna,Ordering
send chips tower a evening tak,Ordering
bhaiya 3 salt dal do order me,Ordering
sunno 4 milk bhej do,Ordering
one sabun to guard ko,Ordering
book my order for cold drink,Ordering
mujhe soap chahiye,Ordering
add 5 paneer to my cart,Ordering
order for tower a : 2 chawal bhai,Ordering
need biscuit urgently,Ordering
one biscuits to guard ko,Ordering
please pack cold drink nicely ji,Ordering
hallo 5 doodh bhej do,Ordering
milk pack kar k rakhna fast,Ordering
i would like to buy sugar ji,Ordering
order for office : thoda soap,Ordering
send doodh tower a aaj tak,Ordering
send butter sector 15 fast tak bhai,Ordering
send cold drink tower a morning tak,Ordering
send oil main road subah subah tak,Ordering
pack 2 units of biscuits,Ordering
add thoda doodh to my cart,Ordering
i would like to buy butter,Ordering
chawal 5kg aur chini 2kg bhej do bhaiya,Ordering
order for pocket b : 5 shampoo,Ordering
order for sector 15 : 10 eggs,Ordering
pack 2 units of flour,Ordering
book my order for oil,Ordering
add 10 sugar to my cart,Ordering
i would like to buy anda,Ordering
order for ghar pe : 3 doodh,Ordering
cold drink pack kar k rakhna,Ordering
add 1 cold drink to my cart,Ordering
need anda urgently,Ordering
book my order for pepsi,Ordering
send sugar civil lines aaj tak,Ordering
bhaiya 1 aata dal do order me,Ordering
soap pack kar k rakhna please,Ordering
one salt to sector 15 please,Ordering
bhaiya bahut saara kurkure dal do order me,Ordering
one chini to office,Ordering
book my order for anda,Ordering
add 2kg salt to my cart,Ordering
please pack sabun nicely,Ordering
order for market : thoda aata,Ordering
one kurkure to shop pe,Ordering
ek packet doodh aur bread deliver karwa do jaldi,Ordering
add bahut saara tel to my cart,Ordering
please pack doodh nicely,Ordering
need curd urgently,Ordering
chips pack kar k rakhna,Ordering
send milk building 7 evening tak,Ordering
soap pack kar k rakhna,Ordering
book my order for sabun jaldi,Ordering
bhaiya 2kg biscuit dal do order me jaldi,Ordering
please pack maggi nicely,Ordering
need anda urgently fast,Ordering
one milk to market,Ordering
send pepsi civil lines abhi tak,Ordering
one chini to guard ko jaldi,Ordering
add 500g chawal to my cart,Ordering
send kurkure building 7 shaam ko tak,Ordering
one chips to shop pe,Ordering
need cold drink urgently,Ordering
chawal 5kg aur chini 2kg bhej do please,Ordering
send chips civil lines subah subah tak,Ordering
need pepsi urgently,Ordering
order for gate par : 2kg biscuit,Ordering
pack 2 units of oil,Ordering
bhaiya 2kg sabun dal do order me bhai,Ordering
order for office : 3 milk,Ordering
send salt ghar pe shaam ko tak,Ordering
bhaiya half kg pepsi dal do order me,Ordering
book my order for doodh,Ordering
send cold drink building 7 10 min mein tak,Ordering
i would like to buy paneer,Ordering
madam bahut saara chawal bhej do,Ordering
pack 2 units of butter,Ordering
order for metro station : half kg sugar please,Ordering
hi 3 curd bhej do,Ordering
please pack coke nicely,Ordering
send bread tower a jaldi tak,Ordering
i would like to buy aata,Ordering
pack 2 units of paneer,Ordering
please pack dahi nicely,Ordering
one flour to guard ko jaldi,Ordering
send coke ghar pe morning tak,Ordering
bhai 4 pepsi bhej do,Ordering
order for tower a : 1 packet pepsi fast,Ordering
pack 2 units of curd,Ordering
curd pack kar k rakhna bhai,Ordering
pack 2 units of namak,Ordering
one biscuit to building 7,Ordering
need flour urgently,Ordering
pack 2 units of pepsi,Ordering
one flour to building 7,Ordering
mujhe anda chahiye,Ordering
bhaiya 3 biscuit dal do order me,Ordering
add 500g eggs to my cart bhai,Ordering
hallo 1kg shampoo bhej do,Ordering
repeat kal wala same order jaldi,Ordering
send coke shop pe evening tak fast,Ordering
please pack dahi nicely ji,Ordering
add ek kilo anda to my cart,Ordering
please pack milk nicely bhai,Ordering
mujhe rice chahiye jaldi,Ordering
sir 1 packet chips bhej do,Ordering
need eggs urgently,Ordering
one aata to metro station,Ordering
one dahi to shop pe,Ordering
please pack curd nicely jaldi,Ordering
repeat kal wala same order urgent,Ordering
bhaiya do packet rice dal do order me,Ordering
rice pack kar k rakhna,Ordering
one biscuit to tower a,Ordering
order for pocket b : 2kg shampoo,Ordering
bhaiya ek kilo chini dal do order me,Ordering
send coke shop pe kal tak,Ordering
please pack rice nicely,Ordering
pack 2 units of coke ji,Ordering
one tel to office,Ordering
pack 2 units of maggi jaldi,Ordering
please pack chawal nicely bhai,Ordering
bhaiya thoda curd dal do order me,Ordering
please pack anda nicely,Ordering
bhaiya 500g shampoo dal do order me,Ordering
bhaiya 1 packet oil dal do order me,Ordering
order for main road : 10 eggs,Ordering
one anda to gate par,Ordering
order for market : 5 chips,Ordering
add do packet shampoo to my cart,Ordering
book my order for dahi fast,Ordering
one chawal to guard ko,Ordering
one namak to shop pe,Ordering
mujhe tel chahiye,Ordering
one kurkure to market,Ordering
one maggi to guard ko,Ordering
add 1 packet sugar to my cart,Ordering
book my order for namak,Ordering
pack 2 units of coke,Ordering
please pack paneer nicely bhaiya,Ordering
please pack sugar nicely,Ordering
book my order for tel,Ordering
send chips metro station 10 min mein tak,Ordering
pack 2 units of kurkure,Ordering
mujhe dahi chahiye,Ordering
flour pack kar k rakhna,Ordering
namak pack kar k rakhna,Ordering
namaste thoda sugar bhej do,Ordering
chawal 5kg aur chini 2kg bhej do urgent,Ordering
i would like to buy coke,Ordering
add 2kg butter to my cart,Ordering
chawal 5kg aur chini 2kg bhej do jaldi,Ordering
please pack shampoo nicely,Ordering
please pack eggs nicely,Ordering
need butter urgently,Ordering
order for gate par : 5 kurkure,Ordering
listen do packet chips bhej do,Ordering
i would like to buy pepsi,Ordering
bhaiya thoda maggi dal do order me,Ordering
need chini urgently,Ordering
bhaiya 3 biscuits dal do order me,Ordering
need bread urgently,Ordering
need bread urgently jaldi,Ordering
bhaiya 4 chini dal do order me,Ordering
hey 500g sabun bhej do,Ordering
send butter ghar pe evening tak,Ordering
add ek kilo flour to my cart,Ordering
send biscuits pocket b jaldi tak,Ordering
book my order for biscuits,Ordering
one kurkure to office,Ordering
bhaiya 1kg cold drink dal do order me,Ordering
add 2 chips to my cart,Ordering
add 5 aata to my cart ji,Ordering
order for tower a : 3 aata bhai,Ordering
doodh pack kar k rakhna bhai,Ordering
bhaiya 5 coke dal do order me,Ordering
order for tower a : half kg eggs urgent,Ordering
coke pack kar k rakhna,Ordering
one milk to shop pe,Ordering
add 4 soap to my cart,Ordering
pack 2 units of aata,Ordering
hallo half kg chawal bhej do,Ordering
add 2kg rice to my cart,Ordering
please pack milk nicely,Ordering
one anda to sector 15,Ordering
yo do packet rice bhej do,Ordering
send maggi shop pe abhi tak,Ordering
pack 2 units of rice bhai,Ordering
one chips to guard ko,Ordering
one doodh to metro station,Ordering
bhai half kg biscuits bhej do bhai,Ordering
send pepsi shop pe abhi tak,Ordering
please pack cold drink nicely,Ordering
i would like to buy dahi,Ordering
listen 1kg chini bhej do,Ordering
one biscuits to office,Ordering
one eggs to main road,Ordering
ek packet doodh aur bread deliver karwa do ji,Ordering
send dahi main road shaam ko tak,Ordering
send chini market evening tak,Ordering
pack 2 units of biscuit ji,Ordering
need oil urgently,Ordering
bhaiya 1 coke dal do order me,Ordering
send biscuit market kal tak,Ordering
bhaiya 500g biscuit dal do order me,Ordering
book my order for paneer jaldi,Ordering
i would like to buy chini,Ordering
dahi pack kar k rakhna,Ordering
send flour metro station aaj tak,Ordering
pack 2 units of tel,Ordering
aata wapas le jao fast,Complaint
namak bahut ganda tha jaldi,Complaint
the chawal is leaking,Complaint
aapka delivery boy rude hai,Complaint
not happy with items,Complaint
the pepsi is leaking,Complaint
bhaiya the doodh is fata hua,Complaint
the oil is leaking urgent,Complaint
items were missing from my bag,Complaint
bahut late delivery di hai,Complaint
shampoo leak ho raha hai,Complaint
the cold drink is leaking,Complaint
yeh biscuit toh ganda hai jaldi,Complaint
soap bahut expired tha,Complaint
expired product bhej diya,Complaint
the biscuit is leaking,Complaint
bhaiya the flour is expired urgent,Complaint
curd was sour,Complaint
please replace tel,Complaint
yeh aata toh smelling bad hai,Complaint
please replace soap,Complaint
the kurkure is leaking fast,Complaint
bhaiya the cold drink is smelling bad,Complaint
bhaiya the eggs is fata hua,Complaint
yeh pepsi toh poor quality hai,Complaint
please replace bread,Complaint
refund chahiye mujhe ji,Complaint
please replace curd,Complaint
mera anda incomplete hai,Complaint
items were missing from my bag urgent,Complaint
doodh phat gaya,Complaint
bhaiya the coke is wrong fast,Complaint
the chips is leaking please,Complaint
expired product bhej diya jaldi,Complaint
the soap is leaking,Complaint
bhaiya the chawal is bahut bura,Complaint
the namak is leaking,Complaint
chawal bahut poor quality tha ji,Complaint
please replace biscuits,Complaint
please replace pepsi,Complaint
aapka delivery boy rude hai urgent,Complaint
why did you send expired shampoo?,Complaint
mera biscuits incomplete hai please,Complaint
curd was sour bhai,Complaint
complaint karni hai ji,Complaint
bhaiya the biscuits is sada hua,Complaint
why did you send poor quality cold drink,Complaint
yeh maggi toh sada hua hai ji,Complaint
mera bread incomplete hai ji,Complaint
yeh milk toh sada hua hai,Complaint
please replace maggi,Complaint
please replace butter bhai,Complaint
the dahi is leaking,Complaint
doodh phat gaya ji,Complaint
bhaiya the shampoo is fata hua urgent,Complaint
why did you send wrong maggi,Complaint
bhaiya the flour is stale,Complaint
aapka delivery boy rude hai fast,Complaint
chawal bahut bekaar tha,Complaint
please replace sabun,Complaint
eggs wapas le jao,Complaint
why did you send fata hua rice?,Complaint
curd was sour please,Complaint
coke wapas le jao,Complaint
bhaiya the flour is bekaar ji,Complaint
yeh chini toh expired hai,Complaint
bread bahut ganda tha,Complaint
chips bahut poor quality tha urgent,Complaint
bahut late delivery di hai jaldi,Complaint
please replace oil bhai,Complaint
why did you send stale anda,Complaint
please replace dahi,Complaint
please replace oil,Complaint
yeh eggs toh wrong hai,Complaint
aata wapas le jao bhai,Complaint
bhaiya the cold drink is bekaar,Complaint
why did you send melted pepsi,Complaint
bhaiya the tel is stale,Complaint
bhaiya the coke is wrong,Complaint
please replace chini,Complaint
the shampoo is leaking,Complaint
coke bahut smelling bad tha bhaiya,Complaint
why did you send bahut bura eggs?,Complaint
the flour is leaking,Complaint
anda bahut bahut bura tha,Complaint
yeh bread toh melted hai,Complaint
why did you send fata hua chini?,Complaint
curd bahut stale tha,Complaint
mera curd incomplete hai bhaiya,Complaint
why did you send poor quality tel,Complaint
expired product bhej diya urgent,Complaint
aapka delivery boy rude hai bhaiya,Complaint
curd wapas le jao,Complaint
fata packet nikla ji,Complaint
items were missing from my bag bhaiya,Complaint
please replace biscuit,Complaint
curd was sour jaldi,Complaint
yeh biscuit toh ganda hai,Complaint
bread bahut poor quality tha,Complaint
the flour is leaking please,Complaint
yeh tel toh wrong hai,Complaint
anda wapas le jao,Complaint
why did you send smelling bad oil?,Complaint
bhaiya the kurkure is bekaar please,Complaint
why did you send expired oil,Complaint
why did you send smelling bad namak,Complaint
bhaiya the doodh is expired,Complaint
yeh chips toh kharab hai,Complaint
yeh chawal toh leak kar raha hai,Complaint
please replace cold drink,Complaint
yeh chini toh ganda hai,Complaint
yeh namak toh bekaar hai,Complaint
yeh dahi toh ganda hai,Complaint
expired product bhej diya ji,Complaint
bhaiya the sabun is expired,Complaint
dahi bahut expired tha urgent,Complaint
why did you send fata hua dahi?,Complaint
soap bahut wrong tha jaldi,Complaint
curd was sour fast,Complaint
bhaiya the coke is kharab,Complaint
please replace milk,Complaint
rice bahut wrong tha,Complaint
yeh doodh toh smelling bad hai fast,Complaint
mera eggs incomplete hai,Complaint
yeh biscuit toh stale hai,Complaint
mera shampoo incomplete hai fast,Complaint
doodh bahut smelling bad tha,Complaint
the anda is leaking,Complaint
why did you send sada hua salt,Complaint
yeh milk toh bekaar hai,Complaint
why did you send melted salt,Complaint
coke bahut smelling bad tha,Complaint
bahut late delivery di hai bhaiya,Complaint
the milk is leaking,Complaint
yeh coke toh wrong hai fast,Complaint
not happy with items please,Complaint
bhaiya the curd is ganda,Complaint
biscuits bahut stale tha,Complaint
please replace rice,Complaint
not happy with items bhaiya,Complaint
paneer bahut wrong tha urgent,Complaint
please replace shampoo,Complaint
yeh curd toh leak kar raha hai ji,Complaint
why did you send kharab tel?,Complaint
bread wapas le jao bhaiya,Complaint
doodh phat gaya urgent,Complaint
bread bahut sada hua tha,Complaint
coke bahut expired tha urgent,Complaint
why did you send melted pepsi?,Complaint
yeh anda toh smelling bad hai please,Complaint
doodh phat gaya jaldi,Complaint
the paneer is leaking,Complaint
expired product bhej diya fast,Complaint
why did you send smelling bad chips,Complaint
bhaiya the bread is expired,Complaint
bahut late delivery di hai fast,Complaint
the coke is leaking,Complaint
the chips is leaking,Complaint
why did you send stale namak,Complaint
yeh oil toh fata hua hai jaldi,Complaint
bhaiya the chawal is melted ji,Complaint
yeh shampoo toh sada hua hai,Complaint
the kurkure is leaking jaldi,Complaint
the oil is leaking,Complaint
why did you send stale cold drink?,Complaint
milk bahut sada hua tha,Complaint
the doodh is leaking,Complaint
dahi wapas le jao,Complaint
the aata is leaking,Complaint
pepsi bahut bahut bura tha,Complaint
why did you send bekaar chawal?,Complaint
the bread is leaking,Complaint
biscuit bahut melted tha,Complaint
please replace chawal please,Complaint
bhaiya the doodh is sada hua,Complaint
sabun bahut ganda tha,Complaint
mera curd incomplete hai,Complaint
why did you send bekaar eggs ji,Complaint
the salt is leaking,Complaint
eggs bahut ganda tha,Complaint
please replace eggs,Complaint
why did you send melted dahi?,Complaint
please replace doodh bhaiya,Complaint
bhaiya the bread is sada hua,Complaint
please replace paneer jaldi,Complaint
please replace flour,Complaint
bahut late delivery di hai bhai,Complaint
shampoo leak ho raha hai ji,Complaint
rice wapas le jao jaldi,Complaint
mera cold drink incomplete hai,Complaint
mera aata incomplete hai bhaiya,Complaint
shampoo leak ho raha hai fast,Complaint
the sabun is leaking,Complaint
bhaiya the anda is melted,Complaint
curd was sour ji,Complaint
why did you send bahut bura paneer,Complaint
cold drink wapas le jao,Complaint
please replace milk urgent,Complaint
why did you send kharab pepsi,Complaint
anda bahut stale tha,Complaint
the maggi is leaking,Complaint
yeh sabun toh poor quality hai,Complaint
yeh doodh toh expired hai,Complaint
bhaiya the milk is kharab,Complaint
why did you send melted curd?,Complaint
the milk is leaking bhaiya,Complaint
bhaiya the chips is bahut bura,Complaint
aata bahut sada hua tha,Complaint
shampoo leak ho raha hai please,Complaint
tel bahut fata hua tha,Complaint
bhaiya the chawal is leak kar raha jaldi,Complaint
why did you send wrong paneer,Complaint
pepsi wapas le jao,Complaint
yeh chawal toh bekaar hai jaldi,Complaint
doodh phat gaya bhai,Complaint
why did you send poor quality biscuit?,Complaint
mera soap incomplete hai fast,Complaint
expired product bhej diya please,Complaint
doodh phat gaya please,Complaint
why did you send ganda pepsi?,Complaint
please replace aata,Complaint
why did you send smelling bad chips ji,Complaint
bhaiya the anda is wrong fast,Complaint
mera dahi incomplete hai,Complaint
cold drink bahut stale tha,Complaint
yeh anda toh poor quality hai,Complaint
why did you send sada hua pepsi,Complaint
mera dahi incomplete hai bhai,Complaint
bhaiya the salt is smelling bad,Complaint
why did you send bekaar curd,Complaint
why did you send wrong curd,Complaint
why did you send ganda paneer? please,Complaint
bread bahut bekaar tha jaldi,Complaint
bhaiya the coke is stale,Complaint
bhaiya the namak is ganda,Complaint
mera sugar incomplete hai bhaiya,Complaint
the sugar is leaking,Complaint
yeh biscuit toh expired hai bhai,Complaint
doodh phat gaya bhaiya,Complaint
bhaiya the pepsi is bekaar,Complaint
sabun bahut melted tha,Complaint
aapka delivery boy rude hai jaldi,Complaint
yeh aata toh bahut bura hai urgent,Complaint
items were missing from my bag jaldi,Complaint
why did you send sada hua shampoo?,Complaint
items were missing from my bag please,Complaint
shampoo leak ho raha hai jaldi,Complaint
why did you send melted doodh,Complaint
why did you send kharab bread?,Complaint
mera salt incomplete hai fast,Complaint
why did you send fata hua dahi,Complaint
bhaiya the namak is expired,Complaint
eggs bahut smelling bad tha,Complaint
not happy with items bhai,Complaint
expired product bhej diya bhai,Complaint
the chini is leaking,Complaint
I want a replacement ji,Complaint
not happy with items urgent,Complaint
yeh doodh toh bahut bura hai,Complaint
yeh sabun toh sada hua hai,Complaint
butter bahut wrong tha fast,Complaint
yeh rice toh fata hua hai,Complaint
the aata is leaking bhai,Complaint
bhaiya the oil is poor quality,Complaint
please replace salt,Complaint
yeh shampoo toh bahut bura hai,Complaint
eggs bahut bahut bura tha,Complaint
bhaiya the chips is bekaar,Complaint
why did you send bekaar tel,Complaint
yeh sabun toh wrong hai,Complaint
bhaiya the maggi is bekaar,Complaint
rice wapas le jao fast,Complaint
paisa wapas karo ji,Complaint
why did you send poor quality butter,Complaint
bhaiya the maggi is smelling bad,Complaint
yeh cold drink toh poor quality hai,Complaint
not happy with items ji,Complaint
yeh rice toh melted hai please,Complaint
please replace paneer,Complaint
the maggi is leaking ji,Complaint
yeh namak toh bahut bura hai bhai,Complaint
why did you send wrong oil?,Complaint
very bad service ji,Complaint
yeh sabun toh stale hai,Complaint
why did you send sada hua kurkure,Complaint
aapka delivery boy rude hai please,Complaint
ghatiya quality hai ji,Complaint
please replace chawal,Complaint
items were missing from my bag ji,Complaint
please replace butter,Complaint
why did you send stale chawal?,Complaint
why did you send stale cold drink ji,Complaint
why did you send wrong cold drink?,Complaint
chini bahut sada hua tha,Complaint
not happy with items fast,Complaint
bhaiya the chawal is bekaar,Complaint
tel bahut smelling bad tha,Complaint
yeh anda toh ganda hai,Complaint
yeh sugar toh poor quality hai bhaiya,Complaint
why did you send kharab biscuits bhaiya,Complaint
coke kitne ka hai? ji,Inquiry
is coke available?,Inquiry
cold drink kitne ka hai,Inquiry
delivery charges kitne hai?,Inquiry
is anda in stock?,Inquiry
kal shop open hai,Inquiry
fresh dahi aaya kya?,Inquiry
aaj ka milk milega?,Inquiry
kal shop open hai? urgent,Inquiry
kal ka curd milega,Inquiry
price of curd urgent,Inquiry
stock mein hai sugar? fast,Inquiry
is rice in stock,Inquiry
can i pay via upi bhai,Inquiry
is salt in stock?,Inquiry
do you deliver in sector 15,Inquiry
do you deliver in metro station,Inquiry
is anda in stock fast,Inquiry
do you deliver in market bhai,Inquiry
how much for namak,Inquiry
delivery charges kitne hai,Inquiry
aapka dukan kahan hai,Inquiry
payment options?,Inquiry
original oil milega,Inquiry
kal shop open hai?,Inquiry
can i pay via upi,Inquiry
price of dahi,Inquiry
price of cold drink,Inquiry
is eggs available ji,Inquiry
can i pay via upi?,Inquiry
dahi brand wala hai ya local?,Inquiry
stock mein hai pepsi?,Inquiry
aapka dukan kahan hai?,Inquiry
is kurkure in stock,Inquiry
aapka dukan kahan hai? ji,Inquiry
delivery charges kitne hai bhai,Inquiry
is curd in stock?,Inquiry
payment options,Inquiry
doodh hai kya dukan par please,Inquiry
sasta dahi milega?,Inquiry
pure dahi milega?,Inquiry
how much for sugar?,Inquiry
biscuit brand wala hai ya local jaldi,Inquiry
is rice in stock?,Inquiry
fresh salt milega,Inquiry
delivery charges kitne hai? bhaiya,Inquiry
how much for doodh,Inquiry
is biscuits in stock,Inquiry
eggs ka stock kab aayega?,Inquiry
kal shop open hai bhai,Inquiry
anda hai kya dukan par,Inquiry
price of anda,Inquiry
delivery charges kitne hai urgent,Inquiry
anda brand wala hai ya local?,Inquiry
how much for sugar fast,Inquiry
is chips in stock,Inquiry
is chips in stock?,Inquiry
local anda milega,Inquiry
dahi hai kya dukan par,Inquiry
local soap milega? please,Inquiry
is aata in stock? urgent,Inquiry
anda ka stock kab aayega? jaldi,Inquiry
fresh cold drink aaya kya?,Inquiry
aapka dukan kahan hai bhaiya,Inquiry
delivery charges kitne hai jaldi,Inquiry
is dahi available?,Inquiry
cold drink ka stock kab aayega?,Inquiry
kal shop open hai ji,Inquiry
fresh curd aaya kya,Inquiry
pure maggi milega?,Inquiry
do you deliver in ghar pe,Inquiry
kal shop open hai? please,Inquiry
is pepsi available,Inquiry
do you deliver in shop pe?,Inquiry
accha wala paneer milega? ji,Inquiry
is rice in stock ji,Inquiry
do you deliver in civil lines?,Inquiry
fresh paneer milega,Inquiry
original curd milega,Inquiry
local pepsi milega,Inquiry
shop kab khulegi ji,Inquiry
fresh oil aaya kya,Inquiry
coke ka stock kab aayega,Inquiry
is dahi in stock,Inquiry
do you deliver in shop pe,Inquiry
stock mein hai curd?,Inquiry
fresh anda aaya kya,Inquiry
cold drink hai kya dukan par,Inquiry
is sugar in stock?,Inquiry
pure salt milega?,Inquiry
fresh eggs aaya kya?,Inquiry
do you deliver in metro station?,Inquiry
sasta namak milega?,Inquiry
how much for dahi,Inquiry
how much for soap,Inquiry
how much for rice,Inquiry
fresh dahi aaya kya? ji,Inquiry
is biscuit in stock,Inquiry
stock mein hai pepsi urgent,Inquiry
aapka dukan kahan hai? bhai,Inquiry
is doodh in stock?,Inquiry
soap ka stock kab aayega bhaiya,Inquiry
chips ka stock kab aayega? jaldi,Inquiry
can i pay via upi? urgent,Inquiry
how much for flour fast,Inquiry
do you deliver in pocket b?,Inquiry
is eggs available,Inquiry
pepsi kitne ka hai jaldi,Inquiry
fresh flour aaya kya?,Inquiry
paneer ka stock kab aayega? jaldi,Inquiry
delivery charges kitne hai? fast,Inquiry
how much for oil,Inquiry
can i pay via upi urgent,Inquiry
is anda available,Inquiry
is oil available bhai,Inquiry
how much for cold drink,Inquiry
how much for chawal?,Inquiry
fresh namak aaya kya bhaiya,Inquiry
pure paneer milega,Inquiry
fresh coke aaya kya,Inquiry
is cold drink available,Inquiry
is kurkure in stock?,Inquiry
rate kya chal raha hai eggs ka?,Inquiry
rate kya chal raha hai sugar ka? ji,Inquiry
fresh shampoo aaya kya?,Inquiry
curd ka stock kab aayega?,Inquiry
how much for chips?,Inquiry
is cold drink in stock?,Inquiry
do you accept gpay ji,Inquiry
coke hai kya dukan par,Inquiry
how much for doodh?,Inquiry
is paneer in stock,Inquiry
coke ka stock kab aayega?,Inquiry
do you deliver in tower a,Inquiry
cold drink kitne ka hai?,Inquiry
is namak in stock urgent,Inquiry
anda ka stock kab aayega?,Inquiry
is salt in stock? please,Inquiry
is maggi in stock?,Inquiry
stock mein hai dahi?,Inquiry
pepsi ka stock kab aayega,Inquiry
how much for curd?,Inquiry
do you deliver in main road,Inquiry
kal ka chawal milega? bhaiya,Inquiry
accha wala paneer milega?,Inquiry
payment options? please,Inquiry
fresh anda aaya kya? ji,Inquiry
is chini available? urgent,Inquiry
is sabun in stock,Inquiry
chips brand wala hai ya local ji,Inquiry
flour ka stock kab aayega? please,Inquiry
how much for pepsi,Inquiry
rate kya chal raha hai anda ka,Inquiry
is shampoo in stock?,Inquiry
how much for paneer?,Inquiry
flour ka stock kab aayega? urgent,Inquiry
how much for sugar,Inquiry
kal shop open hai? bhai,Inquiry
is soap available ji,Inquiry
stock mein hai cold drink?,Inquiry
how much for milk,Inquiry
stock mein hai pepsi? please,Inquiry
curd ka stock kab aayega,Inquiry
rate kya chal raha hai coke ka?,Inquiry
payment options bhai,Inquiry
rate kya chal raha hai shampoo ka jaldi,Inquiry
kurkure ka stock kab aayega urgent,Inquiry
delivery charges kitne hai ji,Inquiry
stock mein hai paneer bhaiya,Inquiry
stock mein hai pepsi,Inquiry
fresh curd milega?,Inquiry
how much for aata,Inquiry
is eggs in stock?,Inquiry
do you deliver in civil lines ji,Inquiry
eggs hai kya dukan par,Inquiry
is namak in stock please,Inquiry
kal shop open hai? jaldi,Inquiry
how much for chawal jaldi,Inquiry
accha wala shampoo milega,Inquiry
is chips in stock? urgent,Inquiry
payment options jaldi,Inquiry
can i pay via upi ji,Inquiry
sasta oil milega,Inquiry
how much for biscuit?,Inquiry
accha wala eggs milega?,Inquiry
doodh kitne ka hai? bhai,Inquiry
is flour in stock,Inquiry
how much for soap?,Inquiry
fresh coke aaya kya?,Inquiry
do you deliver in guard ko?,Inquiry
tel ka stock kab aayega jaldi,Inquiry
rate kya chal raha hai curd ka?,Inquiry
naya doodh milega?,Inquiry
chini brand wala hai ya local please,Inquiry
is eggs available jaldi,Inquiry
is shampoo in stock,Inquiry
stock mein hai eggs? please,Inquiry
rate kya chal raha hai cold drink ka?,Inquiry
how much for sabun?,Inquiry
coke brand wala hai ya local?,Inquiry
rate kya chal raha hai cold drink ka? please,Inquiry
anda brand wala hai ya local,Inquiry
how much for maggi?,Inquiry
branded doodh milega? bhai,Inquiry
stock mein hai eggs,Inquiry
dahi ka stock kab aayega?,Inquiry
rate kya chal raha hai pepsi ka bhaiya,Inquiry
is coke in stock?,Inquiry
is doodh in stock,Inquiry
do you deliver in building 7,Inquiry
rate kya chal raha hai doodh ka jaldi,Inquiry
eggs kitne ka hai?,Inquiry
curd kitne ka hai?,Inquiry
aaj ka butter milega?,Inquiry
shampoo hai kya dukan par ji,Inquiry
do you deliver in pocket b? fast,Inquiry
price of kurkure jaldi,Inquiry
is pepsi in stock?,Inquiry
do you deliver in building 7? bhai,Inquiry
is pepsi available? urgent,Inquiry
stock mein hai soap,Inquiry
is anda in stock,Inquiry
anda ka stock kab aayega,Inquiry
do you deliver in market,Inquiry
fresh paneer aaya kya ji,Inquiry
pepsi kitne ka hai,Inquiry
can i pay via upi? please,Inquiry
how much for rice?,Inquiry
price of eggs,Inquiry
rate kya chal raha hai eggs ka,Inquiry
kal ka pepsi milega,Inquiry
cold drink ka stock kab aayega,Inquiry
cash on delivery hai? ji,Inquiry
aapka dukan kahan hai fast,Inquiry
how much for anda,Inquiry
original chawal milega?,Inquiry
delivery charges kitne hai fast,Inquiry
is biscuits in stock?,Inquiry
is cold drink in stock jaldi,Inquiry
eggs ka stock kab aayega,Inquiry
how much for eggs,Inquiry
kal shop open hai? ji,Inquiry
do you deliver in office,Inquiry
branded doodh milega urgent,Inquiry
how much for chips,Inquiry
do you deliver in civil lines bhaiya,Inquiry
anda kitne ka hai,Inquiry
kal ka kurkure milega?,Inquiry
how much for salt please,Inquiry
shop kab khulegi bhaiya,Inquiry
is kurkure available? bhaiya,Inquiry
branded coke milega?,Inquiry
namak hai kya dukan par ji,Inquiry
branded pepsi milega?,Inquiry
aapka dukan kahan hai? fast,Inquiry
accha wala sabun milega? ji,Inquiry
curd hai kya dukan par,Inquiry
stock mein hai coke,Inquiry
rate kya chal raha hai shampoo ka fast,Inquiry
eggs brand wala hai ya local,Inquiry
is sabun in stock? fast,Inquiry
pure cold drink milega?,Inquiry
local salt milega?,Inquiry
do you deliver in tower a?,Inquiry
can i pay via upi? fast,Inquiry
shampoo kitne ka hai please,Inquiry
is curd in stock? jaldi,Inquiry
how much for tel,Inquiry
can i pay via upi? bhai,Inquiry
cold drink brand wala hai ya local? bhai,Inquiry
naya curd milega bhai,Inquiry
is flour in stock?,Inquiry
sasta bread milega,Inquiry
do you deliver in market?,Inquiry
shampoo hai kya dukan par bhaiya,Inquiry
is dahi available,Inquiry
kal shop open hai fast,Inquiry
how much for flour,Inquiry
is sabun in stock?,Inquiry
is sugar in stock,Inquiry
rate kya chal raha hai biscuit ka please,Inquiry
is oil in stock?,Inquiry
rate kya chal raha hai dahi ka?,Inquiry
cash on delivery hai ji,Inquiry
is paneer in stock?,Inquiry
accha wala chips milega,Inquiry
payment options fast,Inquiry
aaj ka maggi milega?,Inquiry
is chawal in stock? urgent,Inquiry
is milk in stock? bhaiya,Inquiry
price of curd ji,Inquiry
payment options? urgent,Inquiry
chawal hai kya dukan par urgent,Inquiry
curd ka stock kab aayega? fast,Inquiry
pepsi kitne ka hai?,Inquiry
aapka dukan kahan hai? bhaiya,Inquiry
how much for cold drink?,Inquiry
fresh cold drink aaya kya,Inquiry
stock mein hai eggs?,Inquiry
is milk in stock,Inquiry
kab tak aayega boy,Logistics
re-schedule 10 min mein,Logistics
re-schedule urgent,Logistics
hallo order kahan hai?,Logistics
re-schedule jaldi,Logistics
delivery address is gate par,Logistics
location share kar raha hoon,Logistics
gate pe chor do,Logistics
waiting for delivery,Logistics
change my delivery time to morning,Logistics
please deliver subah subah,Logistics
bhaiya pocket b bhej dena ji,Logistics
madam tower a bhej dena,Logistics
re-schedule aaj,Logistics
can you change address to metro station?,Logistics
re-schedule kal,Logistics
re-schedule subah subah,Logistics
delivery address is metro station,Logistics
delivery address is guard ko,Logistics
change my delivery time to aaj jaldi,Logistics
delivery address is main road,Logistics
kab tak aayega boy?,Logistics
sunno order kahan hai?,Logistics
can you change address to tower a,Logistics
delivery address is shop pe,Logistics
change my delivery time to subah subah,Logistics
can you change address to tower a?,Logistics
re-schedule 10 min mein jaldi,Logistics
can you change address to main road?,Logistics
yo main road bhej dena,Logistics
delivery address is sector 15 please,Logistics
location share kar raha hoon jaldi,Logistics
delivery address is sector 15 bhaiya,Logistics
waiting for delivery please,Logistics
hallo gate par bhej dena,Logistics
sunno shop pe bhej dena bhaiya,Logistics
hallo order kahan hai,Logistics
delivery address is civil lines,Logistics
change my delivery time to 10 min mein,Logistics
delivery address is sector 15,Logistics
delivery address is ghar pe,Logistics
change my delivery time to evening,Logistics
delivery address is building 7,Logistics
bhaiya main road bhej dena,Logistics
gate pe chor do bhaiya,Logistics
can you change address to pocket b,Logistics
location share kar raha hoon bhai,Logistics
listen tower a bhej dena,Logistics
change my delivery time to abhi,Logistics
sir metro station bhej dena,Logistics
can you change address to metro station,Logistics
change my delivery time to kal please,Logistics
namaste tower a bhej dena,Logistics
gate pe chor do ji,Logistics
re-schedule morning,Logistics
re-schedule evening urgent,Logistics
change my delivery time to aaj,Logistics
change my delivery time to shaam ko bhai,Logistics
re-schedule evening please,Logistics
location share kar raha hoon bhaiya,Logistics
delivery address is tower a,Logistics
change my delivery time to kal,Logistics
jaldi bhej do please ji,Logistics
please deliver subah subah urgent,Logistics
change my delivery time to jaldi,Logistics
please deliver fast ji,Logistics
gate pe chor do please,Logistics
re-schedule shaam ko,Logistics
re-schedule abhi,Logistics
change my delivery time to fast,Logistics
change my delivery time to shaam ko,Logistics
change my delivery time to urgent,Logistics
waiting for delivery bhaiya,Logistics
can you change address to pocket b ji,Logistics
hallo sector 15 bhej dena,Logistics
hallo pocket b bhej dena,Logistics
hallo tower a bhej dena please,Logistics
ji metro station bhej dena,Logistics
late kyun hai ji,Logistics
delivery address is pocket b,Logistics
delivery boy ka number do ji,Logistics
please deliver shaam ko,Logistics
sunno market bhej dena urgent,Logistics
re-schedule urgent urgent,Logistics
can you change address to main road,Logistics
hey civil lines bhej dena bhaiya,Logistics
delivery address is metro station jaldi,Logistics
waiting for delivery bhai,Logistics
delivery address is market,Logistics
delay kyu horaha hai ji,Logistics
please deliver shaam ko ji,Logistics
change my delivery time to subah subah fast,Logistics
delivery address is civil lines ji,Logistics
waiting for delivery fast,Logistics
hello metro station bhej dena,Logistics
gate pe chor do fast,Logistics
bhai main road bhej dena,Logistics
re-schedule evening,Logistics
re-schedule evening bhai,Logistics
delivery address is pocket b jaldi,Logistics
ji building 7 bhej dena bhai,Logistics
re-schedule morning please,Logistics
hallo market bhej dena,Logistics
kab tak aayega boy ji,Logistics
location share kar raha hoon ji,Logistics
madam metro station bhej dena,Logistics
can you change address to metro station? fast,Logistics
delivery address is pocket b urgent,Logistics
change my delivery time to evening jaldi,Logistics
kab tak aayega boy jaldi,Logistics
namaste market bhej dena ji,Logistics
sunno guard ko bhej dena,Logistics
hallo shop pe bhej dena,Logistics
re-schedule shaam ko urgent,Logistics
location share kar raha hoon fast,Logistics
sunno pocket b bhej dena,Logistics
re-schedule fast,Logistics
change my delivery time to kal bhaiya,Logistics
delivery address is tower a bhaiya,Logistics
ji main road bhej dena,Logistics
waiting for delivery jaldi,Logistics
bhaiya raste mein hai kya delivery wala ji,Logistics
yo order kahan hai? urgent,Logistics
namaste main road bhej dena,Logistics
hallo building 7 bhej dena,Logistics
re-schedule evening ji,Logistics
delivery address is guard ko ji,Logistics
gate pe chor do urgent,Logistics
change my delivery time to evening fast,Logistics
sunno ghar pe bhej dena please,Logistics
sir pocket b bhej dena,Logistics
sunno market bhej dena,Logistics
location bhej do ji,Logistics
can you change address to main road? bhaiya,Logistics
bhaiya raste mein hai kya delivery wala? ji,Logistics
late kyun hai? ji,Logistics
can you change address to pocket b? jaldi,Logistics
sunno order kahan hai,Logistics
change my delivery time to urgent ji,Logistics
kab tak aayega boy urgent,Logistics
hello guard ko bhej dena ji,Logistics
kab tak aayega boy please,Logistics
listen tower a bhej dena please,Logistics
track link kaam nahi kar raha ji,Logistics
ji pocket b bhej dena,Logistics
change my delivery time to aaj bhai,Logistics
bhai metro station bhej dena,Logistics
kab tak aayega boy bhaiya,Logistics
order shipped hua kya? ji,Logistics
bhai gate par bhej dena bhai,Logistics
can you change address to pocket b?,Logistics
kab tak aayega boy bhai,Logistics
re-schedule shaam ko bhaiya,Logistics
bhaiya tower a bhej dena,Logistics
re-schedule jaldi jaldi,Logistics
delivery address is guard ko jaldi,Logistics
hey main road bhej dena,Logistics
please deliver jaldi ji,Logistics
delivery address is gate par urgent,Logistics
kab tak aayega boy fast,Logistics
otp kya hai delivery ka ji,Logistics
location share kar raha hoon please,Logistics
sir main road bhej dena,Logistics
please deliver subah subah please,Logistics
hallo ghar pe bhej dena,Logistics
yo ghar pe bhej dena,Logistics
delivery address is office,Logistics
yo order kahan hai,Logistics
ji tower a bhej dena,Logistics
delivery address is tower a fast,Logistics
re-schedule aaj please,Logistics
please deliver 10 min mein ji,Logistics
hallo office bhej dena,Logistics
please deliver shaam ko bhai,Logistics
sunno civil lines bhej dena,Logistics
gate pe chor do jaldi,Logistics
kab tak aayega boy? bhaiya,Logistics
change my delivery time to abhi bhaiya,Logistics
yo sector 15 bhej dena,Logistics
location share kar raha hoon urgent,Logistics
otp kya hai delivery ka? ji,Logistics
change my delivery time to fast fast,Logistics
call when you reach ji,Logistics
sunno sector 15 bhej dena,Logistics
yo shop pe bhej dena,Logistics
change my delivery time to morning urgent,Logistics
can you change address to metro station please,Logistics
gate pe chor do bhai,Logistics
re-schedule subah subah ji,Logistics
change my delivery time to evening urgent,Logistics
yo main road bhej dena please,Logistics
can you change address to pocket b? fast,Logistics
re-schedule evening bhaiya,Logistics
hi tower a bhej dena,Logistics
re-schedule urgent jaldi,Logistics
waiting for delivery urgent,Logistics
re-schedule 10 min mein please,Logistics
yo order kahan hai?,Logistics
delivery address is main road jaldi,Logistics
hi pocket b bhej dena ji,Logistics
please deliver subah subah ji,Logistics
yo tower a bhej dena,Logistics
delivery address is shop pe urgent,Logistics
change my delivery time to shaam ko urgent,Logistics
kahan tak pocha order ji,Logistics
kab deliver hoga ji,Logistics
mera order kab aayega? ji,Logistics
namaste metro station bhej dena,Logistics
delivery address is ghar pe ji,Logistics
bhaiya metro station bhej dena,Logistics
yo guard ko bhej dena urgent,Logistics
sunno order kahan hai bhai,Logistics
mera order kab aayega ji,Logistics
ji gate par bhej dena ji,Logistics
change my delivery time to subah subah bhaiya,Logistics
kab tak aayega boy? fast,Logistics
can you change address to tower a? ji,Logistics
delivery address is pocket b fast,Logistics
bhai tower a bhej dena,Logistics
please deliver evening ji,Logistics
kab tak aayega boy? urgent,Logistics
can you change address to main road? please,Logistics
delivery address is building 7 please,Logistics
hi tower a bhej dena bhai,Logistics
can you change address to tower a fast,Logistics
kab tak aayega boy? ji,Logistics
hello sector 15 bhej dena ji,Logistics
change my delivery time to subah subah please,Logistics
sunno ghar pe bhej dena urgent,Logistics
kahan tak pocha order? ji,Logistics
change my delivery time to abhi ji,Logistics
yo market bhej dena urgent,Logistics
re-schedule morning ji,Logistics
kab tak aayega boy? please,Logistics
guard ke paas rakh dena ji,Logistics
waiting for delivery ji,Logistics
delivery address is sector 15 fast,Logistics
change my delivery time to fast ji,Logistics
hi main road bhej dena,Logistics
re-schedule kal jaldi,Logistics
please deliver abhi ji,Logistics
change my delivery time to subah subah bhai,Logistics
bhaiya metro station bhej dena ji,Logistics
hi pocket b bhej dena please,Logistics
please deliver aaj ji,Logistics
hi pocket b bhej dena,Logistics
re-schedule aaj bhai,Logistics
hallo tower a bhej dena,Logistics
hello tower a bhej dena jaldi,Logistics
yo pocket b bhej dena jaldi,Logistics
kab tak aayega boy? bhai,Logistics
madam main road bhej dena,Logistics
can you change address to metro station bhai,Logistics
sunno tower a bhej dena,Logistics
kab tak aayega boy? jaldi,Logistics
delivery address is ghar pe urgent,Logistics
re-schedule morning fast,Logistics
order shipped hua kya ji,Logistics
re-schedule abhi urgent,Logistics
hello civil lines bhej dena jaldi,Logistics
delivery address is market bhai,Logistics
hey pocket b bhej dena bhai,Logistics
yo guard ko bhej dena,Logistics
sir tower a bhej dena,Logistics
delivery address is office please,Logistics
change my delivery time to shaam ko ji,Logistics
please deliver subah subah fast,Logistics
delivery address is shop pe bhaiya,Logistics
yo gate par bhej dena,Logistics
namaste pocket b bhej dena,Logistics
yo civil lines bhej dena,Logistics
delivery address is gate par please,Logistics
listen metro station bhej dena,Logistics
hallo order kahan hai bhaiya,Logistics
re-schedule shaam ko jaldi,Logistics
change my delivery time to urgent please,Logistics
change my delivery time to morning bhai,Logistics
listen order kahan hai ji,Logistics
re-schedule shaam ko fast,Logistics
can you change address to ghar pe ji,Logistics
delivery address is civil lines bhaiya,Logistics
delivery address is guard ko bhai,Logistics
change my delivery time to jaldi bhai,Logistics
kab deliver hoga? ji,Logistics
hey pocket b bhej dena,Logistics
delivery address is sector 15 urgent,Logistics
change my delivery time to kal ji,Logistics
can you change address to pocket b bhai,Logistics
delivery address is building 7 bhaiya,Logistics
please deliver shaam ko urgent,Logistics
change my delivery time to fast urgent,Logistics
re-schedule subah subah please,Logistics
hey metro station bhej dena,Logistics
change my delivery time to 10 min mein ji,Logistics
delivery address is market please,Logistics
listen pocket b bhej dena,Logistics
yo gate par bhej dena jaldi,Logistics
delivery address is civil lines bhai,Logistics
delivery address is pocket b ji,Logistics
change my delivery time to fast bhaiya,Logistics
hallo order kahan hai? bhaiya,Logistics
hallo gate par bhej dena bhaiya,Logistics
madam pocket b bhej dena,Logistics
delivery address is ghar pe please,Logistics
hello pocket b bhej dena,Logistics
hallo main road bhej dena,Logistics
delivery address is main road fast,Logistics
change my delivery time to jaldi bhaiya,Logistics
sunno guard ko bhej dena fast,Logistics
sir main road bhej dena jaldi,Logistics
yo metro station bhej dena urgent,Logistics
re-schedule morning jaldi,Logistics
delivery address is main road bhai,Logistics
sir order kahan hai ji,Logistics
change my delivery time to jaldi fast,Logistics
delivery address is civil lines fast,Logistics
re-schedule evening jaldi,Logistics
delivery address is market urgent,Logistics
delivery address is guard ko urgent,Logistics
yo order kahan hai? please,Logistics
please deliver subah subah jaldi,Logistics
hey tower a bhej dena,Logistics
good bhai,Irrelevant
jai shree ram,Irrelevant
dp mast hai,Irrelevant
theek hai ji ji,Irrelevant
wait,Irrelevant
hallo 😊,Irrelevant
nice dp,Irrelevant
yo ok,Irrelevant
theek hai ji jaldi,Irrelevant
bhaiya sunna,Irrelevant
hi busy hoon,Irrelevant
theek h bhaiya,Irrelevant
aur bhai,Irrelevant
theek hai ji,Irrelevant
good bhaiya,Irrelevant
kya haal hai,Irrelevant
theek h,Irrelevant
sunno busy hoon,Irrelevant
kaha ho,Irrelevant
tc,Irrelevant
🛒,Irrelevant
ek minute,Irrelevant
photo bhejo,Irrelevant
shukriya,Irrelevant
gn bhaiya,Irrelevant
sir ok,Irrelevant
naam kya hai,Irrelevant
tc urgent,Irrelevant
jai shree ram urgent,Irrelevant
acha ji,Irrelevant
kya chal raha hai,Irrelevant
working,Irrelevant
bhai hello hello,Irrelevant
bas yuhi,Irrelevant
kya haal hai ji,Irrelevant
listen 😊,Irrelevant
gn please,Irrelevant
hallo busy hoon,Irrelevant
kal milte hai,Irrelevant
kaun bol raha,Irrelevant
kaisa hai,Irrelevant
hello 📦,Irrelevant
kya haal hai fast,Irrelevant
ji busy hoon,Irrelevant
busy later,Irrelevant
sunno 🙏,Irrelevant
kaisa hai bhaiya,Irrelevant
busy later fast,Irrelevant
madam 🛍️ urgent,Irrelevant
take care,Irrelevant
👍 {emoji} bhai,Irrelevant
bas yuhi jaldi,Irrelevant
✅ {emoji},Irrelevant
namaste ✅ please,Irrelevant
💯,Irrelevant
kya time ho gaya ji,Irrelevant
🛍️,Irrelevant
gn jaldi,Irrelevant
ji 📦,Irrelevant
sab thik?,Irrelevant
sir busy hoon,Irrelevant
kaha se ho,Irrelevant
kaun bol raha jaldi,Irrelevant
good,Irrelevant
sunna,Irrelevant
naam kya hai ji,Irrelevant
okay,Irrelevant
random msg,Irrelevant
tc fast,Irrelevant
hmm ji,Irrelevant
💯 {emoji},Irrelevant
hi okay,Irrelevant
great,Irrelevant
working fast,Irrelevant
good night ji,Irrelevant
kaisa hai urgent,Irrelevant
bhai busy hoon,Irrelevant
sunno 📦,Irrelevant
hello busy hoon,Irrelevant
sir khana kha liya,Irrelevant
kaun bol raha fast,Irrelevant
bas yuhi bhaiya,Irrelevant
kya haal hai urgent,Irrelevant
nice dp bhai,Irrelevant
hi acha,Irrelevant
hi 🛒 fast,Irrelevant
bhaiya busy hoon,Irrelevant
hello 🛍️,Irrelevant
nice,Irrelevant
kaisa hai ji,Irrelevant
🙏,Irrelevant
working urgent,Irrelevant
hallo kal milte hai,Irrelevant
good fast,Irrelevant
ji 🛒,Irrelevant
namaste busy hoon,Irrelevant
photo bhejo fast,Irrelevant
🙏 {emoji},Irrelevant
hey hello hello,Irrelevant
madam sab thik,Irrelevant
📦 {emoji},Irrelevant
sunno 🔥,Irrelevant
namaste mast,Irrelevant
take care jaldi,Irrelevant
jai shree ram ji,Irrelevant
listen 🙏,Irrelevant
yo 🛒,Irrelevant
🛒 {emoji},Irrelevant
😊 {emoji},Irrelevant
hmmm,Irrelevant
madam busy hoon,Irrelevant
ek minute bhaiya,Irrelevant
madam ✅,Irrelevant
acha ji fast,Irrelevant
done ji,Irrelevant
naam kya hai urgent,Irrelevant
madam kal milte hai bhai,Irrelevant
kaha se ho bhaiya,Irrelevant
sunno dukan kab khulegi,Irrelevant
sir 🙏,Irrelevant
😊,Irrelevant
random msg fast,Irrelevant
bhaiya good bhai,Irrelevant
👍 {emoji},Irrelevant
✅,Irrelevant
photo bhejo ji,Irrelevant
listen 💯,Irrelevant
good please,Irrelevant
🛍️ {emoji},Irrelevant
listen hmmm,Irrelevant
acha ji jaldi,Irrelevant
kaha se ho jaldi,Irrelevant
gm ji,Irrelevant
acha ji bhai,Irrelevant
madam good,Irrelevant
bye ji,Irrelevant
ji theek h,Irrelevant
yo hmmm,Irrelevant
sir 👍,Irrelevant
👋 {emoji},Irrelevant
bhai 📦,Irrelevant
kaha se ho urgent,Irrelevant
busy later urgent,Irrelevant
bhaiya nice,Irrelevant
hey busy hoon ji,Irrelevant
kaha se ho ji,Irrelevant
hey 👋,Irrelevant
theek h bhaiya jaldi,Irrelevant
acha ji please,Irrelevant
listen okay,Irrelevant
take care bhai,Irrelevant
hi hmmm,Irrelevant
🛍️ jaldi,Irrelevant
jai shree ram jaldi,Irrelevant
madam 🛒,Irrelevant
mast,Irrelevant
sunno ji,Irrelevant
jai shree ram bhai,Irrelevant
🔥,Irrelevant
hello ❌,Irrelevant
tc bhai,Irrelevant
nice dp fast,Irrelevant
💯 bhaiya,Irrelevant
kaisa hai bhai,Irrelevant
hey ✅,Irrelevant
hallo okay,Irrelevant
ek minute ji,Irrelevant
nahi ji,Irrelevant
gm please,Irrelevant
listen ok,Irrelevant
kaun bol raha please,Irrelevant
shukriya please,Irrelevant
nice dp urgent,Irrelevant
thanks bhaiya ji,Irrelevant
sir acha,Irrelevant
listen busy hoon,Irrelevant
photo bhejo bhai,Irrelevant
hey busy hoon,Irrelevant
kya haal hai bhaiya,Irrelevant
wait bhai,Irrelevant
hey busy hoon fast,Irrelevant
kya haal hai bhai,Irrelevant
gn ji,Irrelevant
bhaiya 🔥,Irrelevant
take care fast,Irrelevant
sunno sab thik?,Irrelevant
theek h bhaiya bhai,Irrelevant
hallo 🛒 jaldi,Irrelevant
bhai 🛍️,Irrelevant
hey good,Irrelevant
kaha se ho please,Irrelevant
hallo 📦,Irrelevant
hello hello,Irrelevant
acha ji urgent,Irrelevant
busy later ji,Irrelevant
busy later please,Irrelevant
theek h bhaiya bhaiya,Irrelevant
aur bhai bhai,Irrelevant
bhai 🙏,Irrelevant
yo sunna bhai,Irrelevant
sunno 🛒 jaldi,Irrelevant
missed call ji,Irrelevant
namaste 🛍️,Irrelevant
ji 🛍️,Irrelevant
photo bhejo jaldi,Irrelevant
dp mast hai jaldi,Irrelevant
yo busy hoon,Irrelevant
gn bhai,Irrelevant
nice dp please,Irrelevant
👋 bhaiya,Irrelevant
📦,Irrelevant
ek minute jaldi,Irrelevant
dp mast hai ji,Irrelevant
🔥 {emoji},Irrelevant
hallo nice,Irrelevant
yo 💯,Irrelevant
❌,Irrelevant
dukan kab khulegi,Irrelevant
kaisa hai please,Irrelevant
theek hai ji fast,Irrelevant
hallo ✅,Irrelevant
take care urgent,Irrelevant
hallo busy hoon please,Irrelevant
nice dp bhaiya,Irrelevant
bhaiya busy hoon please,Irrelevant
yo,Irrelevant
kya haal hai jaldi,Irrelevant
see you ji,Irrelevant
🛍️ ji,Irrelevant
badhiya,Irrelevant
sunno khana kha liya,Irrelevant
thank you ji,Irrelevant
good ji,Irrelevant
namaste nice,Irrelevant
yo acha,Irrelevant
mast ji,Irrelevant
sir 🛍️,Irrelevant
bhai kya chal raha hai,Irrelevant
bhaiya kal milte hai,Irrelevant
ji 💯 bhai,Irrelevant
hi 😊,Irrelevant
❌ {emoji},Irrelevant
yo ✅,Irrelevant
working bhaiya,Irrelevant
❌ please,Irrelevant
hey ok,Irrelevant
gn urgent,Irrelevant
bas yuhi bhai,Irrelevant
take care ji,Irrelevant
sunno,Irrelevant
sab thik,Irrelevant
hey 🛒,Irrelevant
✅ fast,Irrelevant
💯 bhai,Irrelevant
tc please,Irrelevant
sunno 😊,Irrelevant
👋,Irrelevant
ji 😊,Irrelevant
khana kha liya?,Irrelevant
busy later bhaiya,Irrelevant
wait bhaiya,Irrelevant
sir ❌,Irrelevant
hello ✅ bhai,Irrelevant
bas yuhi urgent,Irrelevant
acha ji bhaiya,Irrelevant
hello ji ji,Irrelevant
listen theek h,Irrelevant
bhai kaha ho,Irrelevant
dp mast hai bhaiya,Irrelevant
shukriya bhai,Irrelevant
namaste badhiya,Irrelevant
hi 🛒,Irrelevant
bhai busy hoon please,Irrelevant
sir busy hoon bhaiya,Irrelevant
random msg bhai,Irrelevant
bhaiya dukan kab khulegi,Irrelevant
👋 bhai,Irrelevant
namaste 💯,Irrelevant
😊 please,Irrelevant
acha,Irrelevant
namaste 👋,Irrelevant
sunno busy hoon ji,Irrelevant
haan ji,Irrelevant
photo bhejo bhaiya,Irrelevant
✅ {emoji} bhai,Irrelevant
sir 📦,Irrelevant
madam ❌ fast,Irrelevant
🙏 {emoji} please,Irrelevant
bhai 👋,Irrelevant
kaha se ho bhai,Irrelevant
kaun bol raha bhaiya,Irrelevant
bas yuhi please,Irrelevant
jai shree ram bhaiya,Irrelevant
listen busy hoon bhaiya,Irrelevant
madam badhiya,Irrelevant
naam kya hai please,Irrelevant
listen kya chal raha hai,Irrelevant
ek minute fast,Irrelevant
🔥 {emoji} bhai,Irrelevant
👋 {emoji} ji,Irrelevant
dp mast hai bhai,Irrelevant
ji 🙏,Irrelevant
wait please,Irrelevant
kuch nahi ji,Irrelevant
hey ❌,Irrelevant
bhai great,Irrelevant
hallo kaise ho bhaiya,Irrelevant
listen badhiya fast,Irrelevant
wait urgent,Irrelevant
tc bhaiya,Irrelevant
bas yuhi fast,Irrelevant
bhaiya 🙏,Irrelevant
sir good,Irrelevant
mast jaldi,Irrelevant
🔥 {emoji} bhaiya,Irrelevant
sir mast,Irrelevant
kaisa hai fast,Irrelevant
naam kya hai bhaiya,Irrelevant
hey 😊,Irrelevant
thik hai ji,Irrelevant
hallo 🔥,Irrelevant
gm bhai,Irrelevant
ji hmmm ji,Irrelevant
kaise ho bhaiya urgent,Irrelevant
madam 💯,Irrelevant
wait fast,Irrelevant
good jaldi,Irrelevant
bhaiya 😊,Irrelevant
madam nice,Irrelevant
naam kya hai bhai,Irrelevant
take care please,Irrelevant
sunno great,Irrelevant
random msg bhaiya,Irrelevant
hi ❌,Irrelevant
listen nice,Irrelevant
namaste 🙏,Irrelevant
yo ❌ please,Irrelevant
theek h bhaiya fast,Irrelevant
theek h bhaiya urgent,Irrelevant
gm urgent,Irrelevant
bhai nice,Irrelevant
working ji,Irrelevant
kal milte hai jaldi,Irrelevant
sunno busy hoon jaldi,Irrelevant
nice dp ji,Irrelevant
hallo,Irrelevant
hello kaha ho,Irrelevant
busy later jaldi,Irrelevant
yo 👍,Irrelevant
namaste kaha ho,Irrelevant
naam kya hai jaldi,Irrelevant
🙏 ji,Irrelevant
namaste 📦,Irrelevant
listen acha,Irrelevant
photo bhejo urgent,Irrelevant
sunno busy hoon bhaiya,Irrelevant
📦 bhaiya,Irrelevant
hallo 🙏,Irrelevant
hello 🔥,Irrelevant
ok thanks ji,Irrelevant
yo 🙏,Irrelevant
bhai sunna jaldi,Irrelevant
ek minute bhai,Irrelevant
theek hai ji bhai,Irrelevant
madam sunna,Irrelevant
nice dp jaldi,Irrelevant
sunno good bhai,Irrelevant
bhai okay,Irrelevant
📦 {emoji} please,Irrelevant
bhai good,Irrelevant
khana kha liya,Irrelevant
call karo ji,Irrelevant
madam acha,Irrelevant
listen great,Irrelevant
random msg urgent,Irrelevant
listen hello hello,Irrelevant
💯 jaldi,Irrelevant
shukriya fast,Irrelevant
👋 ji,Irrelevant
gm fast,Irrelevant
kya chal raha hai fast,Irrelevant
theek hai ji please,Irrelevant
sir hello hello,Irrelevant
listen 👋,Irrelevant
hallo 🙏 jaldi,Irrelevant
namaste sab thik? jaldi,Irrelevant
dp mast hai urgent,Irrelevant
💯 ji,Irrelevant
namaste ✅ urgent,Irrelevant
sunno 💯 jaldi,Irrelevant
bhai 💯,Irrelevant
sunno fast,Irrelevant
shukriya urgent,Irrelevant
bhai ✅,Irrelevant
yo 🔥,Irrelevant
namaste dukan kab khulegi,Irrelevant
sunno sunna urgent,Irrelevant
namaste good,Irrelevant
😊 {emoji} jaldi,Irrelevant
ji 💯,Irrelevant
photo bhejo please,Irrelevant
sunno 🙏 fast,Irrelevant
bhai sab thik,Irrelevant
bhai 🛒,Irrelevant
hi nice,Irrelevant
ji sab thik?,Irrelevant
yo kaha ho,Irrelevant
bhai 🔥,Irrelevant
sir 💯,Irrelevant
theek h bhaiya ji,Irrelevant
sir badhiya,Irrelevant
random msg ji,Irrelevant
🛍️ please,Irrelevant
take care bhaiya,Irrelevant
kaun bol raha ji,Irrelevant
madam 📦,Irrelevant
hallo good,Irrelevant
naam kya hai fast,Irrelevant
ji 🔥,Irrelevant
sunno 👋 fast,Irrelevant
happy diwali ji,Irrelevant
bhai ✅ urgent,Irrelevant
bhaiya busy hoon fast,Irrelevant
hallo 🔥 ji,Irrelevant
hey great,Irrelevant
listen 🛒,Irrelevant
hello kal milte hai,Irrelevant
bhaiya hmmm,Irrelevant
bhaiya theek h please,Irrelevant
sir nice bhai,Irrelevant
random msg jaldi,Irrelevant
hallo busy hoon bhaiya,Irrelevant
aur bhai ji,Irrelevant
gn fast,Irrelevant
badhiya jaldi,Irrelevant
yo sunna,Irrelevant
👍 {emoji} fast,Irrelevant
hello 💯,Irrelevant
hallo kaise ho bhaiya bhaiya,Irrelevant
yo kya chal raha hai,Irrelevant
dp mast hai fast,Irrelevant
ek minute please,Irrelevant
working jaldi,Irrelevant
hey busy hoon bhai,Irrelevant
namaste okay,Irrelevant
ji 👍 jaldi,Irrelevant
hello busy hoon bhai,Irrelevant
busy later bhai,Irrelevant
hallo sunna,Irrelevant
bas yuhi ji,Irrelevant
acha ji ji,Irrelevant
ji nice,Irrelevant
namaste ❌,Irrelevant
kaun bol raha urgent,Irrelevant
radhe radhe ji,Irrelevant
✅ {emoji} jaldi,Irrelevant
sir kya chal raha hai,Irrelevant
kya chal raha hai bhai,Irrelevant
💯 urgent,Irrelevant
hey khana kha liya?,Irrelevant
hello hmmm,Irrelevant
working bhai,Irrelevant
hey acha,Irrelevant
sunno kal milte hai,Irrelevant
aur bhai jaldi,Irrelevant
sir ✅,Irrelevant
hey busy hoon please,Irrelevant
working please,Irrelevant
sunno bhaiya,Irrelevant
sunno good,Irrelevant
badhiya bhai,Irrelevant
shukriya bhaiya,Irrelevant
kaha se ho fast,Irrelevant
namaste kal milte hai,Irrelevant
kaha ho urgent,Irrelevant
bhaiya khana kha liya,Irrelevant
ji sunna,Irrelevant
hey theek h please,Irrelevant
shukriya jaldi,Irrelevant
shukriya ji,Irrelevant
hey 📦,Irrelevant
listen 👍,Irrelevant
listen dukan kab khulegi,Irrelevant
hello good,Irrelevant
bhaiya 💯,Irrelevant
sunno 🛒,Irrelevant
bhai ❌ fast,Irrelevant
hi mast,Irrelevant
acha bhaiya,Irrelevant
gm bhaiya,Irrelevant
bhaiya 👍,Irrelevant
bhaiya 🛍️,Irrelevant
ji ji,Irrelevant
kaun bol raha bhai,Irrelevant
hi theek h,Irrelevant
ji great,Irrelevant
badhiya please,Irrelevant
nice urgent,Irrelevant
bhaiya 🛍️ fast,Irrelevant
hello theek h,Irrelevant
ek minute urgent,Irrelevant
hello ❌ please,Irrelevant
ji nice ji,Irrelevant
sunno khana kha liya?,Irrelevant
bhaiya badhiya,Irrelevant
jai shree ram fast,Irrelevant
khana kha liya? ji,Irrelevant
sunno theek h,Irrelevant
hello busy hoon bhaiya,Irrelevant
sab thik fast,Irrelevant
listen 📦,Irrelevant
madam kaha ho,Irrelevant
sir busy hoon ji,Irrelevant
yo busy hoon jaldi,Irrelevant
sunno bhai,Irrelevant
sir 🔥,Irrelevant
gm jaldi,Irrelevant
bhai 👍,Irrelevant
wait ji,Irrelevant
hey ji,Irrelevant
❌ fast,Irrelevant
bhai badhiya,Irrelevant
dp mast hai please,Irrelevant
khana kha liya? bhai,Irrelevant
listen ❌,Irrelevant
yo urgent,Irrelevant
hello ✅,Irrelevant
acha fast,Irrelevant
🛍️ {emoji} please,Irrelevant
hey 🙏,Irrelevant
hallo khana kha liya?,Irrelevant
bhai ❌,Irrelevant
madam 👋,Irrelevant
good morning ji,Irrelevant
hello mast,Irrelevant
hi hello hello,Irrelevant
sunno 🛍️,Irrelevant
yo ji,Irrelevant
bhaiya theek h,Irrelevant
sunna bhai,Irrelevant
kaisa hai jaldi,Irrelevant
good urgent,Irrelevant
🔥 {emoji} jaldi,Irrelevant
hi 💯 jaldi,Irrelevant
yo nice,Irrelevant
sunno kaise ho,Irrelevant
yo 🔥 bhai,Irrelevant
bhaiya great,Irrelevant
❌ {emoji} bhaiya,Irrelevant
madam kya chal raha hai,Irrelevant
tc ji,Irrelevant
ok ji,Irrelevant
sir khana kha liya?,Irrelevant
namaste ok,Irrelevant
👋 {emoji} bhai,Irrelevant
sunno jaldi,Irrelevant
bhaiya ✅,Irrelevant
theek hai ji urgent,Irrelevant
sir kal milte hai,Irrelevant
ji mast,Irrelevant
😊 {emoji} fast,Irrelevant
sir nice,Irrelevant
hi badhiya,Irrelevant
ji kya chal raha hai jaldi,Irrelevant
namaste 🔥,Irrelevant
namaste 📦 bhai,Irrelevant
hallo great,Irrelevant
namaste 👍,Irrelevant
bhai 🛒 ji,Irrelevant
ji ✅,Irrelevant
yo 📦,Irrelevant
namaste good bhaiya,Irrelevant
hey okay,Irrelevant
ji ❌,Irrelevant
hallo kaha ho,Irrelevant
bhaiya mast,Irrelevant
hey 🔥,Irrelevant
madam ok,Irrelevant
yo jaldi,Irrelevant
bhaiya 🛒,Irrelevant
hallo 📦 fast,Irrelevant
hey kya chal raha hai,Irrelevant
✅ {emoji} ji,Irrelevant
hi great,Irrelevant
hello sab thik?,Irrelevant
listen busy hoon urgent,Irrelevant
aur bhai bhaiya,Irrelevant
bhai good bhaiya,Irrelevant
hey acha urgent,Irrelevant
aur bhai please,Irrelevant
sir hmmm,Irrelevant
sir busy hoon jaldi,Irrelevant
random msg please,Irrelevant
hi dukan kab khulegi,Irrelevant
madam 😊,Irrelevant
😊 bhai,Irrelevant
kal milte hai please,Irrelevant
sunno ✅,Irrelevant
namaste 📦 fast,Irrelevant
hi khana kha liya,Irrelevant
tc jaldi,Irrelevant
yo hello hello,Irrelevant
sir okay,Irrelevant
bhaiya ok,Irrelevant
hallo 🛒,Irrelevant
hallo ❌,Irrelevant
bhaiya kaise ho bhaiya fast,Irrelevant
namaste 👋 please,Irrelevant
bhai 😊,Irrelevant
hi 🙏,Irrelevant
hallo 💯,Irrelevant
sunno mast urgent,Irrelevant
bhai 🔥 jaldi,Irrelevant
namaste khana kha liya,Irrelevant
listen hmmm bhaiya,Irrelevant
hi 📦,Irrelevant
namaste ✅,Irrelevant
namaste khana kha liya bhaiya,Irrelevant
🛒 urgent,Irrelevant
sunno badhiya,Irrelevant
😊 {emoji} ji,Irrelevant
hey nice bhaiya,Irrelevant
📦 {emoji} jaldi,Irrelevant
🛒 bhai,Irrelevant
listen 📦 urgent,Irrelevant
✅ {emoji} bhaiya,Irrelevant
hallo khana kha liya,Irrelevant
sunno ok,Irrelevant
hey mast,Irrelevant
theek h bhaiya please,Irrelevant
bhai ❌ bhaiya,Irrelevant
sunna bhaiya,Irrelevant
sunno kya chal raha hai,Irrelevant
hey badhiya,Irrelevant
sir 🛒,Irrelevant
aur bhai fast,Irrelevant
bhaiya hello hello,Irrelevant
listen khana kha liya?,Irrelevant
❌ bhaiya,Irrelevant
yo bhaiya,Irrelevant
madam 📦 urgent,Irrelevant
sir great,Irrelevant
sir dukan kab khulegi,Irrelevant
sunno acha,Irrelevant
hey hmmm,Irrelevant
bhaiya kya chal raha hai,Irrelevant
hi 👋,Irrelevant
sir 👍 ji,Irrelevant
bhai kal milte hai,Irrelevant
sunno kaise ho bhaiya,Irrelevant
bhai busy hoon bhaiya,Irrelevant
ji okay,Irrelevant
hey dukan kab khulegi jaldi,Irrelevant
bhai acha,Irrelevant
📦 {emoji} urgent,Irrelevant
namaste theek h,Irrelevant
ji sab thik,Irrelevant
hello great,Irrelevant
wait jaldi,Irrelevant
👍 {emoji} ji,Irrelevant
bhai ❌ urgent,Irrelevant
hallo theek h,Irrelevant
hi khana kha liya? please,Irrelevant
listen 🔥,Irrelevant
listen 🛍️,Irrelevant
ji dukan kab khulegi,Irrelevant
🛒 {emoji} bhai,Irrelevant
theek h please,Irrelevant
hallo hmmm,Irrelevant
hello 🛒,Irrelevant
📦 bhai,Irrelevant
sir kaha ho,Irrelevant
hey nice,Irrelevant
💯 {emoji} ji,Irrelevant
hello 👍,Irrelevant
🙏 bhai,Irrelevant
yo badhiya,Irrelevant
🙏 {emoji} ji,Irrelevant
yo busy hoon bhaiya,Irrelevant
ji kal milte hai,Irrelevant
sir busy hoon bhai,Irrelevant
hello ok,Irrelevant
jai shree ram please,Irrelevant
bhai ❌ bhai,Irrelevant
hello 💯 fast,Irrelevant
hi 💯,Irrelevant
madam busy hoon fast,Irrelevant
madam 👍 fast,Irrelevant
hmmm fast,Irrelevant
hello badhiya,Irrelevant
namaste khana kha liya fast,Irrelevant
hey 🙏 bhaiya,Irrelevant
🛒 please,Irrelevant
namaste 🛒,Irrelevant
namaste sab thik,Irrelevant
hello kya chal raha hai urgent,Irrelevant
yo khana kha liya,Irrelevant
hey ✅ bhai,Irrelevant
bhaiya acha,Irrelevant
okay fast,Irrelevant
bhaiya good,Irrelevant
hallo dukan kab khulegi,Irrelevant
madam hmmm,Irrelevant
sir 📦 bhai,Irrelevant
madam 👍,Irrelevant
theek h fast,Irrelevant
hi 🛍️,Irrelevant
yo kaise ho bhaiya please,Irrelevant
aur bhai urgent,Irrelevant
bhaiya kaha ho,Irrelevant
hi sunna,Irrelevant
❌ {emoji} jaldi,Irrelevant
bhai busy hoon urgent,Irrelevant
listen ✅,Irrelevant
🙏 urgent,Irrelevant
madam dukan kab khulegi,Irrelevant
hi ji,Irrelevant
hmmm please,Irrelevant
hallo busy hoon jaldi,Irrelevant
sunno nice,Irrelevant
sunno busy hoon bhai,Irrelevant
listen nice jaldi,Irrelevant
ji ✅ bhai,Irrelevant
hello nice,Irrelevant
sir okay jaldi,Irrelevant
sir 😊,Irrelevant
hey busy hoon urgent,Irrelevant
hello 😊,Irrelevant
sunno hello hello,Irrelevant
madam khana kha liya,Irrelevant
kaha ho bhaiya,Irrelevant
sunno 💯,Irrelevant
listen good,Irrelevant
hey theek h jaldi,Irrelevant
bhai hmmm,Irrelevant
bhai dukan kab khulegi,Irrelevant
namaste busy hoon please,Irrelevant
nice fast,Irrelevant
kaise ho ji,Irrelevant
dukan kab khulegi ji,Irrelevant
yo busy hoon fast,Irrelevant
theek hai ji bhaiya,Irrelevant
hey busy hoon jaldi,Irrelevant
madam acha jaldi,Irrelevant
hallo acha,Irrelevant
🔥 fast,Irrelevant
bhaiya sab thik,Irrelevant
kal milte hai fast,Irrelevant
khana kha liya? please,Irrelevant
hallo good jaldi,Irrelevant
khana kha liya bhai,Irrelevant
dukan kab khulegi please,Irrelevant
🔥 {emoji} please,Irrelevant
bhai busy hoon ji,Irrelevant
kya haal hai please,Irrelevant
yo mast,Irrelevant
listen badhiya,Irrelevant
bhaiya okay,Irrelevant
great bhai,Irrelevant
hallo khana kha liya jaldi,Irrelevant
madam 🙏,Irrelevant
hi 🔥 ji,Irrelevant
bhaiya okay fast,Irrelevant
hello hello hello jaldi,Irrelevant
hallo busy hoon urgent,Irrelevant
yo 👋,Irrelevant
kal milte hai ji,Irrelevant
hi ✅,Irrelevant
madam great,Irrelevant
bhaiya busy hoon jaldi,Irrelevant
yo 🛒 jaldi,Irrelevant
hey 🛒 jaldi,Irrelevant
😊 ji,Irrelevant
hey 🛍️,Irrelevant
namaste 😊,Irrelevant
hi sab thik,Irrelevant
hallo sunna jaldi,Irrelevant
hi 🔥 fast,Irrelevant
theek h bhai,Irrelevant
👋 {emoji} bhaiya,Irrelevant
hi 🔥,Irrelevant
ji ❌ please,Irrelevant
👋 jaldi,Irrelevant
sir sab thik,Irrelevant
sunna please,Irrelevant
yo sab thik,Irrelevant
madam busy hoon please,Irrelevant
namaste busy hoon jaldi,Irrelevant
ji hello hello,Irrelevant
hallo 👍,Irrelevant
sunno 👋 ji,Irrelevant
hello busy hoon ji,Irrelevant
ji kaise ho bhaiya bhai,Irrelevant
sunna urgent,Irrelevant
hi kal milte hai,Irrelevant
ji 🛍️ bhai,Irrelevant
namaste hello hello fast,Irrelevant
sunno 👋,Irrelevant
ji kaha ho,Irrelevant
yo theek h,Irrelevant
namaste ji,Irrelevant
bhaiya busy hoon bhaiya,Irrelevant
madam 🛍️,Irrelevant
sunno kaha ho,Irrelevant
ji khana kha liya?,Irrelevant
namaste 🙏 urgent,Irrelevant
🛍️ bhai,Irrelevant
yo badhiya fast,Irrelevant
hmmm urgent,Irrelevant
madam busy hoon urgent,Irrelevant
yo 😊,Irrelevant
listen busy hoon please,Irrelevant
😊 {emoji} please,Irrelevant
hi kaha ho,Irrelevant
hi busy hoon bhai,Irrelevant
sir ❌ ji,Irrelevant
🙏 {emoji} jaldi,Irrelevant
❌ {emoji} fast,Irrelevant
bhai busy hoon jaldi,Irrelevant
ji 😊 urgent,Irrelevant
🔥 bhai,Irrelevant
ji busy hoon bhaiya,Irrelevant
sir theek h,Irrelevant
ji good fast,Irrelevant
sir nice bhaiya,Irrelevant
🙏 {emoji} bhaiya,Irrelevant
🛒 {emoji} bhaiya,Irrelevant
sir acha please,Irrelevant
yo fast,Irrelevant
ji 👋 ji,Irrelevant
hey 💯,Irrelevant
hi sab thik? bhaiya,Irrelevant
hi 👍,Irrelevant
💯 {emoji} please,Irrelevant
hallo 🛍️ bhai,Irrelevant
hello acha,Irrelevant
madam theek h,Irrelevant
bhaiya ❌,Irrelevant
❌ {emoji} bhai,Irrelevant
hi 🙏 urgent,Irrelevant
hi busy hoon urgent,Irrelevant
madam mast,Irrelevant
👋 fast,Irrelevant
hello busy hoon jaldi,Irrelevant
listen 👋 bhaiya,Irrelevant
bhaiya 🙏 ji,Irrelevant
❌ {emoji} urgent,Irrelevant
hi good,Irrelevant
💯 please,Irrelevant
sunno hmmm,Irrelevant
sir 👋,Irrelevant
🙏 jaldi,Irrelevant
❌ {emoji} ji,Irrelevant
sab thik jaldi,Irrelevant
hi 🛍️ fast,Irrelevant
hello kya chal raha hai,Irrelevant
🙏 {emoji} urgent,Irrelevant
sir busy hoon fast,Irrelevant
👋 please,Irrelevant
bhai khana kha liya,Irrelevant
bhai good jaldi,Irrelevant
👋 {emoji} jaldi,Irrelevant
hallo kaise ho,Irrelevant
listen kaha ho,Irrelevant
kaise ho bhaiya jaldi,Irrelevant
listen sab thik?,Irrelevant
🛒 {emoji} fast,Irrelevant
listen busy hoon fast,Irrelevant
yo dukan kab khulegi,Irrelevant
ji ❌ jaldi,Irrelevant
sunno good please,Irrelevant
listen busy hoon jaldi,Irrelevant
yo please,Irrelevant
sunno busy hoon urgent,Irrelevant
yo busy hoon urgent,Irrelevant
👋 {emoji} please,Irrelevant
😊 urgent,Irrelevant
hello 👋,Irrelevant
hello khana kha liya? bhaiya,Irrelevant
📦 {emoji} bhai,Irrelevant
listen 🛒 fast,Irrelevant
hi busy hoon bhaiya,Irrelevant
hallo ok,Irrelevant
ji kya chal raha hai,Irrelevant
acha jaldi,Irrelevant
✅ ji,Irrelevant
📦 ji,Irrelevant
hello 🙏 bhai,Irrelevant
😊 {emoji} urgent,Irrelevant
🔥 jaldi,Irrelevant
yo ok fast,Irrelevant
ji busy hoon urgent,Irrelevant
yo sab thik?,Irrelevant
kaha ho bhai,Irrelevant
🛍️ {emoji} fast,Irrelevant
bhaiya acha urgent,Irrelevant
madam ❌,Irrelevant
madam kal milte hai,Irrelevant
hallo urgent,Irrelevant
namaste acha,Irrelevant
khana kha liya bhaiya,Irrelevant
listen khana kha liya? ji,Irrelevant
hallo mast,Irrelevant
hey sunna,Irrelevant
hey dukan kab khulegi,Irrelevant
yo theek h bhai,Irrelevant
madam 🔥 urgent,Irrelevant
listen acha bhai,Irrelevant
hey 🛒 ji,Irrelevant
bhaiya ji,Irrelevant
yo bhai,Irrelevant
listen 👍 urgent,Irrelevant
hallo nice urgent,Irrelevant
ji 👋,Irrelevant
👋 urgent,Irrelevant
hallo ✅ fast,Irrelevant
hello 👋 jaldi,Irrelevant
ji 📦 please,Irrelevant
bhaiya okay urgent,Irrelevant
sir 📦 fast,Irrelevant
madam dukan kab khulegi jaldi,Irrelevant
sunno great bhai,Irrelevant
hey theek h,Irrelevant
listen 🛒 bhaiya,Irrelevant
👍 {emoji} please,Irrelevant
okay please,Irrelevant
yo okay bhaiya,Irrelevant
hi 🙏 fast,Irrelevant
✅ {emoji} fast,Irrelevant
yo kaise ho,Irrelevant
hey 👍 please,Irrelevant
hey 👍,Irrelevant
bhaiya busy hoon bhai,Irrelevant
✅ {emoji} urgent,Irrelevant
hey 💯 bhai,Irrelevant
hi busy hoon please,Irrelevant
🛍️ {emoji} jaldi,Irrelevant
hi busy hoon ji,Irrelevant
🛍️ fast,Irrelevant
ji 📦 jaldi,Irrelevant
sunno ❌,Irrelevant
kya chal raha hai please,Irrelevant
ji acha,Irrelevant
yo 🛒 ji,Irrelevant
listen mast,Irrelevant
nice ji,Irrelevant
yo 🛍️,Irrelevant
bhai hello hello urgent,Irrelevant
great urgent,Irrelevant
yo ❌,Irrelevant
sunno 😊 jaldi,Irrelevant
sunno 👍 fast,Irrelevant
hey busy hoon bhaiya,Irrelevant
hey 🛒 please,Irrelevant
hallo kya chal raha hai,Irrelevant
namaste hello hello,Irrelevant
bhai 👍 fast,Irrelevant
madam 🔥,Irrelevant
hey okay bhaiya,Irrelevant
madam good urgent,Irrelevant
🔥 {emoji} ji,Irrelevant
hello 🙏,Irrelevant
ji good,Irrelevant
namaste kya chal raha hai jaldi,Irrelevant
🛒 bhaiya,Irrelevant
ji 👍 bhai,Irrelevant
sunno 🙏 please,Irrelevant
sunno sab thik,Irrelevant
ji hmmm,Irrelevant
hallo ji,Irrelevant
namaste sab thik? please,Irrelevant
hallo hello hello,Irrelevant
hello 😊 jaldi,Irrelevant
bhai badhiya fast,Irrelevant
yo 🙏 bhaiya,Irrelevant
bhaiya 👋 please,Irrelevant
✅ bhai,Irrelevant
hello okay,Irrelevant
hallo nice bhai,Irrelevant
madam okay,Irrelevant
hello hello hello,Irrelevant
nice jaldi,Irrelevant
hello busy hoon please,Irrelevant
👍 ji,Irrelevant
ji 🔥 bhai,Irrelevant
ji mast please,Irrelevant
madam 🔥 fast,Irrelevant
khana kha liya urgent,Irrelevant
listen sunna fast,Irrelevant
🛍️ {emoji} bhai,Irrelevant
great please,Irrelevant
namaste hello hello jaldi,Irrelevant
hey good please,Irrelevant
yo ✅ jaldi,Irrelevant
theek h jaldi,Irrelevant
🛒 jaldi,Irrelevant
📦 please,Irrelevant
listen 🔥 bhaiya,Irrelevant
madam ok ji,Irrelevant
namaste 📦 urgent,Irrelevant
kaise ho bhaiya fast,Irrelevant
ji khana kha liya? fast,Irrelevant
bhai acha fast,Irrelevant
yo kaise ho bhaiya,Irrelevant
hallo bhaiya,Irrelevant
badhiya bhaiya,Irrelevant
listen kal milte hai,Irrelevant
hey kal milte hai,Irrelevant
yo theek h bhaiya,Irrelevant
bhaiya 🛍️ please,Irrelevant
hello 👍 jaldi,Irrelevant
madam busy hoon ji,Irrelevant
hallo sab thik?,Irrelevant
bhai theek h,Irrelevant
hi ok,Irrelevant
hallo ok bhai,Irrelevant
📦 {emoji} fast,Irrelevant
yo khana kha liya?,Irrelevant
madam hello hello,Irrelevant
💯 {emoji} urgent,Irrelevant
madam khana kha liya?,Irrelevant
😊 {emoji} bhaiya,Irrelevant
hallo 👋,Irrelevant
kal milte hai bhaiya,Irrelevant
badhiya fast,Irrelevant
😊 fast,Irrelevant
bhaiya 🔥 ji,Irrelevant
yo great,Irrelevant
madam badhiya bhai,Irrelevant
bhaiya 👋,Irrelevant
hallo busy hoon fast,Irrelevant
🛍️ {emoji} urgent,Irrelevant
bhaiya theek h jaldi,Irrelevant
ji busy hoon fast,Irrelevant
hallo great bhaiya,Irrelevant
hi 📦 urgent,Irrelevant
madam busy hoon bhai,Irrelevant
🛍️ urgent,Irrelevant
hallo 👍 bhai,Irrelevant
dukan kab khulegi bhai,Irrelevant
🔥 bhaiya,Irrelevant
sunno sunna,Irrelevant
mast urgent,Irrelevant
hi 😊 bhai,Irrelevant
namaste kal milte hai bhaiya,Irrelevant
listen sab thik,Irrelevant
bhaiya great jaldi,Irrelevant
💯 fast,Irrelevant
sir sab thik?,Irrelevant
sunno 👍,Irrelevant
yo hmmm bhaiya,Irrelevant
bhai sunna,Irrelevant
hey kaise ho bhaiya jaldi,Irrelevant
❌ ji,Irrelevant
hello hello please,Irrelevant
hi ❌ urgent,Irrelevant
sab thik? bhai,Irrelevant
👍 {emoji} bhaiya,Irrelevant
sir kaha ho bhai,Irrelevant
listen busy hoon bhai,Irrelevant
madam ❌ jaldi,Irrelevant
❌ jaldi,Irrelevant
okay jaldi,Irrelevant
🛒 {emoji} ji,Irrelevant
hello 📦 bhaiya,Irrelevant
✅ please,Irrelevant
hello 🛍️ fast,Irrelevant
hello khana kha liya,Irrelevant
sunno hmmm bhaiya,Irrelevant
theek h ji,Irrelevant
sunno ok urgent,Irrelevant
1 cake dedo,Ordering
2 biscuit pack kar do,Ordering
bhai 1 pizza confirm kar do,Ordering
ye item chahiye mujhe,Ordering
ek order book kar do,Ordering
mera order confirm karo,Ordering
3 burger bhijwa do,Ordering
kya ye order ho sakta hai,Ordering
order book please,Ordering
sir 2 cake chahiye delivery ke liye,Ordering
ek plate biryani dedo,Ordering
mujhko 1 set chahiye,Ordering
order confirm kar dijiye,Ordering
jaldi se 1 packet bhez do,Ordering
item confirm please,Ordering
