message,label
I am looking for book a combo meal,order
I want to buy a combo meal by tomorrow,order
I need add office supplies for my party,order
I need order office supplies asap,order
Mera paani ki bottle book karna abhi,order
Mujhe premium plan order karna hai,order
Sir saman pack kar do kal tak,order
Please purchase a combo meal,order
Looking to book biryani by tomorrow,order
I want to buy 10 units please,order
I need order the premium plan urgently,order
Could you order the premium plan,order
I want to buy some groceries,order
Can I get add a combo meal now,order
Mujhe cake bhej do,order
Could you get biryani delivered to my house,order
I need order some groceries by tomorrow,order
I am looking for purchase some groceries,order
Bhai biryani dedo jaldi,order
I want to order a replacement part now,order
Bhai pizza bhej do jaldi,order
Mera cake pack kar do fast,order
I'd like to add biryani delivered to my house,order
Can I get purchase 5 cakes,order
Mujhay pizza lagana hai plz,order
I'd like to get office supplies,order
Please buy a large pizza urgently,order
Please buy a combo meal delivered to my house,order
Sir cake dedo abhi,order
I am looking for place an order for a large pizza please,order
Bhai pizza lagana hai kal tak,order
Mera premium plan book karna jaldi,order
Could you place an order for a combo meal please,order
Mujhay phone dedo,order
Looking to purchase 10 units,order
Could you get 10 units delivered to my house,order
Bhai premium plan pack kar do kal tak,order
I am looking for get a combo meal delivered to my house,order
Sir biryani book karna kal tak,order
I am looking for order a combo meal now,order
Mera pizza book karna jaldi,order
I want to get a combo meal for my party,order
I need purchase biryani urgently,order
I'd like to order biryani for my party,order
Please order the new model,order
I need purchase the new model delivered to my house,order
Please buy office supplies urgently,order
I need book 5 cakes urgently,order
I am looking for book 5 cakes now,order
Looking to order a replacement part delivered to my house,order
Looking to purchase 5 cakes for my party,order
Can I get book a combo meal for my party,order
I need add a large pizza,order
Please paani ki bottle book karna plz,order
Mujhe cake pack kar do fast,order
I am looking for place an order for some groceries now,order
Can I get buy the new model now,order
Mera premium plan pack kar do kal tak,order
Can I get purchase 10 units urgently,order
Looking to buy a large pizza for my party,order
Mujhay saman order karna hai urgent,order
I am looking for book some groceries delivered to my house,order
Could you add a combo meal now,order
Mujhe paani ki bottle dedo abhi,order
Bhai saman book karna kal tak,order
Ek phone lagana hai fast,order
I need purchase the premium plan for my party,order
I want to place an order for 5 cakes now,order
I'd like to buy office supplies now,order
I need add 5 cakes urgently,order
Can I get book a replacement part asap,order
Please saman book karna plz,order
Sir phone lagana hai,order
I'd like to buy the new model delivered to my house,order
Mujhe pizza bhej do jaldi,order
Looking to place an order for a replacement part urgently,order
Please laptop order karna hai kal tak,order
"Hey, I want to buy office supplies by tomorrow",order
I need get office supplies,order
I need place an order for 5 cakes please,order
Could you add office supplies urgently,order
I need get a replacement part for my party,order
I am looking for purchase 5 cakes now,order
Please cake dedo,order
Looking to get a large pizza now,order
I need order a combo meal now,order
update my order to 3,order
Could you order the new model,order
Please purchase office supplies for my party,order
I want to get a replacement part please,order
Please place an order for the new model asap,order
I am looking for add the premium plan now,order
Ek saman pack kar do fast,order
Looking to book biryani delivered to my house,order
I want to book biryani please,order
Looking to buy biryani,order
instead of 2 quantity,order
Could you buy the new model asap,order
Mujhay phone order karna hai abhi,order
Sir biryani pack kar do kal tak,order
I want to purchase 5 cakes asap,order
Mera phone chahiye jaldi,order
Mujhe premium plan lagana hai kal tak,order
Could you place an order for a combo meal for my party,order
I need add a large pizza for my party,order
I am looking for book a replacement part by tomorrow,order
Please place an order for 10 units please,order
"Hey, I want to order a combo meal",order
"Hey, I want to buy the premium plan by tomorrow",order
Mujhay pizza dedo urgent,order
Sir phone lagana hai urgent,order
I need get the new model by tomorrow,order
"Hey, I want to book 10 units now",order
Can I get place an order for a combo meal delivered to my house,order
Please biryani bhej do urgent,order
Sir phone order karna hai urgent,order
I'd like to purchase 5 cakes urgently,order
I am looking for book a combo meal by tomorrow,order
I am looking for place an order for some groceries asap,order
Can I get order 10 units by tomorrow,order
Ek biryani bhej do fast,order
Could you place an order for the new model asap,order
Ek premium plan dedo fast,order
Could you buy office supplies now,order
I want to order a large pizza delivered to my house,order
I'd like to place an order for a replacement part for my party,order
I want to purchase 10 units please,order
Please premium plan dedo fast,order
Sir premium plan dedo kal tak,order
Bhai premium plan bhej do,order
I'd like to buy a large pizza delivered to my house,order
I want to add a replacement part delivered to my house,order
Sir premium plan chahiye fast,order
Mujhay cake chahiye fast,order
Please purchase the premium plan urgently,order
"Hey, I want to add a combo meal",order
I want to book the new model urgently,order
Ek biryani pack kar do abhi,order
Ek laptop dedo kal tak,order
Please add some groceries by tomorrow,order
"Hey, I want to get a combo meal delivered to my house",order
Could you get the new model now,order
I need get 10 units please,order
Sir phone dedo kal tak,order
Looking to book the premium plan delivered to my house,order
Can I get book the new model please,order
Could you place an order for the new model please,order
Mera premium plan book karna urgent,order
Can I get add a replacement part delivered to my house,order
I'd like to buy a combo meal urgently,order
Mujhay saman lagana hai abhi,order
Mujhe cake bhej do,order
"Hey, I want to order office supplies asap",order
Could you purchase some groceries for my party,order
Please get office supplies now,order
I need order 10 units delivered to my house,order
I'd like to add a large pizza by tomorrow,order
I am looking for purchase a combo meal,order
I need purchase a combo meal,order
I need order some groceries asap,order
I want to book 10 units by tomorrow,order
I am looking for add a replacement part for my party,order
I need purchase the premium plan for my party,order
Please pizza book karna urgent,order
Sir biryani dedo plz,order
I want to book 10 units now,order
I need buy biryani delivered to my house,order
Mujhe laptop lagana hai plz,order
Can I get book 10 units by tomorrow,order
Please add 10 units now,order
Please paani ki bottle dedo,order
Could you book office supplies please,order
"Hey, I want to get 5 cakes",order
Ek paani ki bottle dedo urgent,order
Bhai pizza lagana hai,order
Can I get get a replacement part please,order
Please buy a combo meal urgently,order
"Hey, I want to order 5 cakes now",order
Looking to book the premium plan,order
"Hey, I want to place an order for a replacement part by tomorrow",order
Mera premium plan pack kar do urgent,order
Mujhe phone book karna plz,order
Mujhay paani ki bottle chahiye urgent,order
Please buy a replacement part asap,order
Looking to get the premium plan delivered to my house,order
I'd like to add 5 cakes urgently,order
Sir biryani book karna kal tak,order
I need place an order for the premium plan please,order
Can I get get some groceries,order
"Hey, I want to purchase office supplies by tomorrow",order
Looking to book biryani now,order
I need book biryani asap,order
I need place an order for a combo meal asap,order
Please phone pack kar do urgent,order
"Hey, I want to purchase the premium plan please",order
Sir biryani book karna jaldi,order
Could you get the new model for my party,order
I want to get 10 units by tomorrow,order
"bhai isko change kar do, 2 quantity",order
Bhai paani ki bottle pack kar do fast,order
Mujhay laptop bhej do urgent,order
Please phone lagana hai fast,order
Sir cake pack kar do,order
Can I get buy biryani delivered to my house,order
"Hey, I want to add a combo meal urgently",order
Can I get book office supplies,order
Looking to get 5 cakes,order
I want to add the new model now,order
Looking to buy a large pizza by tomorrow,order
Mujhay paani ki bottle dedo abhi,order
I need get 10 units asap,order
Ek paani ki bottle chahiye fast,order
"Hey, I want to buy a combo meal urgently",order
Looking to book the premium plan by tomorrow,order
Mujhay pizza lagana hai urgent,order
Mujhay saman lagana hai,order
Could you add the premium plan asap,order
Mera laptop bhej do kal tak,order
Can I get purchase 5 cakes now,order
I'd like to order 10 units,order
Mujhay laptop bhej do jaldi,order
I am looking for order a replacement part please,order
Could you place an order for 10 units,order
Ek cake pack kar do kal tak,order
I want to add some groceries for my party,order
I am looking for purchase a large pizza,order
Could you order 5 cakes by tomorrow,order
Sir pizza chahiye kal tak,order
Can I get purchase the premium plan for my party,order
Mujhay biryani pack kar do plz,order
Please order office supplies now,order
Can I get get 5 cakes delivered to my house,order
I am looking for buy 5 cakes delivered to my house,order
Mujhe phone lagana hai plz,order
I need purchase 10 units,order
Please get the new model asap,order
Sir saman chahiye kal tak,order
I need place an order for a large pizza urgently,order
I am looking for buy 5 cakes please,order
I am looking for get some groceries now,order
Looking to add 10 units urgently,order
I am looking for purchase a large pizza by tomorrow,order
Could you buy a large pizza,order
Please paani ki bottle dedo jaldi,order
Can I get add 10 units urgently,order
Mera laptop dedo,order
I need buy the premium plan now,order
Looking to place an order for a replacement part for my party,order
Mujhe phone dedo plz,order
I'd like to purchase the premium plan asap,order
I'd like to buy 10 units please,order
Ek pizza order karna hai fast,order
Please order a large pizza,order
"Hey, I want to buy the new model",order
make that large size,order
instead of 2 quantity,order
Please order 5 cakes delivered to my house,order
Can I get book office supplies now,order
I need get 10 units asap,order
Please paani ki bottle order karna hai kal tak,order
Sir premium plan book karna,order
Sir premium plan pack kar do plz,order
Looking to purchase 5 cakes asap,order
Can I get purchase a combo meal asap,order
Bhai paani ki bottle chahiye urgent,order
Mera pizza dedo fast,order
I am looking for place an order for the new model for my party,order
Mujhay paani ki bottle book karna fast,order
Mujhe pizza pack kar do kal tak,order
I want to order the new model urgently,order
Bhai laptop pack kar do abhi,order
I'd like to purchase biryani delivered to my house,order
Mujhe laptop order karna hai jaldi,order
Please paani ki bottle lagana hai fast,order
Please book 5 cakes now,order
Please get biryani for my party,order
Please place an order for a combo meal delivered to my house,order
Could you add a large pizza urgently,order
I need add a replacement part asap,order
I am looking for place an order for 5 cakes asap,order
Mera laptop book karna abhi,order
Can I get add office supplies,order
I am looking for add 10 units,order
I need get office supplies please,order
"Hey, I want to add the new model by tomorrow",order
Please pizza book karna plz,order
Sir cake chahiye jaldi,order
Please buy a large pizza asap,order
Looking to book the premium plan,order
I need book a large pizza by tomorrow,order
I want to order the premium plan by tomorrow,order
Ek phone chahiye urgent,order
I am looking for book biryani urgently,order
I need get a replacement part please,order
Mera saman dedo,order
Could you get 10 units asap,order
Looking to book office supplies please,order
I want to order 10 units by tomorrow,order
Please order the premium plan delivered to my house,order
Sir paani ki bottle order karna hai kal tak,order
Please pizza dedo abhi,order
Could you get the premium plan asap,order
Bhai paani ki bottle dedo plz,order
I am looking for order 10 units now,order
Can I get order a combo meal urgently,order
Please add a combo meal delivered to my house,order
I'd like to buy 5 cakes now,order
Please cake book karna plz,order
Bhai cake chahiye plz,order
Sir biryani pack kar do urgent,order
Please cake book karna jaldi,order
Can I get book some groceries now,order
I need place an order for the premium plan,order
Please place an order for a large pizza by tomorrow,order
Ek premium plan book karna urgent,order
Sir paani ki bottle chahiye abhi,order
Looking to get the new model asap,order
I am looking for get a replacement part delivered to my house,order
Can I get purchase 5 cakes please,order
Please premium plan pack kar do abhi,order
Sir laptop order karna hai fast,order
Mujhay phone lagana hai urgent,order
Bhai biryani pack kar do abhi,order
Sir premium plan bhej do kal tak,order
I want to buy a combo meal asap,order
Mera paani ki bottle book karna fast,order
I'd like to get a combo meal urgently,order
Please premium plan book karna fast,order
Bhai pizza chahiye jaldi,order
Sir laptop order karna hai plz,order
Bhai biryani pack kar do abhi,order
I need add a large pizza for my party,order
Ek paani ki bottle bhej do kal tak,order
Please place an order for some groceries urgently,order
Sir phone dedo plz,order
Sir biryani chahiye jaldi,order
I need order the new model by tomorrow,order
Bhai laptop pack kar do jaldi,order
"Hey, I want to buy 10 units",order
I'd like to purchase office supplies now,order
Bhai cake order karna hai urgent,order
I need purchase biryani by tomorrow,order
I want to buy the premium plan asap,order
Can I get get office supplies for my party,order
I'd like to get a large pizza for my party,order
Sir laptop order karna hai kal tak,order
Mujhay laptop pack kar do jaldi,order
I need book biryani for my party,order
I am looking for book a replacement part,order
Looking to get a large pizza urgently,order
Mujhay premium plan book karna,order
Could you place an order for a combo meal please,order
Please saman order karna hai jaldi,order
Please get biryani urgently,order
Mujhay laptop lagana hai,order
Can I get place an order for a combo meal delivered to my house,order
Mujhay biryani bhej do plz,order
I need get 10 units by tomorrow,order
Please place an order for some groceries,order
"Hey, I want to order a combo meal urgently",order
Mera premium plan dedo fast,order
I'd like to buy a replacement part delivered to my house,order
I am looking for place an order for biryani by tomorrow,order
Could you order 10 units for my party,order
Looking to buy a replacement part by tomorrow,order
I am looking for order the premium plan delivered to my house,order
I need place an order for office supplies,order
Mera biryani chahiye abhi,order
I want to order 5 cakes urgently,order
Please phone bhej do,order
Could you place an order for a replacement part now,order
Mera laptop lagana hai abhi,order
Mera saman pack kar do fast,order
Mujhe phone chahiye jaldi,order
Looking to order some groceries,order
I want to book office supplies by tomorrow,order
Mujhe laptop order karna hai,order
I'd like to get biryani urgently,order
I'd like to buy a replacement part for my party,order
Sir cake pack kar do plz,order
Mera laptop lagana hai,order
I'd like to purchase the premium plan delivered to my house,order
I'd like to buy biryani now,order
Looking to get 10 units asap,order
Looking to get the premium plan now,order
I'd like to order office supplies,order
Please add a combo meal by tomorrow,order
Looking to book a large pizza,order
Please saman chahiye urgent,order
Mujhe premium plan chahiye kal tak,order
Please pizza chahiye kal tak,order
I am looking for get 5 cakes delivered to my house,order
I'd like to purchase a combo meal asap,order
Could you get some groceries delivered to my house,order
I want to order a large pizza by tomorrow,order
I'd like to order a large pizza by tomorrow,order
"Hey, I want to order a large pizza asap",order
I am looking for order a replacement part for my party,order
Mujhe pizza book karna urgent,order
"Hey, I want to place an order for a combo meal by tomorrow",order
"Hey, I want to purchase biryani asap",order
Can I get book office supplies for my party,order
"Hey, I want to get biryani by tomorrow",order
Please cake lagana hai abhi,order
Bhai cake chahiye plz,order
Can I get buy some groceries for my party,order
Please purchase biryani,order
Could you purchase the premium plan for my party,order
I am looking for add office supplies delivered to my house,order
I'd like to get the new model delivered to my house,order
Bhai laptop bhej do plz,order
Ek pizza order karna hai jaldi,order
Mujhe phone pack kar do kal tak,order
I need order 10 units delivered to my house,order
Can I get add a combo meal delivered to my house,order
I want to buy the premium plan for my party,order
I need buy 10 units now,order
"Hey, I want to get a combo meal by tomorrow",order
Sir cake bhej do plz,order
Please order 5 cakes asap,order
Looking to add some groceries please,order
I am looking for add some groceries delivered to my house,order
Can I get add a large pizza please,order
Mera cake chahiye fast,order
"Hey, I want to book the premium plan asap",order
I need buy office supplies by tomorrow,order
Mujhe pizza bhej do fast,order
I want to order some groceries by tomorrow,order
Ek cake lagana hai fast,order
Ek phone order karna hai jaldi,order
Please place an order for a combo meal asap,order
Looking to book some groceries delivered to my house,order
Can I get place an order for 5 cakes,order
Mujhay biryani order karna hai jaldi,order
Could you purchase a replacement part asap,order
I want to get 10 units please,order
I need place an order for the premium plan delivered to my house,order
Sir cake pack kar do abhi,order
"Hey, I want to buy a replacement part asap",order
Bhai pizza order karna hai plz,order
Mujhe laptop book karna abhi,order
Mujhay paani ki bottle bhej do kal tak,order
I am looking for buy 5 cakes,order
Mujhay cake bhej do plz,order
Sir saman dedo fast,order
I am looking for place an order for office supplies for my party,order
Mera laptop lagana hai kal tak,order
Could you order the premium plan now,order
Bhai premium plan book karna fast,order
Could you get some groceries by tomorrow,order
Please cake dedo plz,order
Mera saman bhej do abhi,order
"Hey, I want to get the premium plan",order
I need get the premium plan now,order
I need place an order for 5 cakes urgently,order
I am looking for book the premium plan asap,order
Ek laptop dedo urgent,order
Could you purchase 10 units delivered to my house,order
I am looking for add biryani delivered to my house,order
I need add office supplies by tomorrow,order
Please order some groceries urgently,order
I need book 10 units now,order
I need add some groceries delivered to my house,order
I'd like to place an order for biryani by tomorrow,order
Could you place an order for the new model,order
Please book some groceries asap,order
I need purchase a replacement part please,order
Mujhe saman lagana hai jaldi,order
Mera pizza lagana hai jaldi,order
I want to book biryani for my party,order
Looking to get office supplies by tomorrow,order
Could you get a large pizza now,order
Looking to add a replacement part now,order
Can I get book biryani asap,order
Looking to book a large pizza urgently,order
Please pizza pack kar do abhi,order
I am looking for purchase a large pizza for my party,order
Mera cake order karna hai,order
Sir pizza bhej do,order
Ek laptop dedo plz,order
Looking to buy 5 cakes for my party,order
I want to order some groceries for my party,order
I'd like to book the premium plan for my party,order
Ek pizza dedo abhi,order
Sir pizza dedo urgent,order
Mujhay pizza chahiye,order
Looking to add 10 units delivered to my house,order
Ek cake dedo,order
Could you get the premium plan for my party,order
I am looking for buy 10 units delivered to my house,order
I need order some groceries delivered to my house,order
I need order a combo meal by tomorrow,order
"Hey, I want to order some groceries",order
I want to buy office supplies now,order
I'd like to get office supplies delivered to my house,order
Mujhe premium plan pack kar do abhi,order
Looking to get some groceries asap,order
Can I get buy 5 cakes now,order
"Hey, I want to place an order for a replacement part for my party",order
Please add a combo meal urgently,order
I am looking for get office supplies asap,order
I want to buy a replacement part now,order
Looking to place an order for some groceries please,order
Could you book 5 cakes delivered to my house,order
I want to buy a replacement part by tomorrow,order
I am looking for book office supplies asap,order
Please book biryani urgently,order
"Hey, I want to place an order for 5 cakes now",order
I want to get 10 units asap,order
Looking to buy a large pizza delivered to my house,order
Can I get book a replacement part for my party,order
I'd like to place an order for 10 units by tomorrow,order
Ek biryani book karna urgent,order
Looking to buy a large pizza delivered to my house,order
Ek pizza order karna hai,order
Bhai premium plan lagana hai plz,order
I need place an order for a replacement part delivered to my house,order
Please purchase a large pizza please,order
I want to purchase office supplies,order
Could you place an order for the new model asap,order
uske badle 2 quantity,order
I'd like to book biryani please,order
Mujhe cake lagana hai plz,order
Ek premium plan bhej do abhi,order
Mujhe pizza chahiye jaldi,order
Ek pizza pack kar do kal tak,order
Mujhay cake book karna fast,order
Can I get add a combo meal for my party,order
I want to purchase 10 units,order
Can I get order office supplies,order
Please add the premium plan now,order
Mujhe laptop lagana hai fast,order
Could you book 5 cakes asap,order
I need order the premium plan please,order
Mera cake bhej do urgent,order
Ek laptop pack kar do abhi,order
Can I get buy the premium plan,order
I am looking for place an order for the premium plan delivered to my house,order
Ek cake pack kar do kal tak,order
Please get 5 cakes,order
Bhai laptop lagana hai plz,order
Mujhay laptop order karna hai abhi,order
Please place an order for some groceries urgently,order
I want to buy some groceries please,order
I'd like to buy a combo meal,order
Mujhe premium plan chahiye abhi,order
Mujhay biryani order karna hai plz,order
Looking to place an order for the new model urgently,order
Mera laptop chahiye abhi,order
Please order a combo meal now,order
Mujhe saman dedo urgent,order
I am looking for add the premium plan please,order
Please buy 10 units delivered to my house,order
Ek phone dedo,order
Sir cake bhej do fast,order
I am looking for buy a replacement part for my party,order
Please get office supplies now,order
Mujhay paani ki bottle order karna hai,order
Ek paani ki bottle order karna hai plz,order
I'd like to add 10 units now,order
Looking to book office supplies urgently,order
Looking to purchase biryani asap,order
Could you order a combo meal delivered to my house,order
I'd like to add the premium plan delivered to my house,order
Sir cake book karna,order
Bhai phone dedo kal tak,order
Please place an order for the premium plan asap,order
Mujhay biryani pack kar do plz,order
I am looking for book 5 cakes asap,order
Bhai premium plan dedo abhi,order
Mera biryani order karna hai jaldi,order
"Hey, I want to order some groceries urgently",order
Mera paani ki bottle chahiye abhi,order
Mujhay laptop chahiye kal tak,order
I need add the premium plan,order
Bhai biryani order karna hai fast,order
Could you place an order for some groceries,order
"Hey, I want to add biryani delivered to my house",order
"Hey, I want to order some groceries urgently",order
Mera premium plan bhej do kal tak,order
I need add biryani now,order
Sir pizza order karna hai urgent,order
Bhai premium plan book karna,order
Please purchase a combo meal urgently,order
Sir premium plan bhej do fast,order
I need buy office supplies now,order
"Hey, I want to place an order for a combo meal asap",order
I am looking for place an order for a replacement part delivered to my house,order
Looking to buy a large pizza by tomorrow,order
I want to buy office supplies please,order
Sir cake lagana hai kal tak,order
Can I get place an order for the new model urgently,order
Can I get book the new model now,order
Bhai cake pack kar do plz,order
I'd like to add biryani urgently,order
Sir premium plan book karna urgent,order
Mera pizza order karna hai plz,order
I need book a large pizza please,order
I want to order 10 units,order
Mujhay cake dedo,order
Please purchase the premium plan urgently,order
Mera phone order karna hai urgent,order
"Hey, I want to add the new model delivered to my house",order
Ek biryani order karna hai,order
Mujhe saman dedo urgent,order
Mujhe cake chahiye kal tak,order
"Hey, I want to add 10 units urgently",order
Ek saman book karna abhi,order
Please buy a large pizza,order
I need order a replacement part delivered to my house,order
Mujhe saman pack kar do fast,order
I'd like to purchase 10 units now,order
I am looking for order office supplies by tomorrow,order
"Hey, I want to get biryani delivered to my house",order
Could you buy office supplies,order
Looking to book some groceries,order
Ek cake chahiye plz,order
I'd like to get the premium plan now,order
Mera pizza dedo jaldi,order
I need add a combo meal for my party,order
I need place an order for some groceries urgently,order
Please get the new model,order
Can I get get office supplies asap,order
Please get a replacement part for my party,order
Could you place an order for the premium plan urgently,order
Ek biryani bhej do urgent,order
Can I get get a large pizza,order
I need order 5 cakes by tomorrow,order
"Hey, I want to add the premium plan asap",order
Mera phone bhej do urgent,order
Mujhay phone lagana hai,order
Could you buy biryani for my party,order
I need book a replacement part delivered to my house,order
Please buy office supplies now,order
Can I get get 10 units urgently,order
I need purchase biryani now,order
Can I get place an order for some groceries by tomorrow,order
I want to purchase the premium plan for my party,order
Could you place an order for biryani please,order
I need add office supplies please,order
Mujhay phone book karna urgent,order
Could you add a large pizza for my party,order
Mera cake pack kar do jaldi,order
Please add the premium plan by tomorrow,order
Sir laptop bhej do jaldi,order
"Hey, I want to add 10 units for my party",order
Sir phone dedo fast,order
I am looking for order 5 cakes please,order
"Hey, I want to place an order for office supplies for my party",order
"Hey, I want to purchase a large pizza delivered to my house",order
Can I get get a large pizza asap,order
I want to add a large pizza asap,order
Please saman dedo plz,order
"Hey, I want to get a replacement part",order
Bhai phone dedo urgent,order
Looking to get 5 cakes urgently,order
Please order biryani by tomorrow,order
I am looking for add some groceries asap,order
I want to add biryani by tomorrow,order
Can I get order some groceries for my party,order
Could you book a large pizza please,order
I'd like to purchase a replacement part,order
Mujhay saman bhej do plz,order
Please get some groceries for my party,order
Ek laptop order karna hai,order
I am looking for place an order for biryani delivered to my house,order
Ek saman dedo plz,order
I need purchase a large pizza delivered to my house,order
Could you buy a large pizza urgently,order
"Hey, I want to buy a large pizza now",order
"Hey, I want to purchase biryani urgently",order
Sir biryani dedo fast,order
Mujhay saman order karna hai,order
I'd like to purchase office supplies by tomorrow,order
I am looking for get a replacement part,order
I am looking for place an order for some groceries for my party,order
Mera saman chahiye abhi,order
Mujhay cake dedo kal tak,order
Can I get book the premium plan please,order
Can I get book a replacement part now,order
Mujhe biryani pack kar do abhi,order
Can I get purchase the premium plan delivered to my house,order
Can I get buy 10 units,order
Please order the premium plan now,order
I want to order biryani delivered to my house,order
"Hey, I want to buy a large pizza now",order
I am looking for buy a large pizza by tomorrow,order
I'd like to order a combo meal urgently,order
I need purchase a replacement part asap,order
Mera pizza lagana hai abhi,order
Mera pizza dedo plz,order
"Hey, I want to buy the premium plan for my party",order
Mujhe paani ki bottle bhej do fast,order
Please phone book karna jaldi,order
Ek paani ki bottle lagana hai jaldi,order
I am looking for add a large pizza,order
Mujhe biryani book karna kal tak,order
Please paani ki bottle order karna hai,order
Looking to book some groceries delivered to my house,order
Could you get biryani asap,order
Mujhe cake pack kar do urgent,order
Please biryani order karna hai abhi,order
Bhai premium plan order karna hai urgent,order
I want to book 10 units for my party,order
Can I get buy biryani asap,order
I'd like to buy a large pizza urgently,order
Ek cake book karna abhi,order
Could you book a replacement part now,order
I'd like to order biryani please,order
Please add 5 cakes delivered to my house,order
Mujhe saman order karna hai plz,order
Mera cake bhej do abhi,order
Please saman pack kar do,order
"Hey, I want to book 10 units asap",order
"Hey, I want to book biryani delivered to my house",order
Please order office supplies delivered to my house,order
I want to place an order for office supplies,order
"Hey, I want to order biryani now",order
I'd like to place an order for some groceries please,order
I need place an order for a combo meal urgently,order
Please purchase 10 units now,order
Mujhay biryani book karna kal tak,order
Bhai paani ki bottle pack kar do fast,order
I am looking for order biryani asap,order
Mujhay cake lagana hai jaldi,order
uske badle 5 items,order
Mujhe phone dedo,order
I need add the premium plan by tomorrow,order
I want to place an order for 10 units now,order
Ek pizza bhej do fast,order
"Hey, I want to place an order for 10 units for my party",order
Mujhe pizza order karna hai fast,order
Please laptop dedo plz,order
Can I get place an order for the new model by tomorrow,order
I am looking for purchase biryani please,order
I am looking for book a large pizza by tomorrow,order
"Hey, I want to book a large pizza delivered to my house",order
Please purchase 10 units asap,order
I'd like to book a large pizza please,order
I'd like to get some groceries for my party,order
Mujhe phone order karna hai kal tak,order
Sir biryani order karna hai jaldi,order
I'd like to get biryani now,order
Mujhe saman bhej do fast,order
I'd like to order 5 cakes urgently,order
Please saman lagana hai fast,order
Bhai biryani lagana hai fast,order
Could you get the new model urgently,order
"Hey, I want to buy a combo meal delivered to my house",order
I'd like to buy the new model by tomorrow,order
I'd like to place an order for some groceries,order
Mujhay laptop lagana hai abhi,order
Looking to get some groceries please,order
Could you purchase biryani,order
Mujhay paani ki bottle bhej do fast,order
Mujhe biryani order karna hai abhi,order
Could you get a large pizza now,order
Looking to add the premium plan,order
Can I get get the premium plan now,order
Looking to order the premium plan delivered to my house,order
Ek pizza bhej do,order
I am looking for add 5 cakes now,order
Ek biryani dedo,order
Can I get add office supplies,order
Could you get a replacement part for my party,order
Please premium plan chahiye plz,order
"Hey, I want to order office supplies asap",order
Mera cake pack kar do,order
Please get office supplies urgently,order
Mujhay phone pack kar do jaldi,order
I am looking for place an order for some groceries please,order
I need buy the premium plan,order
Can I get purchase a combo meal for my party,order
Could you get office supplies by tomorrow,order
Could you get 10 units for my party,order
Please buy 5 cakes please,order
Mujhay saman pack kar do urgent,order
Please biryani bhej do fast,order
"Hey, I want to place an order for 5 cakes please",order
Please get a combo meal for my party,order
Bhai premium plan lagana hai kal tak,order
"Hey, I want to book the new model please",order
Mera laptop pack kar do kal tak,order
Could you order the new model now,order
I need add the new model asap,order
Bhai paani ki bottle dedo urgent,order
Mujhay premium plan pack kar do,order
I need buy office supplies asap,order
Could you get office supplies for my party,order
Looking to buy a combo meal,order
Please phone chahiye fast,order
Could you order a replacement part urgently,order
Sir premium plan pack kar do plz,order
Sir laptop order karna hai jaldi,order
I need add 10 units,order
Ek saman chahiye kal tak,order
Looking to add some groceries delivered to my house,order
Please paani ki bottle chahiye kal tak,order
Could you order a replacement part now,order
Bhai phone order karna hai kal tak,order
I need book a replacement part by tomorrow,order
I'd like to purchase 5 cakes for my party,order
I am looking for purchase the premium plan urgently,order
"bhai isko change kar do, 5 items",order
"Hey, I want to add office supplies delivered to my house",order
Can I get order some groceries asap,order
Could you place an order for a replacement part by tomorrow,order
I'd like to add the new model now,order
Could you get 10 units by tomorrow,order
Could you get 5 cakes asap,order
"Hey, I want to buy some groceries please",order
I'd like to place an order for a combo meal by tomorrow,order
Can I get get a combo meal by tomorrow,order
Mera cake pack kar do jaldi,order
Could you book office supplies for my party,order
I need purchase office supplies now,order
Ek phone lagana hai plz,order
I want to get biryani urgently,order
Mera saman lagana hai fast,order
Mera pizza book karna fast,order
Bhai biryani book karna urgent,order
Looking to buy the new model now,order
Mujhe laptop order karna hai urgent,order
Bhai phone order karna hai fast,order
Mujhay premium plan book karna abhi,order
"Hey, I want to book a combo meal please",order
I want to place an order for a replacement part asap,order
Could you order a large pizza,order
I am looking for purchase a replacement part for my party,order
Sir laptop lagana hai kal tak,order
Sir phone book karna kal tak,order
"Hey, I want to purchase a large pizza now",order
Could you buy a combo meal please,order
"Hey, I want to buy a replacement part delivered to my house",order
Mera phone dedo,order
Looking to add a large pizza urgently,order
Mujhe pizza book karna urgent,order
Can I get purchase a large pizza for my party,order
"Hey, I want to place an order for office supplies for my party",order
Mujhay laptop bhej do abhi,order
I'd like to add a large pizza,order
Mujhe saman book karna fast,order
Mujhe cake bhej do,order
Sir pizza order karna hai urgent,order
Sir pizza chahiye jaldi,order
Sir biryani chahiye,order
Looking to buy 5 cakes by tomorrow,order
I'd like to buy 10 units by tomorrow,order
Mera laptop bhej do fast,order
Ek biryani dedo plz,order
Sir phone dedo kal tak,order
I want to place an order for some groceries please,order
I want to book a replacement part for my party,order
I am looking for add a replacement part,order
Please phone order karna hai abhi,order
cancel that and make it 2 quantity,order
Ek cake dedo jaldi,order
"Hey, I want to order a combo meal asap",order
Please buy a replacement part asap,order
I am looking for add 10 units by tomorrow,order
Sir phone dedo abhi,order
"Hey, I want to purchase the premium plan urgently",order
Mujhe saman lagana hai plz,order
Please pizza dedo jaldi,order
I want to get a combo meal,order
Bhai cake chahiye urgent,order
I'd like to order a replacement part urgently,order
Looking to purchase a replacement part now,order
Can I get order biryani now,order
Could you buy 10 units asap,order
Could you book the premium plan please,order
Ek saman book karna plz,order
Can I get buy a replacement part asap,order
Please order the new model asap,order
Sir phone order karna hai fast,order
I am looking for get some groceries urgently,order
I need buy some groceries by tomorrow,order
Please biryani bhej do abhi,order
Please book 10 units,order
"Hey, I want to place an order for a large pizza urgently",order
I need place an order for office supplies asap,order
I need place an order for 10 units delivered to my house,order
I want to order 10 units asap,order
Bhai pizza pack kar do fast,order
Please cake lagana hai abhi,order
Mujhe premium plan chahiye,order
Can I get purchase a combo meal by tomorrow,order
"Hey, I want to purchase 5 cakes urgently",order
I'd like to add the new model urgently,order
I am looking for purchase a combo meal now,order
I am looking for book a combo meal by tomorrow,order
Looking to book a combo meal urgently,order
I need place an order for a combo meal by tomorrow,order
Sir cake order karna hai plz,order
Can I get add a combo meal urgently,order
Looking to buy some groceries,order
"Hey, I want to add biryani now",order
I need buy 5 cakes for my party,order
Could you book office supplies,order
I am looking for order 5 cakes for my party,order
Mujhay saman pack kar do fast,order
I'd like to order office supplies delivered to my house,order
Mujhay premium plan chahiye urgent,order
Mujhe biryani chahiye plz,order
I need add office supplies now,order
Could you book the premium plan please,order
Mujhe paani ki bottle book karna jaldi,order
Mera saman lagana hai fast,order
I want to get the new model,order
I am looking for place an order for biryani urgently,order
"Hey, I want to book some groceries by tomorrow",order
Please pizza dedo,order
I need book 10 units urgently,order
Bhai cake book karna urgent,order
I am looking for place an order for the premium plan now,order
I'd like to book a combo meal now,order
I am looking for book biryani asap,order
I am looking for get a replacement part for my party,order
Mujhe premium plan dedo jaldi,order
Mera phone chahiye plz,order
Mujhe biryani dedo urgent,order
Bhai paani ki bottle lagana hai urgent,order
I am looking for add a combo meal please,order
Please pizza dedo jaldi,order
Mujhe cake chahiye,order
I'd like to buy 5 cakes,order
"Hey, I want to purchase a large pizza for my party",order
I am looking for order a replacement part by tomorrow,order
Mera paani ki bottle order karna hai jaldi,order
Please purchase office supplies please,order
I'd like to order office supplies by tomorrow,order
Ek cake dedo,order
Can I get place an order for 5 cakes urgently,order
Please add 10 units asap,order
Could you place an order for the new model asap,order
Mujhay phone chahiye plz,order
Could you buy office supplies for my party,order
Please biryani lagana hai urgent,order
Bhai premium plan book karna abhi,order
I need get 5 cakes asap,order
Bhai phone bhej do plz,order
"Hey, I want to add a large pizza",order
Bhai pizza bhej do fast,order
Ek cake chahiye,order
I'd like to add 5 cakes please,order
Please get biryani delivered to my house,order
Mujhay biryani bhej do kal tak,order
Please book the new model delivered to my house,order
Mujhay laptop dedo abhi,order
Sir biryani dedo fast,order
Mera phone book karna,order
Mujhay premium plan pack kar do abhi,order
Mujhay laptop pack kar do kal tak,order
Bhai pizza pack kar do fast,order
Looking to order the new model by tomorrow,order
Ek saman dedo plz,order
I want to purchase the premium plan delivered to my house,order
Could you place an order for a combo meal by tomorrow,order
"Hey, I want to buy a combo meal by tomorrow",order
Mujhe phone pack kar do kal tak,order
Mujhe phone pack kar do jaldi,order
I am looking for purchase 5 cakes now,order
Bhai phone dedo abhi,order
Please saman chahiye urgent,order
Please place an order for some groceries,order
I need purchase office supplies delivered to my house,order
I want to buy a combo meal by tomorrow,order
Sir paani ki bottle chahiye abhi,order
Could you add office supplies urgently,order
Please laptop chahiye urgent,order
I need order a replacement part now,order
I want to book 5 cakes for my party,order
Bhai phone book karna plz,order
Please biryani chahiye fast,order
I'd like to purchase some groceries now,order
Looking to get 10 units please,order
Please book a replacement part delivered to my house,order
Mujhay cake order karna hai,order
I'd like to purchase the new model by tomorrow,order
"Hey, I want to book 5 cakes by tomorrow",order
Please buy a combo meal,order
Sir paani ki bottle bhej do jaldi,order
Please book biryani delivered to my house,order
"Hey, I want to buy the premium plan by tomorrow",order
Mujhe phone order karna hai,order
Mera saman bhej do jaldi,order
Mujhay cake order karna hai abhi,order
Looking to add 10 units urgently,order
Mera saman book karna jaldi,order
Can I get purchase 5 cakes please,order
Looking to add some groceries by tomorrow,order
Please buy a replacement part for my party,order
"Hey, I want to add office supplies now",order
Looking to get office supplies,order
Mujhay cake lagana hai fast,order
I want to place an order for 5 cakes,order
Looking to purchase biryani asap,order
"Hey, I want to purchase the premium plan now",order
Mujhay cake bhej do fast,order
Sir pizza book karna kal tak,order
Please buy the new model please,order
Mujhe paani ki bottle pack kar do,order
Could you get biryani asap,order
Mujhay premium plan chahiye plz,order
Looking to order a large pizza delivered to my house,order
Looking to place an order for 10 units asap,order
Can I get get some groceries delivered to my house,order
Please get 10 units by tomorrow,order
Sir cake pack kar do plz,order
"Hey, I want to buy a combo meal by tomorrow",order
Mujhe biryani lagana hai urgent,order
I am looking for book the new model asap,order
I am looking for buy the premium plan urgently,order
I want to buy a large pizza for my party,order
Ek paani ki bottle book karna fast,order
I need buy office supplies please,order
Please add the premium plan please,order
Could you book 5 cakes for my party,order
I want to book the new model please,order
Ek laptop chahiye abhi,order
Can I get book biryani by tomorrow,order
I need order 5 cakes please,order
Sir laptop lagana hai kal tak,order
I'd like to get 5 cakes asap,order
Can I get order a combo meal asap,order
Please cake bhej do,order
I want to order biryani for my party,order
Sir biryani order karna hai fast,order
Can I get order 5 cakes by tomorrow,order
Please add the new model please,order
I need place an order for a combo meal,order
Can I get place an order for a large pizza delivered to my house,order
Mujhe biryani book karna urgent,order
I want to buy some groceries asap,order
I want to purchase a combo meal delivered to my house,order
Ek saman chahiye urgent,order
I need buy biryani delivered to my house,order
I'd like to place an order for a replacement part by tomorrow,order
Can I get place an order for a large pizza now,order
I want to add 5 cakes asap,order
Mera saman pack kar do kal tak,order
Could you buy a combo meal asap,order
Ek cake order karna hai,order
"Hey, I want to get some groceries by tomorrow",order
Ek premium plan dedo jaldi,order
Could you purchase 5 cakes urgently,order
Please place an order for a replacement part delivered to my house,order
Could you order biryani by tomorrow,order
Mujhay cake order karna hai jaldi,order
I want to get biryani by tomorrow,order
Ek paani ki bottle order karna hai,order
Sir laptop pack kar do urgent,order
Could you purchase 10 units urgently,order
"Hey, I want to buy the new model urgently",order
Mujhay biryani lagana hai fast,order
I want to add 10 units by tomorrow,order
"Hey, I want to get office supplies asap",order
Looking to get biryani delivered to my house,order
Mujhe paani ki bottle book karna urgent,order
"Hey, I want to add 10 units asap",order
Please biryani dedo jaldi,order
Please order 5 cakes for my party,order
Please order office supplies,order
I am looking for place an order for a combo meal delivered to my house,order
I want to book a combo meal asap,order
I need add office supplies for my party,order
I am looking for add office supplies for my party,order
Could you get some groceries,order
I'd like to place an order for the new model for my party,order
Mujhay saman bhej do,order
Could you buy office supplies delivered to my house,order
"Hey, I want to buy the premium plan by tomorrow",order
I am looking for place an order for 5 cakes urgently,order
Please buy a replacement part,order
Mera pizza order karna hai,order
Sir pizza chahiye kal tak,order
Mujhe pizza order karna hai jaldi,order
Ek laptop bhej do,order
Mera phone chahiye plz,order
I need order a large pizza asap,order
"Hey, I want to buy 5 cakes now",order
I need purchase the premium plan now,order
I'd like to add 5 cakes now,order
"Hey, I want to buy the premium plan asap",order
Looking to add a replacement part delivered to my house,order
Please buy biryani,order
Looking to book the new model please,order
Mujhe laptop chahiye,order
Looking to purchase some groceries for my party,order
Can I get order 10 units asap,order
Please phone dedo,order
I want to book some groceries delivered to my house,order
Bhai premium plan lagana hai jaldi,order
Please buy 5 cakes please,order
Please buy a combo meal by tomorrow,order
Mera saman order karna hai plz,order
Bhai biryani book karna fast,order
Could you add the premium plan for my party,order
I am looking for purchase the premium plan asap,order
Could you add office supplies,order
I'd like to get biryani asap,order
Please get 10 units by tomorrow,order
I'd like to book some groceries delivered to my house,order
Mujhe laptop dedo plz,order
Ek cake lagana hai jaldi,order
Sir laptop book karna abhi,order
Mera phone chahiye urgent,order
Mujhay laptop book karna abhi,order
I am looking for buy a replacement part for my party,order
I'd like to book the premium plan urgently,order
I am looking for order a combo meal for my party,order
Can I get book the new model,order
Mujhe pizza lagana hai abhi,order
I need order 10 units asap,order
Please place an order for some groceries for my party,order
Sir cake order karna hai plz,order
Looking to order 10 units asap,order
Ek biryani bhej do fast,order
I am looking for order 5 cakes please,order
Bhai pizza lagana hai abhi,order
Sir cake order karna hai jaldi,order
Mujhay phone book karna kal tak,order
Bhai laptop bhej do plz,order
I am looking for place an order for 10 units urgently,order
I am looking for book office supplies asap,order
I want to buy some groceries urgently,order
Please premium plan dedo fast,order
Bhai premium plan pack kar do kal tak,order
I need add 5 cakes by tomorrow,order
Can I get place an order for a replacement part now,order
Mera pizza chahiye,order
I'd like to buy 5 cakes,order
I'd like to add biryani asap,order
I want to order some groceries,order
Sir laptop lagana hai abhi,order
Could you book the premium plan delivered to my house,order
Looking to get 5 cakes urgently,order
Please book office supplies urgently,order
I am looking for add office supplies for my party,order
I want to buy 10 units,order
Ek cake chahiye urgent,order
I need order a large pizza now,order
Looking to book a large pizza now,order
I'd like to add the premium plan asap,order
Looking to purchase 5 cakes urgently,order
Mera phone dedo jaldi,order
Ek premium plan order karna hai fast,order
Could you book a combo meal for my party,order
Please purchase the premium plan please,order
I want to add 5 cakes by tomorrow,order
Can I get purchase the premium plan for my party,order
I am looking for get the premium plan for my party,order
Mujhe phone book karna fast,order
I need add some groceries,order
Mujhe biryani bhej do urgent,order
"Hey, I want to add a combo meal urgently",order
"Hey, I want to purchase biryani please",order
I need add a replacement part,order
Ek pizza book karna plz,order
Please get 5 cakes asap,order
"Hey, I want to order a large pizza asap",order
I need book a replacement part for my party,order
Mujhe premium plan dedo,order
"Hey, I want to add some groceries delivered to my house",order
Mujhe laptop book karna plz,order
I want to get a combo meal by tomorrow,order
Looking to place an order for a replacement part now,order
I am looking for buy some groceries for my party,order
I want to order the new model delivered to my house,order
I'd like to purchase a combo meal delivered to my house,order
Can I get book a replacement part by tomorrow,order
Please book a combo meal asap,order
I need place an order for 10 units urgently,order
I'd like to get a large pizza urgently,order
I want to order the new model delivered to my house,order
Ek cake dedo urgent,order
Can I get place an order for 5 cakes urgently,order
Looking to buy 5 cakes delivered to my house,order
Mera pizza pack kar do jaldi,order
"Hey, I want to book office supplies",order
Bhai paani ki bottle order karna hai fast,order
Bhai pizza bhej do kal tak,order
Please order a large pizza by tomorrow,order
Sir biryani book karna abhi,order
I want to get 5 cakes now,order
I want to purchase office supplies now,order
Please phone order karna hai,order
Sir biryani book karna,order
I am looking for order biryani urgently,order
I am looking for order a large pizza by tomorrow,order
Mera biryani dedo kal tak,order
Looking to add office supplies asap,order
Please get biryani delivered to my house,order
I want to buy a large pizza by tomorrow,order
I'd like to place an order for the new model by tomorrow,order
Bhai pizza order karna hai jaldi,order
I am looking for get a combo meal asap,order
Bhai premium plan lagana hai urgent,order
Please laptop lagana hai urgent,order
Please purchase a replacement part asap,order
Bhai saman lagana hai urgent,order
I need buy the new model for my party,order
I am looking for purchase some groceries delivered to my house,order
Could you buy biryani please,order
Looking to place an order for a replacement part for my party,order
I'd like to buy the premium plan now,order
I'd like to add 5 cakes for my party,order
I'd like to get some groceries delivered to my house,order
Can I get buy a combo meal now,order
Could you order office supplies,order
Please get 5 cakes by tomorrow,order
Could you order office supplies by tomorrow,order
Please pizza book karna,order
I'd like to book 5 cakes by tomorrow,order
Mera premium plan chahiye kal tak,order
Bhai laptop bhej do fast,order
Bhai laptop chahiye urgent,order
I need buy a large pizza,order
Can I get order the premium plan asap,order
Can I get add biryani for my party,order
I am looking for buy office supplies for my party,order
Ek biryani pack kar do plz,order
Mujhe pizza bhej do plz,order
Can I get place an order for the premium plan asap,order
Ek phone pack kar do plz,order
"Hey, I want to book biryani",order
Ek pizza pack kar do fast,order
Ek biryani dedo fast,order
"Hey, I want to purchase office supplies urgently",order
Please phone book karna plz,order
Could you book 5 cakes urgently,order
I am looking for book a large pizza,order
I am looking for add a large pizza by tomorrow,order
Sir laptop order karna hai urgent,order
I am looking for add the premium plan please,order
Can I get order the new model delivered to my house,order
I want to book a replacement part urgently,order
"Hey, I want to purchase biryani asap",order
I'd like to purchase some groceries,order
I need add office supplies by tomorrow,order
I want to add a combo meal,order
Could you order some groceries for my party,order
I'd like to buy the premium plan by tomorrow,order
"Hey, I want to buy 5 cakes urgently",order
I want to add some groceries delivered to my house,order
Bhai premium plan lagana hai jaldi,order
Please order a combo meal,order
Sir laptop order karna hai urgent,order
Sir pizza book karna urgent,order
I am looking for get 5 cakes please,order
Could you order some groceries delivered to my house,order
"Hey, I want to place an order for biryani asap",order
Could you add 5 cakes for my party,order
Ek saman pack kar do kal tak,order
Please cake order karna hai abhi,order
"Hey, I want to purchase 10 units delivered to my house",order
Bhai biryani dedo kal tak,order
Mujhe pizza chahiye jaldi,order
I'd like to place an order for a combo meal now,order
"Hey, I want to get a combo meal for my party",order
Can I get order the new model by tomorrow,order
I want to book a large pizza by tomorrow,order
Please place an order for 5 cakes asap,order
Please cake book karna urgent,order
I'd like to add some groceries urgently,order
Mera laptop order karna hai,order
Could you order the premium plan asap,order
Can I get buy office supplies urgently,order
I need place an order for biryani asap,order
"Hey, I want to order the new model for my party",order
"Hey, I want to order 10 units by tomorrow",order
Could you buy a large pizza,order
Can I get purchase some groceries asap,order
Looking to purchase a combo meal by tomorrow,order
I need book a replacement part by tomorrow,order
Looking to get 10 units delivered to my house,order
I'd like to add a large pizza urgently,order
I am looking for buy a combo meal now,order
Ek saman order karna hai kal tak,order
Mujhe cake pack kar do jaldi,order
I want to book a combo meal by tomorrow,order
Please buy biryani now,order
Mujhe premium plan dedo fast,order
I need book the new model urgently,order
Mera phone book karna urgent,order
Mujhe pizza lagana hai urgent,order
Please pizza bhej do urgent,order
Sir phone pack kar do kal tak,order
I'd like to get some groceries for my party,order
I am looking for order 10 units delivered to my house,order
Please book office supplies asap,order
I'd like to book 5 cakes,order
Mujhay laptop pack kar do,order
Mera cake book karna plz,order
Looking to place an order for the premium plan please,order
I am looking for buy 5 cakes delivered to my house,order
Please paani ki bottle bhej do fast,order
I'd like to buy biryani delivered to my house,order
Looking to purchase office supplies asap,order
Ek saman pack kar do urgent,order
Bhai biryani lagana hai urgent,order
Mujhe phone order karna hai kal tak,order
Bhai premium plan dedo,order
Mera saman order karna hai plz,order
Mujhe paani ki bottle pack kar do abhi,order
Could you buy a combo meal by tomorrow,order
Mujhe cake chahiye abhi,order
Looking to book the premium plan for my party,order
Looking to order the premium plan urgently,order
Looking to order a combo meal by tomorrow,order
Can I get place an order for a replacement part asap,order
Can I get book 10 units now,order
Mujhay cake dedo kal tak,order
"Hey, I want to add some groceries now",order
I need purchase 5 cakes by tomorrow,order
Please book a combo meal by tomorrow,order
Please order some groceries by tomorrow,order
Bhai saman lagana hai plz,order
Please buy office supplies for my party,order
Ek phone chahiye jaldi,order
Bhai paani ki bottle dedo fast,order
Sir paani ki bottle chahiye jaldi,order
I want to place an order for a replacement part,order
I'd like to get 10 units asap,order
Ek laptop dedo,order
Please add office supplies please,order
Looking to purchase office supplies asap,order
Can I get purchase office supplies delivered to my house,order
Bhai premium plan bhej do abhi,order
Ek phone chahiye urgent,order
Bhai biryani chahiye abhi,order
Can I get buy 5 cakes for my party,order
"Hey, I want to order the new model for my party",order
Looking to add 5 cakes delivered to my house,order
Mujhe premium plan order karna hai kal tak,order
I need buy biryani asap,order
"Hey, I want to purchase a combo meal asap",order
I need book office supplies by tomorrow,order
Ek cake book karna jaldi,order
"Hey, I want to purchase office supplies for my party",order
Could you place an order for 5 cakes,order
I'd like to buy biryani by tomorrow,order
Bhai biryani chahiye plz,order
"Hey, I want to place an order for office supplies by tomorrow",order
Bhai paani ki bottle dedo fast,order
Looking to order 10 units delivered to my house,order
Mujhay cake chahiye,order
Mujhay paani ki bottle chahiye abhi,order
"Hey, I want to place an order for 5 cakes asap",order
I need book some groceries by tomorrow,order
Looking to buy the premium plan asap,order
Could you buy some groceries delivered to my house,order
Mujhay laptop dedo urgent,order
Bhai laptop pack kar do kal tak,order
Bhai pizza order karna hai jaldi,order
Please book some groceries now,order
I need place an order for a combo meal now,order
I am looking for book a replacement part urgently,order
Sir phone book karna urgent,order
Could you add 5 cakes,order
Please place an order for a large pizza now,order
Sir cake order karna hai,order
Sir cake lagana hai fast,order
I need book office supplies delivered to my house,order
Ek biryani lagana hai urgent,order
I need add a replacement part delivered to my house,order
Please pizza book karna plz,order
Can I get order a combo meal please,order
"Hey, I want to order the new model delivered to my house",order
Mujhay cake chahiye plz,order
I need order the new model please,order
"Hey, I want to buy a large pizza",order
I'd like to book 5 cakes urgently,order
I want to buy a replacement part please,order
I want to add biryani please,order
Could you order a large pizza urgently,order
I need buy a large pizza by tomorrow,order
Mujhay saman bhej do,order
Looking to purchase a replacement part by tomorrow,order
I want to buy the new model delivered to my house,order
Please premium plan book karna fast,order
Bhai saman order karna hai urgent,order
Mujhe cake lagana hai jaldi,order
Ek saman dedo,order
Please book a combo meal by tomorrow,order
I'd like to order a large pizza by tomorrow,order
Bhai premium plan pack kar do fast,order
Mera cake chahiye kal tak,order
Please book some groceries urgently,order
Mera pizza bhej do jaldi,order
"Hey, I want to purchase office supplies by tomorrow",order
I want to order some groceries asap,order
Please order the new model by tomorrow,order
I need get a large pizza asap,order
Bhai paani ki bottle dedo abhi,order
Could you get a replacement part by tomorrow,order
Mera premium plan chahiye urgent,order
Could you buy some groceries for my party,order
Please place an order for office supplies urgently,order
I'd like to order 5 cakes delivered to my house,order
I'd like to purchase a combo meal now,order
I want to get a replacement part urgently,order
Looking to book a large pizza now,order
Ek saman bhej do fast,order
"Hey, I want to buy a replacement part for my party",order
Please place an order for office supplies now,order
Please pizza book karna jaldi,order
I am looking for buy the premium plan asap,order
I want to purchase a replacement part please,order
Could you purchase the premium plan urgently,order
I need buy a replacement part by tomorrow,order
Can I get order a large pizza now,order
Looking to book 10 units delivered to my house,order
I am looking for get a large pizza,order
I need buy some groceries please,order
Looking to add the new model asap,order
Mujhe laptop chahiye jaldi,order
Please purchase the premium plan urgently,order
Mujhay phone book karna abhi,order
I want to book a replacement part asap,order
Could you buy a combo meal asap,order
Could you order some groceries for my party,order
Mujhay paani ki bottle bhej do,order
Could you add 5 cakes delivered to my house,order
Looking to place an order for 5 cakes delivered to my house,order
"Hey, I want to place an order for 10 units by tomorrow",order
I am looking for book 5 cakes now,order
Mujhay premium plan book karna fast,order
I need place an order for the new model,order
I want to purchase some groceries for my party,order
Ek paani ki bottle lagana hai fast,order
I'd like to add the new model please,order
Mera paani ki bottle order karna hai abhi,order
I am looking for add a combo meal please,order
Ek phone chahiye fast,order
Mera paani ki bottle pack kar do plz,order
I'd like to get a combo meal,order
I want to get the premium plan now,order
Could you get the premium plan urgently,order
Bhai biryani lagana hai abhi,order
Can I get place an order for 5 cakes asap,order
Ek premium plan pack kar do urgent,order
"Hey, I want to place an order for a combo meal please",order
Mera cake order karna hai fast,order
I am looking for add the new model by tomorrow,order
Bhai biryani book karna kal tak,order
I want to book 5 cakes urgently,order
Ek premium plan order karna hai jaldi,order
"Hey, I want to buy the new model now",order
I'd like to order a replacement part for my party,order
I want to get biryani for my party,order
Can I get add a combo meal,order
I want to get a large pizza,order
Please paani ki bottle order karna hai abhi,order
Could you purchase the premium plan urgently,order
Mujhay paani ki bottle lagana hai fast,order
Could you get a large pizza urgently,order
I need place an order for the new model delivered to my house,order
Ek pizza dedo urgent,order
Can I get get a replacement part for my party,order
I'd like to book office supplies,order
Ek premium plan bhej do plz,order
Sir laptop dedo jaldi,order
I'd like to get a combo meal by tomorrow,order
Please add 5 cakes urgently,order
Looking to order 10 units urgently,order
Sir saman order karna hai kal tak,order
Mera saman bhej do plz,order
Sir saman lagana hai urgent,order
Looking to buy the new model,order
Mujhay phone pack kar do abhi,order
"Hey, I want to book a combo meal",order
"Hey, I want to book a replacement part now",order
Please phone book karna kal tak,order
Could you purchase the new model delivered to my house,order
Bhai cake lagana hai,order
Mera premium plan chahiye plz,order
Please order the new model asap,order
I am looking for buy office supplies for my party,order
Bhai phone dedo kal tak,order
Could you get the premium plan asap,order
I'd like to place an order for the premium plan,order
Please order office supplies now,order
Mujhe biryani book karna plz,order
I'd like to purchase 10 units delivered to my house,order
I am looking for buy office supplies,order
Looking to book a replacement part by tomorrow,order
Mujhe saman chahiye kal tak,order
I'd like to book the premium plan delivered to my house,order
I want to get 5 cakes by tomorrow,order
Sir laptop lagana hai fast,order
I'd like to book a combo meal delivered to my house,order
make that 3,order
I need add office supplies now,order
Mujhay premium plan pack kar do abhi,order
Mujhay cake dedo fast,order
Please order the premium plan now,order
I am looking for book the premium plan please,order
Looking to order some groceries please,order
Bhai cake lagana hai fast,order
Mujhe premium plan pack kar do,order
Mujhay pizza chahiye plz,order
Please book 10 units delivered to my house,order
I am looking for place an order for the premium plan for my party,order
Ek premium plan bhej do fast,order
I want to place an order for a combo meal please,order
I want to book some groceries urgently,order
Ek premium plan dedo abhi,order
Looking to order office supplies please,order
Looking to buy a combo meal asap,order
Could you book a combo meal by tomorrow,order
I am looking for place an order for 5 cakes by tomorrow,order
Mujhe premium plan pack kar do kal tak,order
Mujhay cake pack kar do fast,order
Looking to purchase the premium plan delivered to my house,order
Ek biryani lagana hai urgent,order
I am looking for order a large pizza,order
Could you buy the new model by tomorrow,order
Looking to place an order for 10 units please,order
Mujhe cake bhej do kal tak,order
I need place an order for the premium plan,order
Please get a large pizza,order
Mera paani ki bottle pack kar do fast,order
"Hey, I want to book the new model for my party",order
Looking to buy office supplies asap,order
Could you add office supplies,order
I need get some groceries for my party,order
I need get a combo meal by tomorrow,order
"Hey, I want to purchase a replacement part asap",order
change it to 5 items,order
I need book 10 units please,order
Please laptop dedo abhi,order
"Hey, I want to book a large pizza please",order
Please get 10 units for my party,order
Sir pizza chahiye abhi,order
"Hey, I want to buy 5 cakes for my party",order
Please cake pack kar do fast,order
"Hey, I want to purchase some groceries please",order
Please purchase some groceries for my party,order
Mujhe premium plan lagana hai fast,order
Sir cake order karna hai kal tak,order
I'd like to place an order for biryani now,order
I'd like to add 10 units delivered to my house,order
I want to book the premium plan by tomorrow,order
Could you place an order for 10 units,order
Sir saman dedo abhi,order
Sir cake lagana hai,order
Mera biryani bhej do jaldi,order
Please premium plan order karna hai fast,order
I am looking for book the premium plan now,order
Ek saman bhej do kal tak,order
Could you order the new model asap,order
Please get office supplies delivered to my house,order
Can I get add a replacement part by tomorrow,order
Please book some groceries urgently,order
Ek saman chahiye fast,order
I want to buy some groceries urgently,order
Could you add 5 cakes by tomorrow,order
Looking to purchase a large pizza delivered to my house,order
Bhai pizza dedo abhi,order
Could you get 10 units asap,order
I am looking for place an order for office supplies please,order
Please purchase a combo meal now,order
I'd like to buy biryani now,order
uske badle 5 items,order
Mera laptop bhej do,order
Could you buy the premium plan for my party,order
Ek laptop lagana hai plz,order
Bhai phone pack kar do abhi,order
Please order biryani please,order
Mujhay phone dedo plz,order
I am looking for book the new model for my party,order
"Hey, I want to purchase 10 units for my party",order
Mujhe premium plan book karna abhi,order
I'd like to add a replacement part urgently,order
Sir premium plan chahiye abhi,order
Ek premium plan book karna kal tak,order
I am looking for book some groceries now,order
Can I get place an order for the new model for my party,order
Mujhay laptop dedo urgent,order
"Hey, I want to order biryani for my party",order
Please biryani pack kar do plz,order
I want to add a combo meal asap,order
Please add 5 cakes now,order
Can I get order 10 units delivered to my house,order
Can I get buy a large pizza,order
I'd like to place an order for some groceries now,order
Mera biryani dedo urgent,order
I'd like to add office supplies asap,order
Please saman chahiye,order
Sir saman lagana hai abhi,order
Sir cake order karna hai,order
I need place an order for a combo meal,order
I am looking for book a large pizza urgently,order
Could you get office supplies by tomorrow,order
Please add biryani now,order
I'd like to purchase some groceries,order
Could you place an order for 5 cakes by tomorrow,order
Could you order 5 cakes asap,order
Can I get buy a combo meal for my party,order
Please saman dedo fast,order
Can I get purchase a large pizza urgently,order
Mujhe biryani chahiye fast,order
Mera phone order karna hai,order
I am looking for place an order for 5 cakes by tomorrow,order
Bhai saman book karna jaldi,order
Could you book a large pizza for my party,order
Bhai phone bhej do fast,order
I want to buy the new model urgently,order
I want to get a combo meal by tomorrow,order
I am looking for book a replacement part,order
I am looking for order the premium plan urgently,order
Mujhe pizza order karna hai urgent,order
Ek laptop pack kar do abhi,order
Looking to add the new model asap,order
I am looking for book a combo meal delivered to my house,order
"Hey, I want to book a replacement part for my party",order
I am looking for add biryani,order
I'd like to order the premium plan please,order
Mujhay pizza bhej do abhi,order
"Hey, I want to add biryani please",order
Bhai pizza pack kar do fast,order
Mujhe paani ki bottle pack kar do jaldi,order
I'd like to purchase a large pizza urgently,order
Please order 5 cakes now,order
I want to add office supplies delivered to my house,order
"Hey, I want to order 10 units urgently",order
"Hey, I want to add the premium plan now",order
Can I get add 10 units by tomorrow,order
I am looking for place an order for biryani,order
I'd like to buy some groceries delivered to my house,order
Mera laptop bhej do urgent,order
Mera paani ki bottle dedo jaldi,order
Sir biryani pack kar do kal tak,order
Mujhay phone bhej do kal tak,order
Please add the new model for my party,order
Looking to purchase biryani asap,order
Could you add office supplies,order
I'd like to place an order for 5 cakes,order
"Hey, I want to place an order for some groceries",order
I need add 5 cakes by tomorrow,order
I need place an order for biryani now,order
Please buy a combo meal delivered to my house,order
I'd like to order the premium plan urgently,order
Looking to buy some groceries by tomorrow,order
I am looking for get 5 cakes by tomorrow,order
I need place an order for biryani urgently,order
Sir laptop chahiye kal tak,order
Can I get purchase a replacement part please,order
I'd like to get a large pizza please,order
I am looking for order a combo meal delivered to my house,order
I'd like to buy some groceries urgently,order
Ek biryani lagana hai urgent,order
"Hey, I want to book a replacement part",order
Could you purchase the premium plan please,order
"Hey, I want to book the new model by tomorrow",order
I'd like to buy 5 cakes delivered to my house,order
I want to buy biryani urgently,order
Please saman lagana hai fast,order
Could you order a combo meal please,order
Mujhay laptop dedo fast,order
I need order a large pizza now,order
I'd like to book a combo meal,order
I want to get 10 units by tomorrow,order
"Hey, I want to book the premium plan urgently",order
Sir premium plan lagana hai abhi,order
Mujhe pizza pack kar do fast,order
"Hey, I want to place an order for 10 units",order
Could you place an order for a combo meal delivered to my house,order
Sir cake dedo urgent,order
"Hey, I want to order 5 cakes asap",order
Sir premium plan lagana hai abhi,order
Mera premium plan chahiye abhi,order
Ek laptop order karna hai plz,order
Looking to order the new model urgently,order
Looking to get 5 cakes delivered to my house,order
Could you book the new model by tomorrow,order
Can I get add a large pizza now,order
Could you add a large pizza urgently,order
Please order 5 cakes for my party,order
Could you order biryani for my party,order
Ek laptop order karna hai fast,order
I need book the premium plan by tomorrow,order
Mujhay paani ki bottle lagana hai fast,order
Mujhe premium plan bhej do jaldi,order
Please get a replacement part please,order
Mujhay phone bhej do plz,order
Looking to place an order for a combo meal,order
Ek saman lagana hai,order
I'd like to add 5 cakes by tomorrow,order
Please paani ki bottle lagana hai fast,order
Ek pizza book karna urgent,order
Can I get add a combo meal delivered to my house,order
Could you order the new model delivered to my house,order
"Hey, I want to book office supplies for my party",order
I want to get a combo meal now,order
Please book the premium plan,order
I'd like to get some groceries delivered to my house,order
"Hey, I want to get the premium plan please",order
"Hey, I want to buy a replacement part urgently",order
I am looking for place an order for biryani delivered to my house,order
Could you purchase the premium plan for my party,order
I'd like to get a large pizza delivered to my house,order
I am looking for place an order for 10 units asap,order
Can I get purchase office supplies for my party,order
Mujhay saman chahiye kal tak,order
Mera saman order karna hai fast,order
I'd like to purchase biryani by tomorrow,order
I'd like to get office supplies for my party,order
Bhai premium plan dedo plz,order
Could you place an order for a large pizza now,order
Mera biryani chahiye abhi,order
I'd like to purchase the premium plan please,order
Bhai laptop dedo plz,order
Looking to purchase a large pizza please,order
Mujhe phone book karna abhi,order
Mujhay premium plan pack kar do kal tak,order
I am looking for purchase a large pizza by tomorrow,order
Bhai cake chahiye,order
Mera phone lagana hai plz,order
Mujhe paani ki bottle lagana hai kal tak,order
I want to buy a replacement part please,order
"Hey, I want to get the premium plan for my party",order
Mujhay laptop pack kar do plz,order
Ek paani ki bottle order karna hai kal tak,order
Ek phone lagana hai,order
I am looking for order a combo meal delivered to my house,order
Mera phone chahiye fast,order
I am looking for purchase a large pizza now,order
Can I get buy a replacement part urgently,order
I am looking for add a combo meal for my party,order
I am looking for get some groceries urgently,order
Bhai saman dedo abhi,order
Can I get order a combo meal by tomorrow,order
Mujhe premium plan bhej do urgent,order
I want to place an order for a large pizza for my party,order
Mujhay cake pack kar do plz,order
Please place an order for the new model by tomorrow,order
I want to purchase office supplies delivered to my house,order
I'd like to buy a replacement part delivered to my house,order
Can I get order office supplies please,order
Mujhe saman dedo urgent,order
Looking to add 5 cakes please,order
Ek phone bhej do abhi,order
Please phone order karna hai plz,order
Sir phone dedo,order
Mera paani ki bottle pack kar do,order
I want to book a large pizza for my party,order
Please book a combo meal,order
Can I get book biryani urgently,order
I'd like to place an order for the new model urgently,order
Mujhe biryani bhej do abhi,order
Could you buy the premium plan delivered to my house,order
I'd like to buy a replacement part urgently,order
Can I get buy 10 units now,order
Please biryani book karna fast,order
I'd like to add a combo meal delivered to my house,order
I'd like to book a replacement part now,order
Ek phone dedo urgent,order
Mera phone chahiye plz,order
I am looking for book office supplies for my party,order
Mujhe saman bhej do kal tak,order
I am looking for place an order for a replacement part now,order
Can I get get the new model,order
I need place an order for a large pizza,order
Could you add some groceries by tomorrow,order
I need order 10 units for my party,order
Mujhay phone dedo fast,order
I'd like to purchase a large pizza,order
I'd like to order biryani by tomorrow,order
Can I get book biryani delivered to my house,order
Mera pizza book karna kal tak,order
I'd like to buy 10 units for my party,order
I'd like to book a large pizza,order
Please paani ki bottle order karna hai,order
Bhai cake order karna hai kal tak,order
I need add the new model now,order
Please get 10 units please,order
Mujhe premium plan order karna hai fast,order
Looking to buy 5 cakes please,order
Mujhay premium plan pack kar do fast,order
Bhai laptop bhej do jaldi,order
Mujhay pizza pack kar do urgent,order
Bhai pizza pack kar do fast,order
I'd like to order the premium plan,order
I'd like to order 5 cakes please,order
Mera laptop order karna hai abhi,order
I'd like to add office supplies delivered to my house,order
"Hey, I want to purchase biryani now",order
I need get a large pizza urgently,order
"Hey, I want to get office supplies asap",order
Can I get add the new model by tomorrow,order
Could you place an order for a replacement part by tomorrow,order
Please paani ki bottle order karna hai plz,order
Mera cake chahiye abhi,order
Please book a combo meal asap,order
I am looking for get 5 cakes urgently,order
I am looking for purchase the premium plan delivered to my house,order
I need buy a replacement part,order
Mujhe phone order karna hai plz,order
Could you buy 10 units please,order
I am looking for book the premium plan delivered to my house,order
I want to add 5 cakes now,order
Looking to add the premium plan,order
Mera laptop book karna urgent,order
Please buy office supplies now,order
Ek phone order karna hai,order
I want to order some groceries please,order
Could you get the new model,order
Please premium plan dedo fast,order
Looking to get the new model urgently,order
Please paani ki bottle dedo kal tak,order
Sir premium plan dedo plz,order
"Hey, I want to get a replacement part urgently",order
Can I get add a combo meal,order
Mujhay biryani lagana hai abhi,order
I'd like to place an order for the premium plan,order
Mujhe cake chahiye kal tak,order
Please biryani order karna hai plz,order
Please purchase the new model by tomorrow,order
I am looking for order 5 cakes asap,order
Could you place an order for the premium plan please,order
Mera phone pack kar do fast,order
Please paani ki bottle book karna plz,order
Please biryani lagana hai jaldi,order
Can I get place an order for 5 cakes please,order
Sir premium plan lagana hai kal tak,order
Can I get place an order for 5 cakes for my party,order
Please laptop lagana hai plz,order
cancel that and make it large size,order
Looking to place an order for office supplies please,order
"Hey, I want to book a combo meal asap",order
Please paani ki bottle book karna plz,order
Mujhay biryani book karna abhi,order
Please phone lagana hai urgent,order
Sir premium plan order karna hai urgent,order
I want to order 10 units please,order
Could you book some groceries please,order
Please place an order for a combo meal for my party,order
Mujhay paani ki bottle order karna hai jaldi,order
I need book office supplies please,order
Mujhay paani ki bottle lagana hai fast,order
Could you get 5 cakes please,order
"Hey, I want to book biryani urgently",order
Please paani ki bottle lagana hai urgent,order
Sir cake lagana hai abhi,order
"Hey, I want to place an order for the new model by tomorrow",order
Can I get get office supplies by tomorrow,order
Please get a large pizza please,order
Can I get purchase office supplies for my party,order
"Hey, I want to buy office supplies delivered to my house",order
I need get 5 cakes by tomorrow,order
Can I get get 5 cakes,order
Mera paani ki bottle book karna fast,order
Ek saman dedo urgent,order
Could you book a combo meal,order
Ek pizza lagana hai,order
Can I get place an order for 5 cakes delivered to my house,order
Sir pizza bhej do urgent,order
Please cake chahiye,order
Bhai premium plan order karna hai fast,order
Could you purchase the premium plan delivered to my house,order
Please purchase a combo meal for my party,order
Mujhe laptop lagana hai kal tak,order
Can I get get a large pizza delivered to my house,order
Please book the new model by tomorrow,order
I'd like to place an order for a replacement part now,order
I need place an order for biryani by tomorrow,order
I need get a combo meal,order
I need buy a large pizza asap,order
Ek pizza dedo,order
Mujhay pizza dedo abhi,order
I'd like to purchase some groceries please,order
Mera phone pack kar do kal tak,order
I want to purchase 5 cakes asap,order
Mujhe pizza pack kar do plz,order
Mujhe saman book karna fast,order
I want to book a large pizza urgently,order
Please get some groceries delivered to my house,order
I'd like to purchase 10 units for my party,order
Looking to get a replacement part asap,order
Could you order 5 cakes asap,order
Sir saman lagana hai fast,order
Mera pizza dedo,order
I'd like to buy the premium plan,order
Please get a combo meal for my party,order
Please laptop dedo urgent,order
I'd like to order office supplies now,order
I am looking for get a large pizza urgently,order
I need order a combo meal asap,order
Please book a large pizza delivered to my house,order
Can I get order 10 units urgently,order
Ek cake pack kar do plz,order
I am looking for place an order for biryani please,order
Looking to add a replacement part by tomorrow,order
Could you get a replacement part for my party,order
"Hey, I want to get a large pizza asap",order
Could you place an order for some groceries now,order
Mujhe laptop order karna hai fast,order
I need order the premium plan by tomorrow,order
I need place an order for 5 cakes for my party,order
Ek pizza book karna jaldi,order
Sir phone pack kar do urgent,order
Please purchase a large pizza please,order
"Hey, I want to purchase a replacement part urgently",order
Mera pizza pack kar do jaldi,order
Please order a replacement part now,order
Could you book 5 cakes by tomorrow,order
I want to book a large pizza now,order
Could you get some groceries now,order
Could you order a combo meal please,order
Could you book 10 units urgently,order
Can I get order a replacement part by tomorrow,order
I'd like to get a large pizza urgently,order
Could you purchase office supplies delivered to my house,order
Please get the premium plan delivered to my house,order
Can I get book a large pizza for my party,order
I am looking for order 10 units,order
Please purchase office supplies,order
Could you order office supplies for my party,order
Bhai biryani chahiye urgent,order
"Hey, I want to buy the premium plan asap",order
Could you purchase 5 cakes urgently,order
"Hey, I want to buy a replacement part by tomorrow",order
I want to add a replacement part by tomorrow,order
"Hey, I want to place an order for 5 cakes",order
Bhai pizza lagana hai urgent,order
Mera phone pack kar do,order
Looking to place an order for a replacement part,order
Bhai laptop dedo,order
Ek cake chahiye jaldi,order
I am looking for order some groceries asap,order
I want to get a combo meal now,order
I'd like to add a replacement part urgently,order
I want to book biryani now,order
Mujhay saman bhej do kal tak,order
Please paani ki bottle chahiye,order
I want to book the new model by tomorrow,order
Please paani ki bottle chahiye jaldi,order
I want to place an order for 5 cakes please,order
Looking to get 10 units delivered to my house,order
Ek laptop bhej do,order
Ek laptop dedo kal tak,order
Mujhay premium plan chahiye fast,order
Mujhe cake chahiye kal tak,order
Looking to book a large pizza for my party,order
Mujhay saman book karna jaldi,order
Looking to buy the premium plan for my party,order
Sir laptop lagana hai urgent,order
Please pizza bhej do,order
Looking to purchase the new model asap,order
Mujhe paani ki bottle order karna hai abhi,order
Mujhe biryani bhej do plz,order
Could you place an order for the new model please,order
Mujhe pizza dedo,order
I'd like to add 10 units,order
Can I get place an order for a combo meal by tomorrow,order
Could you place an order for some groceries please,order
Could you buy a replacement part,order
Mera premium plan dedo jaldi,order
I need order the new model urgently,order
I want to order the premium plan by tomorrow,order
I want to buy biryani asap,order
I'd like to purchase 5 cakes delivered to my house,order
Mujhe phone book karna urgent,order
Could you get biryani asap,order
Could you buy 10 units,order
Bhai phone pack kar do abhi,order
I need place an order for 5 cakes,order
I'd like to add office supplies now,order
I need add 10 units by tomorrow,order
Please paani ki bottle bhej do jaldi,order
Mera phone bhej do fast,order
Please get a large pizza now,order
Bhai biryani dedo plz,order
Looking to add 10 units for my party,order
Ek laptop dedo abhi,order
Sir paani ki bottle chahiye plz,order
I want to purchase some groceries now,order
Can I get book 5 cakes by tomorrow,order
Please buy office supplies delivered to my house,order
I want to place an order for biryani for my party,order
I am looking for buy a combo meal now,order
Mera pizza dedo kal tak,order
I want to get the new model delivered to my house,order
Mera saman dedo plz,order
Looking to get the premium plan asap,order
I need purchase 10 units please,order
I need order biryani now,order
Sir biryani lagana hai fast,order
I want to add some groceries asap,order
Could you order biryani by tomorrow,order
I'd like to order biryani urgently,order
Bhai laptop dedo plz,order
Mera premium plan lagana hai jaldi,order
I'd like to place an order for 5 cakes urgently,order
I am looking for buy a combo meal by tomorrow,order
Mujhe phone pack kar do plz,order
I'd like to place an order for the premium plan by tomorrow,order
I'd like to purchase a combo meal,order
Can I get order a large pizza please,order
Mujhe biryani pack kar do kal tak,order
I need order a replacement part please,order
I'd like to purchase the premium plan urgently,order
I want to add 10 units delivered to my house,order
Mujhay cake pack kar do kal tak,order
Sir premium plan pack kar do abhi,order
Please biryani book karna plz,order
I am looking for add 5 cakes for my party,order
Looking to book the new model delivered to my house,order
"Hey, I want to book a combo meal by tomorrow",order
Mujhay phone dedo jaldi,order
Please saman dedo fast,order
Mujhe phone chahiye,order
Ek paani ki bottle pack kar do fast,order
I'd like to place an order for 5 cakes delivered to my house,order
Looking to add a replacement part,order
Can I get order some groceries for my party,order
Looking to purchase the new model,order
Ek pizza pack kar do abhi,order
"Hey, I want to get biryani for my party",order
Sir cake book karna abhi,order
I'd like to purchase the premium plan,order
Mera biryani order karna hai urgent,order
Bhai pizza bhej do jaldi,order
Please laptop order karna hai fast,order
Could you add 10 units urgently,order
Mujhay laptop book karna jaldi,order
Could you add a combo meal urgently,order
Please book 5 cakes please,order
I need buy the new model now,order
Can I get add office supplies urgently,order
Mujhe cake dedo urgent,order
Please phone dedo jaldi,order
Sir cake dedo plz,order
Please buy a large pizza now,order
Mera phone bhej do urgent,order
Can I get get a replacement part asap,order
I need add biryani by tomorrow,order
Mujhe phone book karna kal tak,order
I am looking for buy 10 units now,order
Sir phone pack kar do fast,order
Can I get get the premium plan,order
Ek biryani book karna fast,order
Mera phone bhej do jaldi,order
Could you add a replacement part asap,order
"Hey, I want to get office supplies delivered to my house",order
Sir laptop lagana hai plz,order
I'd like to get some groceries by tomorrow,order
Mujhay pizza bhej do,order
I want to purchase a combo meal,order
Please paani ki bottle book karna fast,order
Mujhay biryani book karna abhi,order
Please get a combo meal urgently,order
uske badle 5 items,order
"Hey, I want to get office supplies please",order
I need buy the new model please,order
I am looking for place an order for a large pizza urgently,order
Can I get add 10 units,order
Please laptop chahiye plz,order
Could you get 10 units delivered to my house,order
Ek phone lagana hai plz,order
Looking to buy biryani please,order
Could you place an order for 5 cakes delivered to my house,order
Looking to order 5 cakes asap,order
I need get some groceries urgently,order
Could you purchase 5 cakes asap,order
"Hey, I want to book a replacement part please",order
Please buy a replacement part by tomorrow,order
Mujhay premium plan bhej do jaldi,order
"Hey, I want to place an order for office supplies for my party",order
Bhai saman order karna hai,order
Please laptop order karna hai urgent,order
Looking to purchase biryani now,order
Looking to add a combo meal delivered to my house,order
Could you add 10 units for my party,order
I need order a replacement part now,order
Can I get order biryani delivered to my house,order
I need get a combo meal for my party,order
Please paani ki bottle dedo jaldi,order
I am looking for order a replacement part please,order
Looking to add office supplies asap,order
Can I get order office supplies,order
I'd like to get biryani by tomorrow,order
Looking to buy 5 cakes asap,order
Bhai paani ki bottle order karna hai,order
"Hey, I want to book office supplies please",order
Mujhe pizza book karna plz,order
Mujhe paani ki bottle dedo,order
I need get 5 cakes delivered to my house,order
Bhai phone chahiye fast,order
Mujhay laptop dedo abhi,order
I am looking for book the new model asap,order
"Hey, I want to add 10 units by tomorrow",order
Can I get buy a combo meal by tomorrow,order
Ek saman lagana hai,order
Can I get buy some groceries by tomorrow,order
Mera phone order karna hai abhi,order
"Hey, I want to add the new model now",order
Please laptop pack kar do plz,order
Could you place an order for 10 units for my party,order
I am looking for book the new model now,order
I want to add the new model by tomorrow,order
I want to place an order for the premium plan please,order
Sir cake chahiye fast,order
Please saman lagana hai fast,order
Mujhe laptop bhej do urgent,order
Ek laptop order karna hai fast,order
Looking to add the premium plan please,order
Bhai saman book karna jaldi,order
I need purchase a replacement part asap,order
Mera pizza lagana hai,order
I want to order office supplies,order
Could you order a combo meal now,order
Looking to purchase a combo meal for my party,order
I am looking for get the premium plan for my party,order
Mujhe laptop pack kar do fast,order
I am looking for get biryani delivered to my house,order
"Hey, I want to add biryani now",order
"Hey, I want to add a replacement part for my party",order
I want to order a replacement part by tomorrow,order
Could you get 10 units asap,order
I want to purchase 5 cakes delivered to my house,order
Could you buy the new model by tomorrow,order
I need add office supplies delivered to my house,order
Mujhay premium plan order karna hai fast,order
I want to purchase a replacement part for my party,order
Bhai biryani lagana hai urgent,order
Mujhe phone book karna,order
Bhai pizza bhej do kal tak,order
Please biryani dedo plz,order
Please place an order for a combo meal delivered to my house,order
Please buy a combo meal asap,order
Can I get order some groceries delivered to my house,order
Can I get get the new model delivered to my house,order
Could you buy a combo meal delivered to my house,order
Bhai laptop chahiye abhi,order
I need add 5 cakes now,order
Looking to place an order for the new model,order
Looking to purchase a combo meal delivered to my house,order
Looking to get a replacement part for my party,order
Could you book biryani asap,order
Mujhay saman chahiye jaldi,order
I need purchase a large pizza urgently,order
Mujhe paani ki bottle dedo jaldi,order
Sir cake pack kar do jaldi,order
Mujhe pizza pack kar do plz,order
Sir biryani order karna hai abhi,order
Ek biryani dedo kal tak,order
Please buy 5 cakes by tomorrow,order
Looking to buy a large pizza urgently,order
Could you add a large pizza asap,order
I want to add a combo meal for my party,order
I want to order 10 units asap,order
Can I get buy the new model delivered to my house,order
"Hey, I want to book office supplies delivered to my house",order
"Hey, I want to order a combo meal please",order
Ek paani ki bottle dedo plz,order
Could you book the premium plan please,order
Sir biryani order karna hai urgent,order
Please buy the premium plan asap,order
Could you buy a replacement part asap,order
I want to get 5 cakes delivered to my house,order
Can I get book a replacement part urgently,order
Sir laptop book karna abhi,order
Sir paani ki bottle bhej do urgent,order
"Hey, I want to get a combo meal urgently",order
I want to get some groceries delivered to my house,order
Please order biryani urgently,order
Please phone bhej do,order
Please cake book karna kal tak,order
Could you book a large pizza for my party,order
I want to place an order for biryani asap,order
Please premium plan dedo kal tak,order
I'd like to buy the new model now,order
Mujhay biryani pack kar do,order
I am looking for purchase the premium plan for my party,order
Ek pizza chahiye plz,order
Mera biryani lagana hai jaldi,order
Looking to place an order for 10 units now,order
Please order some groceries asap,order
Can I get purchase office supplies for my party,order
I need buy some groceries please,order
Bhai paani ki bottle dedo urgent,order
Looking to place an order for a large pizza now,order
Please cake chahiye urgent,order
I'd like to get a combo meal asap,order
Ek pizza bhej do jaldi,order
Please book a replacement part for my party,order
Mujhay paani ki bottle lagana hai jaldi,order
Mera phone book karna,order
"Hey, I want to book 10 units by tomorrow",order
Mujhay phone book karna urgent,order
I want to add biryani by tomorrow,order
"Hey, I want to order the new model asap",order
Bhai paani ki bottle lagana hai fast,order
I'd like to add biryani,order
Ek laptop bhej do,order
Mujhay pizza pack kar do abhi,order
Looking to place an order for the new model urgently,order
Ek phone book karna jaldi,order
I want to buy office supplies,order
I need add the new model asap,order
Mujhay saman pack kar do fast,order
"Hey, I want to add 10 units delivered to my house",order
I'd like to book the new model for my party,order
Please saman dedo plz,order
"Hey, I want to order biryani please",order
Mujhe premium plan book karna plz,order
Mujhe biryani pack kar do,order
Please purchase the premium plan for my party,order
I am looking for get a combo meal delivered to my house,order
Bhai cake pack kar do urgent,order
Mera biryani lagana hai kal tak,order
Please purchase a large pizza asap,order
Can I get purchase a large pizza urgently,order
Mera biryani book karna,order
I am looking for add 10 units delivered to my house,order
Mera saman chahiye plz,order
I'd like to buy 10 units delivered to my house,order
Please place an order for a combo meal asap,order
I want to order some groceries please,order
I'd like to buy 5 cakes now,order
Looking to order 5 cakes for my party,order
I need add the premium plan urgently,order
Please add 10 units delivered to my house,order
Can I get get the premium plan asap,order
"Hey, I want to purchase office supplies urgently",order
Could you add biryani asap,order
Looking to get office supplies for my party,order
I want to buy some groceries urgently,order
I'd like to book some groceries,order
Please buy a large pizza,order
I am looking for buy a combo meal delivered to my house,order
I'd like to place an order for the new model please,order
Looking to buy a replacement part delivered to my house,order
I'd like to order some groceries asap,order
Looking to buy 10 units please,order
Please purchase biryani for my party,order
Please cake lagana hai kal tak,order
Please pizza book karna jaldi,order
Mujhay premium plan chahiye abhi,order
Could you book 10 units please,order
Can I get buy some groceries urgently,order
Looking to buy biryani please,order
Please book some groceries urgently,order
I'd like to purchase a combo meal now,order
"Hey, I want to book 5 cakes",order
I want to book 5 cakes for my party,order
"Hey, I want to order a combo meal for my party",order
Looking to book 5 cakes delivered to my house,order
"Hey, I want to add the premium plan now",order
Please order some groceries asap,order
I need place an order for a replacement part please,order
I need place an order for 5 cakes please,order
I am looking for add a large pizza,order
I am looking for buy a large pizza now,order
Can I get add 5 cakes please,order
Please place an order for a combo meal delivered to my house,order
I'd like to purchase the new model for my party,order
Mujhay cake pack kar do fast,order
I'd like to get a combo meal urgently,order
I am looking for get a replacement part asap,order
Bhai pizza pack kar do plz,order
I'd like to get biryani please,order
I'd like to get the new model asap,order
Bhai laptop chahiye,order
Sir biryani dedo jaldi,order
Mujhay phone book karna plz,order
Please book the premium plan please,order
I'd like to place an order for the premium plan by tomorrow,order
Mujhay cake dedo jaldi,order
Can I get add a replacement part now,order
I'd like to buy the new model please,order
Mujhay laptop order karna hai kal tak,order
Mujhay laptop bhej do jaldi,order
I'd like to order a combo meal for my party,order
Mera cake order karna hai plz,order
"Hey, I want to add 10 units",order
I am looking for order biryani for my party,order
I need buy a replacement part,order
Looking to purchase the new model delivered to my house,order
Bhai laptop pack kar do jaldi,order
Looking to place an order for a combo meal please,order
Please get 5 cakes now,order
Could you book 5 cakes please,order
I am looking for purchase office supplies for my party,order
Could you get the premium plan now,order
Mujhe premium plan lagana hai kal tak,order
Could you get the new model urgently,order
Mujhay pizza chahiye kal tak,order
"Hey, I want to place an order for 5 cakes asap",order
Mera biryani chahiye plz,order
"Hey, I want to order office supplies delivered to my house",order
I'd like to order a combo meal urgently,order
Mujhe saman book karna,order
Bhai laptop bhej do fast,order
Bhai cake order karna hai fast,order
Looking to get 10 units,order
"Hey, I want to book office supplies please",order
I am looking for add 10 units please,order
I need buy a replacement part delivered to my house,order
Mujhe biryani chahiye fast,order
Mera laptop chahiye,order
Ek saman order karna hai urgent,order
Please order biryani now,order
Mujhay saman chahiye abhi,order
"Hey, I want to get office supplies by tomorrow",order
Looking to get 5 cakes urgently,order
Could you order some groceries asap,order
Please phone order karna hai jaldi,order
Mujhe saman pack kar do abhi,order
Could you get 5 cakes now,order
Ek saman dedo plz,order
Looking to order 5 cakes by tomorrow,order
Please cake order karna hai plz,order
Could you place an order for a combo meal for my party,order
I am looking for book the premium plan urgently,order
Please purchase the premium plan please,order
Ek laptop bhej do,order
Mujhe biryani order karna hai kal tak,order
I'd like to book a replacement part,order
Mujhe cake dedo abhi,order
I want to get the premium plan now,order
Mujhay paani ki bottle order karna hai abhi,order
Mujhe premium plan chahiye fast,order
Looking to get a large pizza delivered to my house,order
Ek pizza chahiye fast,order
Mujhay laptop chahiye abhi,order
"Hey, I want to order a large pizza urgently",order
I want to purchase a large pizza now,order
I need get biryani,order
Could you order 10 units please,order
Could you purchase the new model please,order
I am looking for order the new model by tomorrow,order
I am looking for order biryani asap,order
"Hey, I want to purchase some groceries urgently",order
Looking to place an order for biryani now,order
Ek phone dedo abhi,order
I am looking for purchase some groceries now,order
"Hey, I want to book 10 units asap",order
I'd like to add the new model asap,order
I want to buy a combo meal please,order
Please place an order for biryani asap,order
Looking to add a replacement part delivered to my house,order
Mujhay biryani book karna plz,order
Please get the premium plan by tomorrow,order
Please saman chahiye fast,order
Please book office supplies by tomorrow,order
I'd like to buy a combo meal for my party,order
"Hey, I want to buy some groceries please",order
Can I get book biryani asap,order
"Hey, I want to add 5 cakes",order
"Hey, I want to get some groceries by tomorrow",order
"Hey, I want to order office supplies now",order
Mera cake dedo plz,order
I'd like to place an order for 5 cakes urgently,order
I'd like to purchase the premium plan by tomorrow,order
Bhai biryani dedo,order
Please get biryani by tomorrow,order
Sir cake book karna kal tak,order
Mujhe cake pack kar do fast,order
Mujhe premium plan chahiye urgent,order
Can I get buy a large pizza urgently,order
Mujhay paani ki bottle chahiye jaldi,order
I need buy office supplies by tomorrow,order
Can I get place an order for a large pizza delivered to my house,order
Can I get purchase a replacement part delivered to my house,order
Could you add the new model asap,order
Mujhay biryani order karna hai abhi,order
I need purchase a replacement part delivered to my house,order
Looking to get some groceries,order
Can I get get a large pizza now,order
I am looking for book some groceries,order
"Hey, I want to order biryani now",order
I want to buy office supplies delivered to my house,order
I am looking for get a large pizza asap,order
Can I get add biryani for my party,order
I am looking for purchase office supplies for my party,order
Looking to place an order for a large pizza please,order
Mera pizza book karna plz,order
Can I get book 5 cakes asap,order
Ek pizza chahiye urgent,order
Bhai biryani chahiye urgent,order
I want to book 5 cakes asap,order
Please buy 10 units by tomorrow,order
Sir phone dedo jaldi,order
Can I get get biryani urgently,order
I'd like to place an order for office supplies delivered to my house,order
"Hey, I want to buy the new model asap",order
I need get a replacement part by tomorrow,order
Sir biryani bhej do kal tak,order
Could you buy some groceries for my party,order
I am looking for book a combo meal urgently,order
I am looking for buy the premium plan by tomorrow,order
I am looking for place an order for the new model by tomorrow,order
I am looking for purchase the premium plan urgently,order
I'd like to book a large pizza please,order
Sir cake order karna hai kal tak,order
I am looking for get the premium plan by tomorrow,order
Bhai biryani lagana hai,order
Mera pizza bhej do abhi,order
I'd like to purchase a large pizza urgently,order
I am looking for get a large pizza delivered to my house,order
Please purchase biryani for my party,order
Please book a large pizza,order
Please get some groceries asap,order
I'd like to purchase office supplies by tomorrow,order
Can I get place an order for office supplies,order
Mujhe saman bhej do kal tak,order
Could you order 10 units now,order
Looking to add office supplies for my party,order
Please book a combo meal urgently,order
Looking to buy some groceries please,order
Can I get get 5 cakes delivered to my house,order
I am looking for book 5 cakes please,order
Mujhe saman bhej do kal tak,order
Mujhe cake order karna hai fast,order
uske badle 2 quantity,order
Could you add biryani now,order
"Hey, I want to add office supplies delivered to my house",order
Please book the new model please,order
I'd like to buy the new model by tomorrow,order
"Hey, I want to buy a large pizza for my party",order
I want to add biryani by tomorrow,order
Looking to order a large pizza,order
I want to order 10 units now,order
Please book the premium plan by tomorrow,order
Bhai laptop chahiye abhi,order
Mujhay biryani lagana hai abhi,order
Could you order a combo meal please,order
"Hey, I want to book the premium plan for my party",order
Mujhe paani ki bottle dedo fast,order
Looking to add a replacement part asap,order
Bhai saman chahiye plz,order
"Hey, I want to add the new model urgently",order
Please purchase a large pizza for my party,order
I want to place an order for a large pizza asap,order
Ek biryani book karna jaldi,order
I'd like to order some groceries by tomorrow,order
I need add office supplies urgently,order
Could you place an order for some groceries by tomorrow,order
Can I get buy a combo meal by tomorrow,order
"Hey, I want to buy a replacement part",order
Mera saman book karna urgent,order
Ek laptop dedo kal tak,order
Could you get the new model now,order
Please get a large pizza urgently,order
Please get 5 cakes delivered to my house,order
Ek phone bhej do fast,order
Bhai phone pack kar do abhi,order
Looking to order office supplies delivered to my house,order
Bhai phone dedo fast,order
I want to get a large pizza urgently,order
Mera laptop lagana hai jaldi,order
Could you get the premium plan,order
Mujhay saman order karna hai abhi,order
Please place an order for a large pizza please,order
Bhai premium plan book karna plz,order
Ek pizza order karna hai plz,order
I'd like to purchase a large pizza,order
"bhai isko change kar do, 2 quantity",order
"Hey, I want to purchase 10 units delivered to my house",order
I'd like to book a large pizza urgently,order
Bhai laptop pack kar do urgent,order
"Hey, I want to order 10 units asap",order
Mujhay saman bhej do plz,order
Ek phone lagana hai urgent,order
I need buy 5 cakes delivered to my house,order
Bhai biryani pack kar do kal tak,order
I am looking for purchase a combo meal delivered to my house,order
I'd like to book biryani urgently,order
Mera biryani pack kar do,order
I am looking for add office supplies by tomorrow,order
Can I get buy biryani asap,order
Please book a replacement part please,order
Can I get book 5 cakes,order
Can I get book biryani now,order
I want to add office supplies please,order
I'd like to book biryani,order
I need book a combo meal urgently,order
Could you place an order for a replacement part delivered to my house,order
I'd like to place an order for a replacement part now,order
Mera pizza pack kar do urgent,order
I'd like to order biryani for my party,order
I need add 5 cakes now,order
Sir biryani order karna hai urgent,order
Mujhay paani ki bottle dedo fast,order
Mujhe premium plan pack kar do fast,order
Please buy the premium plan please,order
Mujhay biryani bhej do urgent,order
Ek paani ki bottle pack kar do abhi,order
Please laptop bhej do plz,order
Mujhay saman pack kar do abhi,order
Sir laptop pack kar do kal tak,order
Please add a combo meal please,order
Sir laptop dedo urgent,order
I need place an order for a combo meal please,order
Mera biryani book karna abhi,order
Bhai premium plan dedo urgent,order
Ek biryani book karna kal tak,order
Mujhe premium plan order karna hai urgent,order
"Hey, I want to add office supplies by tomorrow",order
I am looking for order a combo meal now,order
I need add biryani urgently,order
Looking to add a combo meal for my party,order
"Hey, I want to buy 5 cakes for my party",order
I am looking for add 10 units now,order
Sir premium plan book karna jaldi,order
Please buy a large pizza,order
Could you purchase the premium plan,order
I need book 5 cakes,order
Please paani ki bottle pack kar do,order
Looking to purchase a large pizza urgently,order
Mujhay cake bhej do kal tak,order
I'd like to place an order for 10 units,order
I want to order biryani by tomorrow,order
Ek phone book karna abhi,order
Mera paani ki bottle order karna hai kal tak,order
Mera premium plan bhej do kal tak,order
"Hey, I want to buy office supplies please",order
Mujhe laptop order karna hai fast,order
Looking to order a large pizza please,order
I want to book 5 cakes,order
Could you place an order for biryani now,order
I need order biryani,order
Looking to book 10 units,order
Can I get book the new model please,order
I need add biryani by tomorrow,order
Bhai premium plan dedo plz,order
I'd like to add a large pizza please,order
I am looking for order a combo meal for my party,order
Could you book the premium plan now,order
"Hey, I want to add a combo meal now",order
I'd like to add some groceries,order
Mujhe paani ki bottle order karna hai urgent,order
I want to get the new model now,order
Please buy the new model now,order
Ek paani ki bottle chahiye abhi,order
"Hey, I want to buy 10 units asap",order
Please add 5 cakes by tomorrow,order
Sir pizza lagana hai,order
"Hey, I want to purchase 5 cakes now",order
I want to order a large pizza urgently,order
Mujhay biryani order karna hai jaldi,order
Can I get add the new model urgently,order
Mujhe saman order karna hai plz,order
Please add office supplies,order
Mujhe cake lagana hai jaldi,order
Can I get purchase some groceries by tomorrow,order
Please premium plan lagana hai fast,order
I need add the new model for my party,order
Mujhe pizza book karna plz,order
I need place an order for a combo meal urgently,order
Looking to purchase the premium plan by tomorrow,order
Please pizza dedo kal tak,order
Can I get buy 5 cakes for my party,order
Looking to place an order for the new model now,order
I'd like to purchase office supplies delivered to my house,order
Mera cake bhej do plz,order
I need purchase office supplies for my party,order
Mujhe pizza bhej do plz,order
Mera pizza pack kar do jaldi,order
I want to order 5 cakes please,order
"Hey, I want to get a replacement part please",order
Please add 10 units urgently,order
I need purchase 5 cakes please,order
Mujhe premium plan book karna kal tak,order
I want to order 10 units please,order
Mera cake order karna hai,order
Bhai laptop pack kar do abhi,order
Mujhay paani ki bottle bhej do fast,order
Looking to book biryani for my party,order
Please add 10 units asap,order
I want to book 10 units asap,order
Looking to buy a combo meal by tomorrow,order
Mera premium plan bhej do plz,order
Please place an order for a large pizza please,order
I'd like to buy a replacement part now,order
Sir premium plan bhej do jaldi,order
Please book a combo meal please,order
Ek phone pack kar do,order
Ek pizza dedo plz,order
Please book a large pizza asap,order
Mujhay saman book karna jaldi,order
Please book 10 units delivered to my house,order
Could you buy office supplies delivered to my house,order
I want to order office supplies now,order
Mujhe cake lagana hai jaldi,order
"Hey, I want to purchase a large pizza asap",order
Mera phone dedo,order
I am looking for add the premium plan for my party,order
Can I get order the new model,order
Looking to add biryani by tomorrow,order
Mujhe paani ki bottle book karna,order
Sir biryani dedo abhi,order
Please purchase a combo meal urgently,order
Please buy office supplies asap,order
Ek pizza chahiye kal tak,order
I am looking for purchase a replacement part asap,order
Looking to buy some groceries now,order
Mujhay biryani bhej do,order
I'd like to buy the new model by tomorrow,order
Please book a replacement part urgently,order
I need book a large pizza urgently,order
Please purchase biryani now,order
Could you add a large pizza,order
I am looking for buy a replacement part by tomorrow,order
I am looking for place an order for the premium plan for my party,order
Ek premium plan pack kar do jaldi,order
Mujhe saman dedo plz,order
Sir cake pack kar do jaldi,order
Mujhe biryani chahiye kal tak,order
I'd like to purchase a combo meal for my party,order
Could you purchase a replacement part please,order
Could you order the new model,order
Ek cake pack kar do urgent,order
I'd like to order office supplies for my party,order
I want to add the premium plan now,order
Please cake dedo,order
Mujhay pizza pack kar do urgent,order
"Hey, I want to book the premium plan urgently",order
Please get a large pizza asap,order
"Hey, I want to book office supplies now",order
I am looking for buy a large pizza by tomorrow,order
Could you buy a replacement part now,order
Mujhay premium plan chahiye jaldi,order
Mujhay paani ki bottle book karna urgent,order
Please paani ki bottle chahiye plz,order
Please add office supplies,order
Sir biryani pack kar do kal tak,order
Could you book some groceries delivered to my house,order
Looking to order the new model asap,order
Mujhe paani ki bottle order karna hai fast,order
Ek biryani bhej do,order
Mujhay pizza pack kar do jaldi,order
Ek phone order karna hai kal tak,order
I want to purchase a replacement part now,order
I want to book a replacement part please,order
I need get a replacement part now,order
I want to place an order for office supplies,order
I want to add 10 units please,order
Ek saman order karna hai abhi,order
Could you order some groceries asap,order
I am looking for add a combo meal now,order
"Hey, I want to book 10 units urgently",order
Looking to add a replacement part please,order
Mera pizza order karna hai,order
Please purchase a large pizza delivered to my house,order
Could you place an order for a combo meal by tomorrow,order
I am looking for get biryani please,order
I need book 5 cakes asap,order
I'd like to buy biryani,order
Could you order 10 units urgently,order
Can I get add office supplies delivered to my house,order
Bhai biryani order karna hai abhi,order
Could you place an order for a combo meal now,order
Looking to place an order for 5 cakes,order
I am looking for add 10 units,order
Bhai paani ki bottle dedo plz,order
Mujhe premium plan bhej do fast,order
I want to book a combo meal delivered to my house,order
Mera cake book karna urgent,order
Mera premium plan book karna urgent,order
Sir cake chahiye kal tak,order
I want to add a replacement part delivered to my house,order
Please purchase a combo meal now,order
"Hey, I want to order a combo meal urgently",order
"Hey, I want to buy the premium plan please",order
I am looking for place an order for some groceries please,order
I'd like to buy biryani now,order
Mera saman pack kar do kal tak,order
Mera saman dedo urgent,order
Please get a replacement part urgently,order
Mera biryani order karna hai fast,order
Mera pizza order karna hai abhi,order
Can I get buy a large pizza asap,order
Mujhay pizza chahiye kal tak,order
Could you buy 5 cakes asap,order
Ek paani ki bottle order karna hai abhi,order
Mera phone chahiye jaldi,order
Can I get buy the premium plan asap,order
Please add a combo meal please,order
Ek premium plan bhej do kal tak,order
I need add biryani urgently,order
Sir paani ki bottle book karna jaldi,order
Ek phone chahiye abhi,order
I want to buy office supplies urgently,order
Bhai pizza lagana hai kal tak,order
I need add some groceries for my party,order
I want to book biryani by tomorrow,order
Mera biryani bhej do abhi,order
I am looking for order the premium plan delivered to my house,order
Please order some groceries now,order
"Hey, I want to buy a combo meal",order
Looking to order 5 cakes,order
"Hey, I want to book office supplies now",order
Could you book a combo meal please,order
Looking to order 10 units now,order
I need place an order for 10 units now,order
Please place an order for a large pizza delivered to my house,order
I am looking for order a large pizza,order
Mera phone pack kar do urgent,order
I need purchase the premium plan asap,order
Could you order the new model now,order
I want to get the premium plan please,order
Sir biryani bhej do,order
I need buy 10 units please,order
"Hey, I want to get 5 cakes please",order
Looking to buy a combo meal now,order
Can I get order a replacement part urgently,order
Please premium plan bhej do jaldi,order
Sir pizza lagana hai fast,order
Could you add a large pizza now,order
Please biryani lagana hai,order
Mera saman dedo urgent,order
Looking to add 10 units,order
I'd like to place an order for a combo meal delivered to my house,order
Looking to add a replacement part for my party,order
Mera phone order karna hai kal tak,order
I need add some groceries please,order
Please order a replacement part please,order
Looking to purchase a combo meal now,order
Could you order a large pizza urgently,order
Please pizza order karna hai kal tak,order
Can I get place an order for some groceries now,order
Bhai pizza pack kar do kal tak,order
Mujhay premium plan bhej do plz,order
Mujhay pizza dedo abhi,order
I want to book the new model now,order
"Hey, I want to place an order for a combo meal delivered to my house",order
I need book some groceries,order
Bhai saman lagana hai abhi,order
I'd like to place an order for 10 units,order
Could you add a large pizza delivered to my house,order
I want to order the new model for my party,order
Can I get add a replacement part asap,order
Could you book 5 cakes please,order
I'd like to purchase the new model please,order
I am looking for get office supplies urgently,order
"Hey, I want to place an order for the premium plan by tomorrow",order
I am looking for purchase office supplies now,order
"Hey, I want to book biryani asap",order
Ek phone pack kar do jaldi,order
Can I get add 5 cakes please,order
Please cake bhej do fast,order
Ek biryani pack kar do kal tak,order
I need buy 10 units delivered to my house,order
I want to order a replacement part asap,order
Looking to add a large pizza for my party,order
I need purchase the new model urgently,order
I'd like to add office supplies delivered to my house,order
Bhai saman order karna hai fast,order
Sir premium plan order karna hai fast,order
Mujhay cake lagana hai plz,order
I want to order 5 cakes by tomorrow,order
Mujhe biryani order karna hai plz,order
Sir cake book karna urgent,order
Mera premium plan chahiye urgent,order
Please place an order for 5 cakes delivered to my house,order
Could you buy the new model for my party,order
I need buy biryani for my party,order
"Hey, I want to book a large pizza",order
I want to add office supplies delivered to my house,order
cancel that and make it 5 items,order
Mera biryani book karna,order
Please buy a large pizza,order
Please phone chahiye jaldi,order
Please cake dedo plz,order
Could you purchase the new model,order
Mera cake lagana hai fast,order
Looking to purchase a combo meal please,order
Mujhay phone book karna abhi,order
Please purchase biryani,order
Please buy the premium plan by tomorrow,order
Please book a large pizza by tomorrow,order
Bhai laptop lagana hai,order
Please order the premium plan asap,order
Could you book a combo meal,order
"Hey, I want to order some groceries asap",order
Mujhay laptop order karna hai jaldi,order
I need buy 5 cakes by tomorrow,order
I need get some groceries please,order
I'd like to buy the new model,order
Bhai cake lagana hai kal tak,order
Mera cake lagana hai abhi,order
Mera paani ki bottle pack kar do urgent,order
I'd like to place an order for a large pizza for my party,order
I need add some groceries for my party,order
Please order biryani,order
Can I get add office supplies asap,order
Ek premium plan book karna plz,order
I am looking for purchase 5 cakes by tomorrow,order
Can I get purchase 5 cakes,order
Can I get buy a large pizza urgently,order
"Hey, I want to place an order for some groceries delivered to my house",order
Looking to get the new model now,order
Could you place an order for the premium plan for my party,order
Mujhay laptop order karna hai kal tak,order
Can I get book biryani,order
I'd like to buy 5 cakes now,order
I need get 10 units please,order
Please get the new model asap,order
Can I get purchase a combo meal please,order
Mujhe paani ki bottle book karna urgent,order
Bhai premium plan order karna hai jaldi,order
Mera cake dedo urgent,order
I want to place an order for 10 units by tomorrow,order
Bhai paani ki bottle pack kar do fast,order
I'd like to get a large pizza by tomorrow,order
Please purchase 10 units asap,order
I need place an order for biryani delivered to my house,order
I'd like to book the new model urgently,order
Could you purchase 5 cakes for my party,order
Mujhe premium plan chahiye urgent,order
I need get a combo meal now,order
Mujhay saman chahiye abhi,order
I want to place an order for a large pizza by tomorrow,order
Looking to get some groceries asap,order
"Hey, I want to buy 5 cakes",order
Ek cake pack kar do abhi,order
I need place an order for a combo meal asap,order
"Hey, I want to place an order for 5 cakes delivered to my house",order
Bhai pizza dedo,order
Please book a replacement part urgently,order
I want to purchase 5 cakes urgently,order
Bhai premium plan book karna kal tak,order
Mujhay premium plan lagana hai kal tak,order
Please add the new model for my party,order
Bhai phone book karna jaldi,order
Looking to purchase the premium plan for my party,order
I am looking for add a replacement part please,order
Mujhe cake order karna hai jaldi,order
I am looking for order 10 units asap,order
I need get biryani,order
Bhai biryani bhej do fast,order
I want to buy 5 cakes now,order
I want to book the premium plan please,order
Please pizza chahiye jaldi,order
"Hey, I want to purchase the premium plan by tomorrow",order
Please add some groceries,order
Please pizza pack kar do,order
Bhai premium plan pack kar do urgent,order
I'd like to get a combo meal please,order
I want to get 5 cakes urgently,order
"Hey, I want to place an order for a large pizza delivered to my house",order
Can I get buy a combo meal asap,order
I am looking for order a large pizza,order
Bhai phone chahiye fast,order
Looking to place an order for a replacement part please,order
I want to buy office supplies for my party,order
Mujhe paani ki bottle chahiye plz,order
Can I get buy office supplies,order
Can I get book 10 units for my party,order
Can I get get biryani,order
I need book the premium plan delivered to my house,order
Sir paani ki bottle order karna hai fast,order
I want to place an order for the premium plan for my party,order
I am looking for get some groceries asap,order
I need place an order for a large pizza asap,order
I'd like to order office supplies by tomorrow,order
Looking to add biryani urgently,order
Could you get office supplies asap,order
I want to add 10 units delivered to my house,order
I need book the premium plan by tomorrow,order
Please book a combo meal asap,order
Can I get add a combo meal,order
Sir paani ki bottle dedo plz,order
Could you buy the premium plan,order
I am looking for add a replacement part by tomorrow,order
Bhai pizza chahiye jaldi,order
Ek saman lagana hai fast,order
Mujhay saman order karna hai plz,order
Ek premium plan lagana hai urgent,order
Looking to order a large pizza,order
Could you get biryani asap,order
"Hey, I want to add the premium plan urgently",order
Please biryani bhej do kal tak,order
Could you order 5 cakes please,order
Looking to buy 10 units delivered to my house,order
Can I get place an order for some groceries urgently,order
I'd like to place an order for 5 cakes urgently,order
I need order a combo meal please,order
Please cake order karna hai kal tak,order
Ek premium plan dedo abhi,order
I want to add the new model now,order
Mujhay saman dedo kal tak,order
Could you buy the new model by tomorrow,order
Ek laptop pack kar do kal tak,order
uske badle 5 items,order
Mujhay phone pack kar do,order
Please buy the new model for my party,order
Mujhe pizza lagana hai fast,order
I need add a large pizza by tomorrow,order
Bhai laptop dedo fast,order
Please laptop pack kar do abhi,order
I want to add a combo meal urgently,order
change it to 5 items,order
I need order a combo meal by tomorrow,order
Sir cake chahiye kal tak,order
Bhai cake dedo abhi,order
I'd like to book a replacement part for my party,order
Bhai saman order karna hai urgent,order
Sir cake order karna hai jaldi,order
Can I get place an order for biryani please,order
I am looking for purchase 10 units please,order
Bhai pizza bhej do kal tak,order
Mera cake pack kar do plz,order
Please biryani lagana hai,order
I want to buy the new model delivered to my house,order
Mera cake lagana hai kal tak,order
Mujhay cake dedo urgent,order
Could you book a large pizza for my party,order
Could you book a large pizza now,order
Can I get get the premium plan,order
Mujhay paani ki bottle bhej do abhi,order
Sir premium plan bhej do fast,order
"Hey, I want to book 5 cakes please",order
I'd like to buy biryani please,order
"Hey, I want to add 10 units now",order
Please purchase office supplies asap,order
I need purchase the new model now,order
I need order the premium plan for my party,order
Could you buy a combo meal delivered to my house,order
I want to order a large pizza urgently,order
Please laptop book karna urgent,order
Can I get add a replacement part,order
Please add the new model delivered to my house,order
Mera laptop pack kar do fast,order
Please laptop bhej do plz,order
Bhai saman lagana hai jaldi,order
I'd like to place an order for a replacement part now,order
I want to buy 5 cakes by tomorrow,order
I am looking for purchase the premium plan now,order
Please laptop pack kar do kal tak,order
Ek phone book karna,order
Sir cake chahiye kal tak,order
Sir biryani pack kar do urgent,order
Mujhay biryani dedo,order
Looking to purchase some groceries asap,order
Please saman pack kar do jaldi,order
Looking to place an order for a replacement part urgently,order
Please buy office supplies urgently,order
I'd like to purchase a combo meal,order
Please book the premium plan now,order
Can I get purchase the premium plan,order
Mujhay cake pack kar do abhi,order
Ek saman pack kar do kal tak,order
Mujhay biryani pack kar do jaldi,order
Mujhe cake bhej do jaldi,order
Can I get place an order for a large pizza now,order
Mujhay laptop bhej do jaldi,order
Mujhe saman bhej do abhi,order
Please premium plan dedo kal tak,order
Ek paani ki bottle bhej do jaldi,order
I need order office supplies asap,order
I am looking for purchase some groceries urgently,order
Can I get place an order for 5 cakes by tomorrow,order
I'd like to purchase 10 units,order
Mujhe saman order karna hai jaldi,order
Please add a combo meal by tomorrow,order
Mera premium plan pack kar do jaldi,order
Mujhay cake pack kar do fast,order
Mujhay cake pack kar do abhi,order
Looking to place an order for biryani urgently,order
Mujhay saman bhej do abhi,order
Mujhay laptop chahiye jaldi,order
I want to place an order for 5 cakes urgently,order
I am looking for buy office supplies for my party,order
Please phone order karna hai fast,order
Mujhay laptop pack kar do fast,order
I need order some groceries,order
Could you book biryani for my party,order
Please paani ki bottle book karna plz,order
Please book the new model by tomorrow,order
Ek cake order karna hai kal tak,order
I need buy biryani delivered to my house,order
Mujhay premium plan lagana hai urgent,order
Can I get buy a combo meal please,order
Sir paani ki bottle dedo,order
Please purchase a replacement part urgently,order
Mera biryani chahiye,order
I am looking for book a combo meal urgently,order
Sir paani ki bottle book karna urgent,order
"Hey, I want to purchase a replacement part delivered to my house",order
I need get 10 units asap,order
I need place an order for the premium plan,order
I want to book a replacement part now,order
I need get a large pizza for my party,order
Please place an order for some groceries delivered to my house,order
I want to order 5 cakes now,order
Looking to buy the new model asap,order
Mera paani ki bottle order karna hai urgent,order
Mujhay laptop bhej do kal tak,order
Sir paani ki bottle dedo jaldi,order
"Hey, I want to book 5 cakes",order
Looking to buy a large pizza asap,order
Could you get the premium plan urgently,order
Please buy 10 units asap,order
"Hey, I want to get office supplies urgently",order
Please batao kab tak ayega,inquiry
Kya kitne ka hai jaldi batao,inquiry
Kya warranty kitni hai ?,inquiry
I want to know the price please?,inquiry
What is the basic package ?,inquiry
"Sir, warranty kitni hai",inquiry
Could you explain the vegan options,inquiry
Could you explain the basic package for this item?,inquiry
Mera question hai ki price kya hai plz?,inquiry
What is the basic package please?,inquiry
I want to know the cost please?,inquiry
How much is the vegan options,inquiry
Ye batana delivery charges kitne hain ?,inquiry
Just wondering about your discount please?,inquiry
Isko lene ke price kya hai ?,inquiry
Can you tell me the cost for this item?,inquiry
Query regarding return policy ?,inquiry
Query regarding vegan options currently?,inquiry
Just wondering about your price please?,inquiry
What is the business hours,inquiry
Isko lene ke warranty kitni hai ?,inquiry
I want to know the price currently?,inquiry
Please batao delivery charges kitne hain,inquiry
Can you tell me the basic package for this item?,inquiry
Can you tell me the delivery time for this item?,inquiry
I want to know the warranty for this item?,inquiry
I want to know the business hours for this item?,inquiry
Ye batana price kya hai,inquiry
Ye batana discount milega jaldi batao,inquiry
Ye batana shop open hai kya,inquiry
Could you explain the business hours ?,inquiry
Could you explain the warranty ?,inquiry
I want to know the basic package for this item?,inquiry
What is the vegan options ?,inquiry
Query regarding cost please?,inquiry
"Sir, warranty kitni hai ?",inquiry
Can you tell me the basic package ?,inquiry
How much is the warranty ?,inquiry
Do you have any info on business hours please?,inquiry
Could you explain the vegan options for this item?,inquiry
Kya return hoga kya plz?,inquiry
Query regarding return policy,inquiry
I want to know the return policy,inquiry
What is the business hours please?,inquiry
I want to know the cost please?,inquiry
Could you explain the vegan options currently?,inquiry
Can you tell me the price please?,inquiry
"Sir, warranty kitni hai jaldi batao",inquiry
Could you explain the discount currently?,inquiry
How much is the basic package for this item?,inquiry
Just wondering about your cost ?,inquiry
Kya return hoga kya ?,inquiry
Can you tell me the cost please?,inquiry
Just wondering about your international shipping,inquiry
I want to know the business hours ?,inquiry
Please batao delivery charges kitne hain ?,inquiry
How much is the vegan options ?,inquiry
Do you have any info on warranty for this item?,inquiry
Could you explain the delivery time,inquiry
Do you have any info on discount ?,inquiry
I want to know the discount please?,inquiry
Could you explain the business hours currently?,inquiry
What is the international shipping for this item?,inquiry
Bhai kitne ka hai plz?,inquiry
Kya discount milega ?,inquiry
Can you tell me the price for this item?,inquiry
How much is the delivery time,inquiry
Just wondering about your international shipping currently?,inquiry
Mera question hai ki return hoga kya plz?,inquiry
Query regarding business hours currently?,inquiry
Just wondering about your basic package ?,inquiry
"Sir, warranty kitni hai ?",inquiry
"Sir, return hoga kya jaldi batao",inquiry
Do you have any info on delivery time please?,inquiry
Just wondering about your vegan options,inquiry
Please batao return hoga kya ?,inquiry
Do you have any info on basic package please?,inquiry
Please batao shop open hai kya jaldi batao,inquiry
Do you have any info on basic package currently?,inquiry
What is the basic package,inquiry
Isko lene ke price kya hai,inquiry
Ye batana return hoga kya plz?,inquiry
Just wondering about your delivery time for this item?,inquiry
Isko lene ke price kya hai plz?,inquiry
"Sir, price kya hai",inquiry
Kya shop open hai kya jaldi batao,inquiry
Query regarding international shipping currently?,inquiry
Can you tell me the warranty ?,inquiry
Bhai kab tak ayega ?,inquiry
I want to know the cost currently?,inquiry
Mera question hai ki shop open hai kya jaldi batao,inquiry
Mera question hai ki return hoga kya jaldi batao,inquiry
"Sir, kab tak ayega ?",inquiry
Can you tell me the warranty for this item?,inquiry
Do you have any info on delivery time,inquiry
Mera question hai ki delivery charges kitne hain ?,inquiry
Do you have any info on return policy please?,inquiry
Mera question hai ki warranty kitni hai jaldi batao,inquiry
Query regarding discount please?,inquiry
"Sir, delivery charges kitne hain ?",inquiry
Could you explain the delivery time ?,inquiry
Isko lene ke kab tak ayega ?,inquiry
Isko lene ke kab tak ayega jaldi batao,inquiry
What is the discount please?,inquiry
How much is the discount currently?,inquiry
How much is the basic package currently?,inquiry
How much is the price for this item?,inquiry
Could you explain the return policy currently?,inquiry
Do you have any info on international shipping ?,inquiry
Please batao discount milega plz?,inquiry
Bhai delivery charges kitne hain jaldi batao,inquiry
Query regarding international shipping for this item?,inquiry
Just wondering about your warranty please?,inquiry
Do you have any info on delivery time please?,inquiry
Do you have any info on cost for this item?,inquiry
Can you tell me the discount currently?,inquiry
Query regarding business hours please?,inquiry
Bhai kab tak ayega plz?,inquiry
Isko lene ke delivery charges kitne hain jaldi batao,inquiry
Isko lene ke discount milega plz?,inquiry
Query regarding price please?,inquiry
Can you tell me the delivery time for this item?,inquiry
Could you explain the warranty for this item?,inquiry
Just wondering about your vegan options,inquiry
How much is the delivery time,inquiry
Do you have any info on cost please?,inquiry
How much is the international shipping,inquiry
Just wondering about your price for this item?,inquiry
Query regarding warranty,inquiry
What is the return policy for this item?,inquiry
Could you explain the return policy please?,inquiry
Can you tell me the international shipping,inquiry
Query regarding warranty,inquiry
Ye batana price kya hai ?,inquiry
What is the return policy,inquiry
Please batao delivery charges kitne hain,inquiry
How much is the cost please?,inquiry
I want to know the basic package for this item?,inquiry
Bhai price kya hai plz?,inquiry
Isko lene ke return hoga kya jaldi batao,inquiry
Please batao warranty kitni hai,inquiry
What is the delivery time currently?,inquiry
"Sir, return hoga kya jaldi batao",inquiry
Could you explain the international shipping,inquiry
Could you explain the return policy,inquiry
Just wondering about your cost please?,inquiry
Ye batana price kya hai jaldi batao,inquiry
Can you tell me the delivery time please?,inquiry
Please batao return hoga kya jaldi batao,inquiry
Can you tell me the vegan options for this item?,inquiry
Mera question hai ki return hoga kya,inquiry
Do you have any info on warranty please?,inquiry
"Sir, discount milega",inquiry
Could you explain the business hours for this item?,inquiry
Do you have any info on delivery time ?,inquiry
Kya price kya hai jaldi batao,inquiry
I want to know the business hours currently?,inquiry
I want to know the vegan options please?,inquiry
"Sir, discount milega jaldi batao",inquiry
Ye batana warranty kitni hai jaldi batao,inquiry
Bhai kab tak ayega plz?,inquiry
Please batao return hoga kya plz?,inquiry
"Sir, discount milega ?",inquiry
Just wondering about your return policy please?,inquiry
Can you tell me the basic package,inquiry
Could you explain the discount,inquiry
Just wondering about your business hours please?,inquiry
Can you tell me the vegan options,inquiry
Please batao price kya hai,inquiry
Please batao shop open hai kya ?,inquiry
What is the business hours for this item?,inquiry
I want to know the return policy ?,inquiry
"Sir, shop open hai kya",inquiry
"Sir, delivery charges kitne hain jaldi batao",inquiry
Could you explain the cost ?,inquiry
Do you have any info on vegan options,inquiry
Isko lene ke return hoga kya ?,inquiry
Ye batana kitne ka hai,inquiry
Could you explain the return policy ?,inquiry
"Sir, discount milega plz?",inquiry
Just wondering about your business hours ?,inquiry
Query regarding basic package please?,inquiry
Can you tell me the warranty currently?,inquiry
What is the business hours,inquiry
How much is the vegan options currently?,inquiry
Query regarding return policy ?,inquiry
I want to know the delivery time ?,inquiry
Please batao return hoga kya,inquiry
Query regarding business hours please?,inquiry
How much is the business hours for this item?,inquiry
I want to know the price currently?,inquiry
Please batao warranty kitni hai jaldi batao,inquiry
Bhai price kya hai,inquiry
Kya warranty kitni hai plz?,inquiry
Could you explain the warranty currently?,inquiry
How much is the discount please?,inquiry
I want to know the price please?,inquiry
Query regarding cost currently?,inquiry
Mera question hai ki kab tak ayega jaldi batao,inquiry
Please batao kitne ka hai jaldi batao,inquiry
Kya price kya hai,inquiry
Kya shop open hai kya jaldi batao,inquiry
Could you explain the business hours currently?,inquiry
Do you have any info on cost ?,inquiry
What is the delivery time currently?,inquiry
Bhai shop open hai kya jaldi batao,inquiry
Bhai return hoga kya jaldi batao,inquiry
What is the cost ?,inquiry
Isko lene ke kab tak ayega ?,inquiry
Kya price kya hai,inquiry
Query regarding warranty ?,inquiry
What is the cost ?,inquiry
Could you explain the cost currently?,inquiry
"Sir, kitne ka hai jaldi batao",inquiry
Could you explain the discount ?,inquiry
Mera question hai ki kab tak ayega,inquiry
Kya price kya hai plz?,inquiry
Do you have any info on delivery time,inquiry
How much is the vegan options,inquiry
How much is the business hours currently?,inquiry
Could you explain the cost currently?,inquiry
Do you have any info on discount please?,inquiry
Kya shop open hai kya jaldi batao,inquiry
"Sir, discount milega jaldi batao",inquiry
How much is the basic package currently?,inquiry
Can you tell me the delivery time for this item?,inquiry
Just wondering about your business hours,inquiry
Kya return hoga kya plz?,inquiry
"Sir, warranty kitni hai jaldi batao",inquiry
How much is the vegan options for this item?,inquiry
Kya price kya hai,inquiry
Query regarding vegan options ?,inquiry
Could you explain the international shipping please?,inquiry
Can you tell me the business hours currently?,inquiry
What is the international shipping,inquiry
Mera question hai ki delivery charges kitne hain ?,inquiry
Query regarding basic package,inquiry
Please batao kab tak ayega plz?,inquiry
Could you explain the delivery time currently?,inquiry
Ye batana kab tak ayega,inquiry
Please batao warranty kitni hai ?,inquiry
Could you explain the international shipping please?,inquiry
Can you tell me the discount for this item?,inquiry
Bhai return hoga kya plz?,inquiry
Isko lene ke price kya hai plz?,inquiry
"Sir, kitne ka hai jaldi batao",inquiry
"Sir, kitne ka hai ?",inquiry
Query regarding return policy,inquiry
Kya return hoga kya ?,inquiry
Kya delivery charges kitne hain ?,inquiry
Ye batana discount milega jaldi batao,inquiry
Kya kab tak ayega ?,inquiry
Mera question hai ki warranty kitni hai jaldi batao,inquiry
Could you explain the delivery time please?,inquiry
Do you have any info on delivery time please?,inquiry
How much is the discount currently?,inquiry
What is the return policy currently?,inquiry
Ye batana kab tak ayega plz?,inquiry
Query regarding cost please?,inquiry
I want to know the business hours for this item?,inquiry
Ye batana shop open hai kya plz?,inquiry
I want to know the international shipping for this item?,inquiry
Just wondering about your vegan options for this item?,inquiry
Bhai delivery charges kitne hain plz?,inquiry
Isko lene ke kitne ka hai plz?,inquiry
Kya discount milega,inquiry
Just wondering about your business hours please?,inquiry
"Sir, warranty kitni hai",inquiry
"Sir, warranty kitni hai ?",inquiry
Please batao discount milega jaldi batao,inquiry
I want to know the delivery time for this item?,inquiry
Can you tell me the delivery time ?,inquiry
Can you tell me the warranty,inquiry
Could you explain the delivery time please?,inquiry
"Sir, kab tak ayega ?",inquiry
Bhai return hoga kya ?,inquiry
I want to know the delivery time,inquiry
Kya delivery charges kitne hain ?,inquiry
How much is the cost,inquiry
Can you tell me the cost ?,inquiry
How much is the return policy please?,inquiry
Bhai price kya hai ?,inquiry
Could you explain the discount please?,inquiry
Bhai delivery charges kitne hain,inquiry
How much is the cost please?,inquiry
Could you explain the delivery time currently?,inquiry
Could you explain the vegan options for this item?,inquiry
Please batao price kya hai,inquiry
Do you have any info on discount for this item?,inquiry
Please batao return hoga kya ?,inquiry
Query regarding delivery time,inquiry
Isko lene ke warranty kitni hai plz?,inquiry
What is the discount,inquiry
Please batao delivery charges kitne hain,inquiry
Just wondering about your delivery time currently?,inquiry
Please batao return hoga kya plz?,inquiry
How much is the international shipping for this item?,inquiry
Could you explain the international shipping please?,inquiry
What is the vegan options for this item?,inquiry
Please batao kitne ka hai plz?,inquiry
Can you tell me the international shipping ?,inquiry
I want to know the return policy,inquiry
Do you have any info on cost ?,inquiry
Query regarding cost ?,inquiry
Isko lene ke kitne ka hai plz?,inquiry
Do you have any info on international shipping ?,inquiry
Could you explain the basic package currently?,inquiry
Ye batana return hoga kya jaldi batao,inquiry
Bhai shop open hai kya jaldi batao,inquiry
Just wondering about your price,inquiry
Query regarding discount for this item?,inquiry
I want to know the delivery time ?,inquiry
Query regarding basic package ?,inquiry
What is the price currently?,inquiry
Could you explain the return policy ?,inquiry
Bhai kab tak ayega jaldi batao,inquiry
I want to know the cost ?,inquiry
Bhai return hoga kya plz?,inquiry
Just wondering about your cost ?,inquiry
Bhai return hoga kya ?,inquiry
Can you tell me the price,inquiry
Query regarding vegan options for this item?,inquiry
Query regarding basic package ?,inquiry
Do you have any info on price please?,inquiry
Mera question hai ki kab tak ayega jaldi batao,inquiry
How much is the international shipping,inquiry
What is the return policy for this item?,inquiry
I want to know the return policy,inquiry
How much is the vegan options currently?,inquiry
What is the cost for this item?,inquiry
How much is the price please?,inquiry
"Sir, shop open hai kya",inquiry
I want to know the business hours for this item?,inquiry
Kya shop open hai kya jaldi batao,inquiry
Query regarding discount please?,inquiry
Could you explain the cost ?,inquiry
Ye batana price kya hai ?,inquiry
How much is the delivery time,inquiry
Can you tell me the vegan options ?,inquiry
How much is the international shipping,inquiry
Query regarding business hours currently?,inquiry
I want to know the price,inquiry
"Sir, discount milega jaldi batao",inquiry
Could you explain the international shipping please?,inquiry
Could you explain the vegan options please?,inquiry
Ye batana shop open hai kya jaldi batao,inquiry
Query regarding return policy currently?,inquiry
How much is the delivery time ?,inquiry
Please batao delivery charges kitne hain jaldi batao,inquiry
Mera question hai ki warranty kitni hai plz?,inquiry
How much is the delivery time for this item?,inquiry
Isko lene ke price kya hai jaldi batao,inquiry
How much is the return policy,inquiry
I want to know the business hours currently?,inquiry
Isko lene ke warranty kitni hai,inquiry
Isko lene ke return hoga kya ?,inquiry
Do you have any info on price please?,inquiry
I want to know the discount currently?,inquiry
Ye batana shop open hai kya plz?,inquiry
Can you tell me the vegan options please?,inquiry
Ye batana delivery charges kitne hain jaldi batao,inquiry
Query regarding business hours currently?,inquiry
I want to know the cost ?,inquiry
How much is the warranty for this item?,inquiry
Kya kitne ka hai plz?,inquiry
What is the return policy for this item?,inquiry
Please batao discount milega jaldi batao,inquiry
Could you explain the cost,inquiry
Just wondering about your vegan options for this item?,inquiry
What is the vegan options ?,inquiry
Mera question hai ki warranty kitni hai ?,inquiry
Kya return hoga kya plz?,inquiry
Kya kitne ka hai,inquiry
What is the delivery time currently?,inquiry
Kya warranty kitni hai jaldi batao,inquiry
Do you have any info on delivery time ?,inquiry
How much is the international shipping currently?,inquiry
Just wondering about your discount please?,inquiry
Do you have any info on basic package please?,inquiry
Can you tell me the basic package ?,inquiry
Ye batana price kya hai plz?,inquiry
Query regarding discount for this item?,inquiry
Could you explain the international shipping currently?,inquiry
Kya return hoga kya ?,inquiry
Kya return hoga kya plz?,inquiry
Could you explain the business hours for this item?,inquiry
Query regarding warranty currently?,inquiry
Can you tell me the international shipping ?,inquiry
"Sir, shop open hai kya jaldi batao",inquiry
Can you tell me the business hours ?,inquiry
Ye batana discount milega ?,inquiry
Can you tell me the return policy for this item?,inquiry
Can you tell me the return policy please?,inquiry
Can you tell me the business hours please?,inquiry
I want to know the return policy for this item?,inquiry
I want to know the return policy,inquiry
Could you explain the delivery time,inquiry
Just wondering about your warranty please?,inquiry
I want to know the warranty ?,inquiry
Ye batana kitne ka hai jaldi batao,inquiry
Could you explain the vegan options,inquiry
What is the return policy,inquiry
Just wondering about your cost,inquiry
I want to know the warranty,inquiry
Isko lene ke shop open hai kya jaldi batao,inquiry
How much is the cost please?,inquiry
What is the price please?,inquiry
Kya discount milega,inquiry
Isko lene ke kitne ka hai plz?,inquiry
"Sir, delivery charges kitne hain plz?",inquiry
Kya discount milega plz?,inquiry
Can you tell me the discount for this item?,inquiry
Can you tell me the cost please?,inquiry
Just wondering about your business hours,inquiry
Ye batana discount milega,inquiry
Can you tell me the delivery time for this item?,inquiry
Could you explain the cost,inquiry
I want to know the discount,inquiry
Mera question hai ki delivery charges kitne hain ?,inquiry
Could you explain the vegan options,inquiry
Do you have any info on international shipping,inquiry
Can you tell me the delivery time currently?,inquiry
I want to know the cost,inquiry
What is the return policy,inquiry
Could you explain the vegan options please?,inquiry
"Sir, kitne ka hai ?",inquiry
Could you explain the basic package ?,inquiry
Ye batana warranty kitni hai ?,inquiry
Can you tell me the cost,inquiry
Bhai kab tak ayega plz?,inquiry
What is the warranty for this item?,inquiry
Please batao price kya hai,inquiry
Kya return hoga kya plz?,inquiry
I want to know the cost please?,inquiry
How much is the return policy for this item?,inquiry
Do you have any info on return policy for this item?,inquiry
Query regarding international shipping for this item?,inquiry
Please batao shop open hai kya ?,inquiry
Can you tell me the cost for this item?,inquiry
"Sir, return hoga kya ?",inquiry
I want to know the delivery time,inquiry
Do you have any info on price ?,inquiry
Mera question hai ki kab tak ayega ?,inquiry
Could you explain the business hours,inquiry
How much is the discount ?,inquiry
Please batao price kya hai jaldi batao,inquiry
"Sir, price kya hai",inquiry
Kya kitne ka hai ?,inquiry
"Sir, price kya hai plz?",inquiry
Can you tell me the return policy ?,inquiry
Ye batana price kya hai jaldi batao,inquiry
What is the international shipping please?,inquiry
Isko lene ke warranty kitni hai ?,inquiry
Can you tell me the basic package,inquiry
Do you have any info on cost,inquiry
Query regarding business hours for this item?,inquiry
"Sir, kitne ka hai ?",inquiry
Kya shop open hai kya,inquiry
I want to know the delivery time for this item?,inquiry
How much is the international shipping please?,inquiry
How much is the return policy for this item?,inquiry
What is the business hours currently?,inquiry
Kya delivery charges kitne hain,inquiry
"Sir, delivery charges kitne hain",inquiry
Mera question hai ki return hoga kya,inquiry
Can you tell me the vegan options please?,inquiry
Isko lene ke return hoga kya jaldi batao,inquiry
Can you tell me the return policy ?,inquiry
Do you have any info on cost please?,inquiry
What is the warranty for this item?,inquiry
Could you explain the delivery time for this item?,inquiry
Could you explain the basic package please?,inquiry
Ye batana kitne ka hai,inquiry
Kya shop open hai kya,inquiry
Bhai return hoga kya jaldi batao,inquiry
Query regarding cost,inquiry
Query regarding price currently?,inquiry
Mera question hai ki discount milega jaldi batao,inquiry
Kya discount milega plz?,inquiry
How much is the delivery time please?,inquiry
Just wondering about your warranty please?,inquiry
Ye batana kitne ka hai plz?,inquiry
Can you tell me the cost,inquiry
Kya return hoga kya ?,inquiry
Could you explain the cost ?,inquiry
How much is the business hours ?,inquiry
Kya shop open hai kya jaldi batao,inquiry
How much is the discount ?,inquiry
"Sir, delivery charges kitne hain",inquiry
Just wondering about your basic package for this item?,inquiry
Mera question hai ki delivery charges kitne hain ?,inquiry
What is the vegan options,inquiry
Kya price kya hai plz?,inquiry
Can you tell me the basic package currently?,inquiry
Please batao price kya hai plz?,inquiry
Please batao price kya hai,inquiry
Please batao return hoga kya jaldi batao,inquiry
What is the basic package please?,inquiry
Just wondering about your cost please?,inquiry
Could you explain the price ?,inquiry
Mera question hai ki return hoga kya plz?,inquiry
What is the vegan options please?,inquiry
I want to know the international shipping for this item?,inquiry
Kya price kya hai plz?,inquiry
Do you have any info on price please?,inquiry
I want to know the basic package please?,inquiry
Do you have any info on international shipping please?,inquiry
"Sir, price kya hai",inquiry
Do you have any info on warranty,inquiry
Please batao kitne ka hai jaldi batao,inquiry
Do you have any info on warranty for this item?,inquiry
Can you tell me the return policy,inquiry
Just wondering about your delivery time ?,inquiry
Kya kitne ka hai,inquiry
Can you tell me the delivery time,inquiry
Do you have any info on cost currently?,inquiry
Just wondering about your basic package currently?,inquiry
What is the price ?,inquiry
Can you tell me the cost please?,inquiry
Query regarding warranty currently?,inquiry
Query regarding international shipping please?,inquiry
Could you explain the discount ?,inquiry
Just wondering about your business hours currently?,inquiry
I want to know the warranty,inquiry
Kya discount milega,inquiry
Mera question hai ki price kya hai plz?,inquiry
How much is the warranty please?,inquiry
What is the vegan options for this item?,inquiry
I want to know the international shipping,inquiry
Do you have any info on vegan options for this item?,inquiry
Just wondering about your basic package,inquiry
Query regarding international shipping please?,inquiry
Do you have any info on basic package ?,inquiry
Kya kab tak ayega jaldi batao,inquiry
Ye batana return hoga kya jaldi batao,inquiry
Can you tell me the return policy please?,inquiry
Bhai kab tak ayega plz?,inquiry
I want to know the international shipping for this item?,inquiry
How much is the delivery time for this item?,inquiry
"Sir, shop open hai kya plz?",inquiry
Mera question hai ki kab tak ayega plz?,inquiry
Could you explain the vegan options currently?,inquiry
Just wondering about your warranty ?,inquiry
Ye batana kitne ka hai jaldi batao,inquiry
What is the warranty for this item?,inquiry
I want to know the price currently?,inquiry
Can you tell me the international shipping currently?,inquiry
Ye batana return hoga kya,inquiry
Ye batana discount milega jaldi batao,inquiry
Can you tell me the business hours please?,inquiry
Query regarding vegan options please?,inquiry
I want to know the business hours currently?,inquiry
Isko lene ke shop open hai kya ?,inquiry
How much is the basic package ?,inquiry
Do you have any info on international shipping ?,inquiry
Bhai shop open hai kya,inquiry
Ye batana return hoga kya,inquiry
Can you tell me the business hours currently?,inquiry
Do you have any info on cost for this item?,inquiry
Isko lene ke discount milega jaldi batao,inquiry
"Sir, delivery charges kitne hain jaldi batao",inquiry
Query regarding business hours currently?,inquiry
Bhai discount milega plz?,inquiry
Do you have any info on vegan options please?,inquiry
Kya kab tak ayega jaldi batao,inquiry
Mera question hai ki kitne ka hai ?,inquiry
Can you tell me the vegan options,inquiry
Just wondering about your delivery time please?,inquiry
Just wondering about your vegan options ?,inquiry
What is the vegan options ?,inquiry
Isko lene ke shop open hai kya,inquiry
"Sir, delivery charges kitne hain",inquiry
Just wondering about your price please?,inquiry
Just wondering about your business hours currently?,inquiry
Isko lene ke return hoga kya jaldi batao,inquiry
I want to know the delivery time ?,inquiry
Query regarding delivery time please?,inquiry
Ye batana shop open hai kya,inquiry
Can you tell me the vegan options ?,inquiry
How much is the discount please?,inquiry
Query regarding return policy,inquiry
Please batao shop open hai kya jaldi batao,inquiry
Just wondering about your delivery time,inquiry
How much is the discount ?,inquiry
Mera question hai ki discount milega,inquiry
Isko lene ke kab tak ayega,inquiry
Bhai kab tak ayega,inquiry
Could you explain the return policy ?,inquiry
Mera question hai ki kab tak ayega plz?,inquiry
Mera question hai ki return hoga kya plz?,inquiry
Do you have any info on vegan options currently?,inquiry
Can you tell me the vegan options for this item?,inquiry
Do you have any info on cost currently?,inquiry
Ye batana kitne ka hai ?,inquiry
Bhai price kya hai,inquiry
Could you explain the international shipping please?,inquiry
Ye batana kitne ka hai plz?,inquiry
Please batao kab tak ayega plz?,inquiry
Ye batana return hoga kya ?,inquiry
Isko lene ke shop open hai kya,inquiry
Query regarding discount,inquiry
I want to know the warranty ?,inquiry
Query regarding international shipping,inquiry
Could you explain the vegan options please?,inquiry
How much is the business hours ?,inquiry
Kya discount milega,inquiry
Mera question hai ki shop open hai kya ?,inquiry
Kya kitne ka hai plz?,inquiry
Mera question hai ki kitne ka hai plz?,inquiry
Just wondering about your delivery time,inquiry
Ye batana price kya hai plz?,inquiry
How much is the price please?,inquiry
Can you tell me the return policy currently?,inquiry
How much is the business hours,inquiry
Do you have any info on basic package,inquiry
Query regarding cost please?,inquiry
Kya discount milega ?,inquiry
Do you have any info on delivery time ?,inquiry
Bhai price kya hai jaldi batao,inquiry
"Sir, warranty kitni hai plz?",inquiry
Could you explain the warranty for this item?,inquiry
Please batao price kya hai ?,inquiry
"Sir, kab tak ayega ?",inquiry
Just wondering about your warranty please?,inquiry
What is the business hours ?,inquiry
Can you tell me the discount ?,inquiry
Kya discount milega jaldi batao,inquiry
I want to know the return policy,inquiry
Bhai kitne ka hai ?,inquiry
I want to know the price ?,inquiry
Could you explain the warranty for this item?,inquiry
Could you explain the cost please?,inquiry
"Sir, delivery charges kitne hain",inquiry
Kya warranty kitni hai jaldi batao,inquiry
Could you explain the vegan options,inquiry
Bhai kitne ka hai jaldi batao,inquiry
What is the return policy ?,inquiry
"Sir, kab tak ayega",inquiry
Can you tell me the delivery time for this item?,inquiry
Please batao return hoga kya plz?,inquiry
Ye batana warranty kitni hai plz?,inquiry
Please batao kab tak ayega,inquiry
Ye batana warranty kitni hai,inquiry
Query regarding price ?,inquiry
I want to know the basic package for this item?,inquiry
Bhai delivery charges kitne hain plz?,inquiry
"Sir, price kya hai jaldi batao",inquiry
Could you explain the warranty,inquiry
Kya return hoga kya jaldi batao,inquiry
Isko lene ke discount milega jaldi batao,inquiry
How much is the discount please?,inquiry
Mera question hai ki kitne ka hai ?,inquiry
Mera question hai ki discount milega ?,inquiry
Could you explain the basic package ?,inquiry
Just wondering about your discount,inquiry
What is the cost for this item?,inquiry
Could you explain the cost please?,inquiry
Query regarding international shipping currently?,inquiry
Bhai shop open hai kya,inquiry
Please batao return hoga kya jaldi batao,inquiry
"Sir, shop open hai kya plz?",inquiry
Isko lene ke kab tak ayega ?,inquiry
Ye batana kitne ka hai,inquiry
Kya kitne ka hai ?,inquiry
Bhai kitne ka hai,inquiry
Just wondering about your discount please?,inquiry
Query regarding warranty please?,inquiry
Bhai shop open hai kya ?,inquiry
Mera question hai ki kab tak ayega plz?,inquiry
Could you explain the vegan options for this item?,inquiry
I want to know the delivery time ?,inquiry
Kya delivery charges kitne hain plz?,inquiry
I want to know the business hours please?,inquiry
I want to know the cost for this item?,inquiry
Just wondering about your return policy ?,inquiry
How much is the international shipping ?,inquiry
Do you have any info on business hours currently?,inquiry
Just wondering about your basic package currently?,inquiry
Can you tell me the vegan options please?,inquiry
Query regarding delivery time,inquiry
Could you explain the cost,inquiry
How much is the cost please?,inquiry
Ye batana kab tak ayega jaldi batao,inquiry
Can you tell me the basic package please?,inquiry
Can you tell me the basic package ?,inquiry
How much is the price please?,inquiry
What is the vegan options please?,inquiry
Isko lene ke shop open hai kya plz?,inquiry
Query regarding vegan options,inquiry
Kya return hoga kya plz?,inquiry
Just wondering about your cost please?,inquiry
Query regarding cost currently?,inquiry
How much is the return policy for this item?,inquiry
Bhai delivery charges kitne hain plz?,inquiry
Could you explain the basic package for this item?,inquiry
I want to know the international shipping currently?,inquiry
I want to know the delivery time,inquiry
What is the discount currently?,inquiry
Just wondering about your business hours ?,inquiry
Do you have any info on cost,inquiry
Just wondering about your international shipping ?,inquiry
Can you tell me the cost currently?,inquiry
I want to know the international shipping for this item?,inquiry
I want to know the vegan options for this item?,inquiry
How much is the cost currently?,inquiry
How much is the warranty ?,inquiry
I want to know the international shipping please?,inquiry
Bhai kitne ka hai plz?,inquiry
Just wondering about your vegan options please?,inquiry
Mera question hai ki warranty kitni hai plz?,inquiry
"Sir, discount milega plz?",inquiry
Mera question hai ki shop open hai kya ?,inquiry
What is the cost ?,inquiry
Kya discount milega plz?,inquiry
Do you have any info on warranty for this item?,inquiry
Isko lene ke kitne ka hai ?,inquiry
Query regarding vegan options currently?,inquiry
Query regarding international shipping currently?,inquiry
Mera question hai ki kitne ka hai jaldi batao,inquiry
Kya delivery charges kitne hain plz?,inquiry
How much is the price ?,inquiry
Isko lene ke kab tak ayega,inquiry
Isko lene ke warranty kitni hai plz?,inquiry
How much is the discount ?,inquiry
Just wondering about your international shipping currently?,inquiry
Could you explain the warranty please?,inquiry
Isko lene ke kab tak ayega ?,inquiry
"Sir, discount milega ?",inquiry
How much is the vegan options for this item?,inquiry
"Sir, kitne ka hai ?",inquiry
Do you have any info on warranty for this item?,inquiry
What is the warranty currently?,inquiry
Isko lene ke price kya hai ?,inquiry
I want to know the return policy ?,inquiry
Just wondering about your return policy ?,inquiry
Isko lene ke warranty kitni hai,inquiry
I want to know the price,inquiry
Mera question hai ki kitne ka hai ?,inquiry
Just wondering about your international shipping ?,inquiry
What is the price,inquiry
What is the discount ?,inquiry
Kya discount milega jaldi batao,inquiry
Bhai discount milega jaldi batao,inquiry
Please batao kab tak ayega,inquiry
Do you have any info on delivery time,inquiry
Can you tell me the delivery time,inquiry
Just wondering about your international shipping ?,inquiry
Ye batana kitne ka hai jaldi batao,inquiry
Mera question hai ki discount milega plz?,inquiry
Bhai discount milega,inquiry
Kya price kya hai,inquiry
Isko lene ke delivery charges kitne hain jaldi batao,inquiry
Bhai price kya hai jaldi batao,inquiry
Can you tell me the basic package ?,inquiry
Do you have any info on international shipping please?,inquiry
How much is the cost please?,inquiry
Can you tell me the price,inquiry
What is the vegan options for this item?,inquiry
Bhai warranty kitni hai,inquiry
Just wondering about your basic package for this item?,inquiry
Query regarding cost for this item?,inquiry
I want to know the discount currently?,inquiry
Could you explain the delivery time please?,inquiry
How much is the discount currently?,inquiry
Query regarding discount for this item?,inquiry
Do you have any info on return policy ?,inquiry
What is the delivery time ?,inquiry
Kya shop open hai kya ?,inquiry
Just wondering about your vegan options for this item?,inquiry
Kya price kya hai ?,inquiry
Query regarding international shipping ?,inquiry
Bhai kitne ka hai,inquiry
Query regarding business hours ?,inquiry
Ye batana kitne ka hai plz?,inquiry
What is the basic package ?,inquiry
Isko lene ke discount milega,inquiry
Can you tell me the business hours please?,inquiry
Bhai delivery charges kitne hain,inquiry
Could you explain the international shipping for this item?,inquiry
Can you tell me the price for this item?,inquiry
Bhai return hoga kya plz?,inquiry
Do you have any info on return policy for this item?,inquiry
How much is the basic package please?,inquiry
Kya return hoga kya ?,inquiry
Do you have any info on basic package ?,inquiry
Just wondering about your vegan options currently?,inquiry
Can you tell me the international shipping ?,inquiry
How much is the discount for this item?,inquiry
"Sir, price kya hai plz?",inquiry
Just wondering about your discount ?,inquiry
Mera question hai ki kitne ka hai,inquiry
Can you tell me the international shipping,inquiry
Kya shop open hai kya jaldi batao,inquiry
Isko lene ke kab tak ayega jaldi batao,inquiry
"Sir, price kya hai ?",inquiry
Ye batana shop open hai kya,inquiry
How much is the vegan options currently?,inquiry
Mera question hai ki price kya hai ?,inquiry
Just wondering about your basic package ?,inquiry
Just wondering about your basic package please?,inquiry
Can you tell me the warranty please?,inquiry
What is the price for this item?,inquiry
Query regarding return policy currently?,inquiry
Just wondering about your international shipping ?,inquiry
Isko lene ke warranty kitni hai jaldi batao,inquiry
Could you explain the discount ?,inquiry
Bhai price kya hai jaldi batao,inquiry
Isko lene ke price kya hai,inquiry
How much is the delivery time,inquiry
Do you have any info on cost currently?,inquiry
Kya price kya hai,inquiry
Just wondering about your business hours,inquiry
I want to know the price ?,inquiry
I want to know the international shipping currently?,inquiry
"Sir, delivery charges kitne hain ?",inquiry
I want to know the return policy please?,inquiry
I want to know the delivery time for this item?,inquiry
"Sir, price kya hai jaldi batao",inquiry
Please batao price kya hai,inquiry
Please batao price kya hai,inquiry
Isko lene ke shop open hai kya plz?,inquiry
Mera question hai ki warranty kitni hai ?,inquiry
Do you have any info on international shipping currently?,inquiry
Just wondering about your discount currently?,inquiry
Could you explain the vegan options please?,inquiry
What is the discount currently?,inquiry
Can you tell me the delivery time please?,inquiry
Ye batana shop open hai kya ?,inquiry
Just wondering about your price,inquiry
How much is the cost please?,inquiry
Can you tell me the vegan options ?,inquiry
Kya kab tak ayega plz?,inquiry
Can you tell me the delivery time currently?,inquiry
Query regarding international shipping please?,inquiry
Isko lene ke price kya hai plz?,inquiry
Could you explain the basic package for this item?,inquiry
Do you have any info on vegan options please?,inquiry
Query regarding vegan options,inquiry
Could you explain the discount ?,inquiry
Query regarding delivery time,inquiry
Query regarding price currently?,inquiry
How much is the warranty currently?,inquiry
Could you explain the basic package currently?,inquiry
Do you have any info on business hours currently?,inquiry
What is the price for this item?,inquiry
Could you explain the price for this item?,inquiry
I want to know the international shipping for this item?,inquiry
Ye batana warranty kitni hai plz?,inquiry
Do you have any info on return policy currently?,inquiry
"Sir, warranty kitni hai ?",inquiry
Can you tell me the vegan options for this item?,inquiry
Ye batana delivery charges kitne hain plz?,inquiry
Please batao discount milega,inquiry
Do you have any info on international shipping for this item?,inquiry
How much is the return policy for this item?,inquiry
Could you explain the discount ?,inquiry
Just wondering about your discount,inquiry
I want to know the cost,inquiry
Query regarding warranty for this item?,inquiry
"Sir, warranty kitni hai plz?",inquiry
Please batao kitne ka hai,inquiry
Can you tell me the international shipping currently?,inquiry
Just wondering about your international shipping please?,inquiry
Could you explain the delivery time,inquiry
Please batao delivery charges kitne hain plz?,inquiry
What is the basic package currently?,inquiry
What is the basic package currently?,inquiry
What is the delivery time please?,inquiry
Just wondering about your business hours please?,inquiry
What is the business hours,inquiry
Query regarding delivery time for this item?,inquiry
Do you have any info on price currently?,inquiry
Query regarding business hours for this item?,inquiry
Isko lene ke kitne ka hai plz?,inquiry
Just wondering about your discount,inquiry
Just wondering about your international shipping,inquiry
Mera question hai ki warranty kitni hai,inquiry
Do you have any info on discount,inquiry
Bhai discount milega,inquiry
How much is the warranty for this item?,inquiry
I want to know the international shipping,inquiry
Bhai discount milega plz?,inquiry
Ye batana delivery charges kitne hain plz?,inquiry
Could you explain the vegan options please?,inquiry
Do you have any info on international shipping,inquiry
Just wondering about your business hours for this item?,inquiry
How much is the basic package currently?,inquiry
Just wondering about your delivery time for this item?,inquiry
Kya return hoga kya plz?,inquiry
Please batao price kya hai plz?,inquiry
"Sir, kitne ka hai",inquiry
Query regarding vegan options for this item?,inquiry
I want to know the price for this item?,inquiry
Just wondering about your return policy ?,inquiry
Do you have any info on warranty for this item?,inquiry
I want to know the delivery time please?,inquiry
Isko lene ke warranty kitni hai,inquiry
Kya kab tak ayega,inquiry
Mera question hai ki kab tak ayega,inquiry
Ye batana delivery charges kitne hain,inquiry
Just wondering about your price please?,inquiry
How much is the return policy for this item?,inquiry
I want to know the international shipping please?,inquiry
Just wondering about your price,inquiry
What is the international shipping,inquiry
How much is the vegan options ?,inquiry
What is the warranty please?,inquiry
I want to know the warranty,inquiry
Isko lene ke kitne ka hai jaldi batao,inquiry
How much is the warranty ?,inquiry
Do you have any info on discount for this item?,inquiry
Do you have any info on vegan options for this item?,inquiry
What is the warranty for this item?,inquiry
Mera question hai ki discount milega,inquiry
How much is the price currently?,inquiry
Ye batana kitne ka hai,inquiry
Just wondering about your warranty ?,inquiry
"Sir, shop open hai kya plz?",inquiry
"Sir, delivery charges kitne hain ?",inquiry
Could you explain the delivery time,inquiry
Just wondering about your international shipping,inquiry
I want to know the cost for this item?,inquiry
Kya kitne ka hai,inquiry
How much is the warranty currently?,inquiry
Kya kitne ka hai,inquiry
"Sir, delivery charges kitne hain plz?",inquiry
Just wondering about your return policy currently?,inquiry
How much is the vegan options,inquiry
Isko lene ke kitne ka hai jaldi batao,inquiry
Just wondering about your return policy currently?,inquiry
How much is the return policy ?,inquiry
Please batao return hoga kya plz?,inquiry
Just wondering about your price for this item?,inquiry
Just wondering about your price ?,inquiry
Query regarding warranty currently?,inquiry
Just wondering about your delivery time for this item?,inquiry
Can you tell me the international shipping please?,inquiry
I want to know the price for this item?,inquiry
What is the basic package for this item?,inquiry
Kya price kya hai plz?,inquiry
I want to know the vegan options please?,inquiry
I want to know the business hours please?,inquiry
How much is the warranty please?,inquiry
Ye batana return hoga kya,inquiry
Can you tell me the return policy for this item?,inquiry
I want to know the discount for this item?,inquiry
"Sir, kab tak ayega jaldi batao",inquiry
Ye batana discount milega plz?,inquiry
Just wondering about your price ?,inquiry
Do you have any info on basic package for this item?,inquiry
I want to know the vegan options please?,inquiry
I want to know the price ?,inquiry
"Sir, delivery charges kitne hain ?",inquiry
What is the delivery time,inquiry
What is the warranty please?,inquiry
Query regarding cost currently?,inquiry
I want to know the price ?,inquiry
Query regarding discount currently?,inquiry
What is the return policy,inquiry
Query regarding cost currently?,inquiry
What is the vegan options,inquiry
Could you explain the delivery time please?,inquiry
I want to know the delivery time currently?,inquiry
Mera question hai ki kitne ka hai plz?,inquiry
Query regarding return policy for this item?,inquiry
Query regarding price please?,inquiry
What is the delivery time please?,inquiry
Ye batana discount milega ?,inquiry
Kya return hoga kya ?,inquiry
Could you explain the warranty please?,inquiry
Can you tell me the price for this item?,inquiry
Do you have any info on vegan options ?,inquiry
Mera question hai ki delivery charges kitne hain,inquiry
Please batao return hoga kya plz?,inquiry
I want to know the cost please?,inquiry
"Sir, shop open hai kya jaldi batao",inquiry
Query regarding return policy,inquiry
Bhai warranty kitni hai,inquiry
"Sir, return hoga kya",inquiry
I want to know the delivery time for this item?,inquiry
Kya kab tak ayega,inquiry
Could you explain the business hours ?,inquiry
Ye batana discount milega,inquiry
How much is the delivery time for this item?,inquiry
Do you have any info on vegan options currently?,inquiry
Query regarding business hours for this item?,inquiry
I want to know the discount for this item?,inquiry
How much is the discount ?,inquiry
Can you tell me the business hours currently?,inquiry
I want to know the warranty please?,inquiry
Please batao kab tak ayega ?,inquiry
Just wondering about your delivery time,inquiry
Do you have any info on delivery time please?,inquiry
Can you tell me the discount for this item?,inquiry
Can you tell me the delivery time ?,inquiry
Do you have any info on basic package please?,inquiry
Query regarding vegan options for this item?,inquiry
What is the return policy,inquiry
Bhai delivery charges kitne hain plz?,inquiry
Just wondering about your delivery time,inquiry
Can you tell me the return policy for this item?,inquiry
Just wondering about your price ?,inquiry
Can you tell me the vegan options please?,inquiry
Query regarding warranty please?,inquiry
"Sir, shop open hai kya ?",inquiry
Please batao warranty kitni hai,inquiry
Bhai discount milega,inquiry
Kya kitne ka hai plz?,inquiry
Just wondering about your warranty ?,inquiry
How much is the vegan options please?,inquiry
What is the warranty currently?,inquiry
Just wondering about your vegan options ?,inquiry
I want to know the discount for this item?,inquiry
"Sir, kitne ka hai ?",inquiry
Bhai warranty kitni hai ?,inquiry
How much is the international shipping currently?,inquiry
Query regarding business hours currently?,inquiry
Ye batana warranty kitni hai jaldi batao,inquiry
Bhai kab tak ayega,inquiry
Ye batana price kya hai jaldi batao,inquiry
Can you tell me the delivery time ?,inquiry
Can you tell me the vegan options for this item?,inquiry
Do you have any info on basic package currently?,inquiry
I want to know the basic package ?,inquiry
Please batao kab tak ayega ?,inquiry
Could you explain the warranty please?,inquiry
Please batao discount milega,inquiry
Do you have any info on price,inquiry
I want to know the business hours currently?,inquiry
Ye batana kab tak ayega jaldi batao,inquiry
Bhai warranty kitni hai ?,inquiry
Query regarding delivery time ?,inquiry
Can you tell me the return policy for this item?,inquiry
What is the price,inquiry
Kya kab tak ayega ?,inquiry
Kya warranty kitni hai plz?,inquiry
Could you explain the basic package currently?,inquiry
How much is the warranty please?,inquiry
Can you tell me the basic package please?,inquiry
Kya kitne ka hai jaldi batao,inquiry
Could you explain the cost for this item?,inquiry
Please batao kitne ka hai plz?,inquiry
Do you have any info on delivery time,inquiry
How much is the warranty for this item?,inquiry
Could you explain the return policy please?,inquiry
Kya delivery charges kitne hain ?,inquiry
Bhai kitne ka hai,inquiry
Do you have any info on cost currently?,inquiry
Bhai delivery charges kitne hain plz?,inquiry
Just wondering about your price please?,inquiry
How much is the vegan options please?,inquiry
Just wondering about your basic package please?,inquiry
Could you explain the cost for this item?,inquiry
Could you explain the discount please?,inquiry
How much is the delivery time,inquiry
Ye batana kab tak ayega ?,inquiry
Ye batana delivery charges kitne hain,inquiry
Please batao kitne ka hai plz?,inquiry
Kya kab tak ayega,inquiry
Bhai price kya hai jaldi batao,inquiry
Do you have any info on warranty for this item?,inquiry
Ye batana kitne ka hai ?,inquiry
I want to know the price ?,inquiry
I want to know the vegan options for this item?,inquiry
How much is the basic package,inquiry
How much is the delivery time please?,inquiry
Just wondering about your discount for this item?,inquiry
Ye batana price kya hai jaldi batao,inquiry
Ye batana kab tak ayega plz?,inquiry
I want to know the price ?,inquiry
Mera question hai ki kab tak ayega plz?,inquiry
What is the price for this item?,inquiry
Can you tell me the cost please?,inquiry
Can you tell me the discount ?,inquiry
Isko lene ke discount milega plz?,inquiry
Do you have any info on return policy please?,inquiry
What is the international shipping,inquiry
I want to know the international shipping for this item?,inquiry
What is the basic package,inquiry
What is the return policy for this item?,inquiry
How much is the international shipping,inquiry
Mera question hai ki shop open hai kya jaldi batao,inquiry
Query regarding vegan options for this item?,inquiry
Just wondering about your warranty ?,inquiry
Ye batana return hoga kya ?,inquiry
Query regarding return policy currently?,inquiry
Isko lene ke warranty kitni hai jaldi batao,inquiry
"Sir, return hoga kya",inquiry
Query regarding basic package,inquiry
Do you have any info on return policy for this item?,inquiry
I want to know the warranty ?,inquiry
Kya kab tak ayega plz?,inquiry
"Sir, kitne ka hai plz?",inquiry
Could you explain the warranty for this item?,inquiry
What is the return policy ?,inquiry
Query regarding return policy,inquiry
Just wondering about your return policy please?,inquiry
I want to know the discount,inquiry
I want to know the cost ?,inquiry
What is the return policy currently?,inquiry
I want to know the basic package,inquiry
What is the price ?,inquiry
Can you tell me the basic package for this item?,inquiry
Mera question hai ki warranty kitni hai jaldi batao,inquiry
Bhai shop open hai kya jaldi batao,inquiry
How much is the return policy ?,inquiry
How much is the basic package please?,inquiry
Query regarding business hours ?,inquiry
Just wondering about your return policy for this item?,inquiry
Ye batana delivery charges kitne hain,inquiry
What is the discount currently?,inquiry
Can you tell me the cost please?,inquiry
Could you explain the warranty currently?,inquiry
"Sir, shop open hai kya plz?",inquiry
Isko lene ke kab tak ayega jaldi batao,inquiry
How much is the business hours currently?,inquiry
Mera question hai ki kab tak ayega plz?,inquiry
Could you explain the return policy currently?,inquiry
Query regarding warranty for this item?,inquiry
I want to know the return policy please?,inquiry
Isko lene ke shop open hai kya ?,inquiry
Query regarding cost for this item?,inquiry
Could you explain the delivery time currently?,inquiry
Do you have any info on price,inquiry
Can you tell me the business hours please?,inquiry
What is the basic package ?,inquiry
Could you explain the vegan options for this item?,inquiry
Isko lene ke warranty kitni hai jaldi batao,inquiry
"Sir, kitne ka hai plz?",inquiry
Mera question hai ki kitne ka hai ?,inquiry
Please batao discount milega jaldi batao,inquiry
"Sir, kab tak ayega",inquiry
Query regarding cost for this item?,inquiry
Ye batana price kya hai plz?,inquiry
Mera question hai ki kab tak ayega jaldi batao,inquiry
Query regarding price please?,inquiry
Bhai discount milega ?,inquiry
Bhai kab tak ayega ?,inquiry
Mera question hai ki kitne ka hai,inquiry
Do you have any info on international shipping please?,inquiry
Do you have any info on international shipping currently?,inquiry
Query regarding business hours please?,inquiry
What is the business hours currently?,inquiry
Can you tell me the return policy currently?,inquiry
What is the discount currently?,inquiry
Query regarding basic package ?,inquiry
Mera question hai ki warranty kitni hai ?,inquiry
Kya shop open hai kya jaldi batao,inquiry
I want to know the discount for this item?,inquiry
Could you explain the basic package currently?,inquiry
Mera question hai ki kitne ka hai ?,inquiry
Just wondering about your return policy currently?,inquiry
What is the cost please?,inquiry
"Sir, shop open hai kya",inquiry
Could you explain the price,inquiry
Can you tell me the cost for this item?,inquiry
Kya shop open hai kya ?,inquiry
"Sir, discount milega ?",inquiry
What is the basic package currently?,inquiry
Isko lene ke shop open hai kya plz?,inquiry
Do you have any info on basic package currently?,inquiry
How much is the return policy ?,inquiry
Please batao warranty kitni hai jaldi batao,inquiry
Could you explain the business hours currently?,inquiry
Isko lene ke warranty kitni hai,inquiry
Kya delivery charges kitne hain jaldi batao,inquiry
Isko lene ke kitne ka hai,inquiry
Just wondering about your delivery time please?,inquiry
I want to know the return policy,inquiry
Ye batana delivery charges kitne hain jaldi batao,inquiry
Please batao discount milega ?,inquiry
I want to know the warranty,inquiry
I want to know the warranty please?,inquiry
Could you explain the cost ?,inquiry
Query regarding international shipping please?,inquiry
Can you tell me the basic package currently?,inquiry
Can you tell me the business hours please?,inquiry
Isko lene ke return hoga kya jaldi batao,inquiry
Kya shop open hai kya plz?,inquiry
Kya return hoga kya plz?,inquiry
Query regarding vegan options for this item?,inquiry
Bhai return hoga kya ?,inquiry
Just wondering about your international shipping currently?,inquiry
What is the warranty please?,inquiry
Just wondering about your price ?,inquiry
Query regarding international shipping currently?,inquiry
Just wondering about your cost currently?,inquiry
Mera question hai ki shop open hai kya jaldi batao,inquiry
Please batao warranty kitni hai,inquiry
Please batao return hoga kya jaldi batao,inquiry
Just wondering about your cost please?,inquiry
Mera question hai ki shop open hai kya jaldi batao,inquiry
Isko lene ke kab tak ayega,inquiry
Could you explain the return policy,inquiry
I want to know the international shipping for this item?,inquiry
Query regarding cost,inquiry
What is the vegan options for this item?,inquiry
"Sir, price kya hai jaldi batao",inquiry
Do you have any info on basic package for this item?,inquiry
Just wondering about your international shipping currently?,inquiry
Just wondering about your delivery time for this item?,inquiry
How much is the basic package ?,inquiry
Kya warranty kitni hai ?,inquiry
I want to know the cost,inquiry
Mera question hai ki discount milega plz?,inquiry
Ye batana price kya hai,inquiry
Do you have any info on international shipping currently?,inquiry
Kya warranty kitni hai jaldi batao,inquiry
What is the cost currently?,inquiry
I want to know the vegan options please?,inquiry
Query regarding delivery time currently?,inquiry
How much is the price for this item?,inquiry
Query regarding vegan options currently?,inquiry
Could you explain the delivery time currently?,inquiry
Just wondering about your discount currently?,inquiry
I want to know the basic package currently?,inquiry
Do you have any info on discount,inquiry
Query regarding vegan options currently?,inquiry
How much is the warranty for this item?,inquiry
Just wondering about your delivery time please?,inquiry
I want to know the vegan options please?,inquiry
Ye batana kitne ka hai plz?,inquiry
How much is the vegan options currently?,inquiry
Please batao kitne ka hai plz?,inquiry
Could you explain the return policy,inquiry
I want to know the delivery time currently?,inquiry
Can you tell me the vegan options please?,inquiry
Query regarding cost,inquiry
I want to know the discount currently?,inquiry
Can you tell me the delivery time currently?,inquiry
Could you explain the business hours for this item?,inquiry
I want to know the basic package currently?,inquiry
Do you have any info on business hours,inquiry
How much is the international shipping currently?,inquiry
Can you tell me the discount please?,inquiry
Mera question hai ki kitne ka hai jaldi batao,inquiry
Can you tell me the discount for this item?,inquiry
"Sir, kitne ka hai jaldi batao",inquiry
I want to know the delivery time ?,inquiry
Just wondering about your delivery time please?,inquiry
Mera question hai ki warranty kitni hai plz?,inquiry
Please batao price kya hai jaldi batao,inquiry
Just wondering about your return policy currently?,inquiry
Ye batana discount milega plz?,inquiry
Bhai delivery charges kitne hain jaldi batao,inquiry
Could you explain the international shipping currently?,inquiry
Query regarding price ?,inquiry
Query regarding price,inquiry
How much is the basic package for this item?,inquiry
Kya warranty kitni hai jaldi batao,inquiry
What is the international shipping currently?,inquiry
"Sir, kab tak ayega",inquiry
Do you have any info on basic package currently?,inquiry
Query regarding discount for this item?,inquiry
Do you have any info on vegan options ?,inquiry
How much is the cost for this item?,inquiry
How much is the warranty ?,inquiry
Just wondering about your basic package,inquiry
Isko lene ke shop open hai kya plz?,inquiry
Could you explain the delivery time ?,inquiry
What is the delivery time currently?,inquiry
Can you tell me the warranty ?,inquiry
Please batao return hoga kya plz?,inquiry
Mera question hai ki kab tak ayega ?,inquiry
I want to know the return policy,inquiry
Query regarding cost,inquiry
Kya kitne ka hai plz?,inquiry
I want to know the cost for this item?,inquiry
Bhai shop open hai kya jaldi batao,inquiry
How much is the return policy please?,inquiry
Kya shop open hai kya ?,inquiry
Just wondering about your price,inquiry
Ye batana delivery charges kitne hain,inquiry
Please batao delivery charges kitne hain,inquiry
How much is the international shipping currently?,inquiry
Could you explain the warranty for this item?,inquiry
Query regarding discount,inquiry
Can you tell me the discount ?,inquiry
I want to know the price,inquiry
"Sir, kab tak ayega ?",inquiry
How much is the delivery time ?,inquiry
Query regarding discount for this item?,inquiry
Query regarding cost please?,inquiry
Please batao price kya hai plz?,inquiry
What is the discount,inquiry
I want to know the price please?,inquiry
I want to know the discount currently?,inquiry
Could you explain the basic package currently?,inquiry
Could you explain the vegan options please?,inquiry
Could you explain the business hours please?,inquiry
Kya price kya hai jaldi batao,inquiry
Could you explain the business hours,inquiry
Do you have any info on warranty currently?,inquiry
Please batao kab tak ayega jaldi batao,inquiry
How much is the warranty please?,inquiry
Query regarding business hours please?,inquiry
Mera question hai ki kab tak ayega jaldi batao,inquiry
Do you have any info on cost for this item?,inquiry
I want to know the delivery time,inquiry
What is the delivery time,inquiry
Ye batana shop open hai kya jaldi batao,inquiry
Kya return hoga kya plz?,inquiry
Isko lene ke delivery charges kitne hain jaldi batao,inquiry
Ye batana kitne ka hai plz?,inquiry
What is the basic package,inquiry
I want to know the price,inquiry
Can you tell me the delivery time,inquiry
What is the international shipping,inquiry
Please batao shop open hai kya ?,inquiry
Just wondering about your discount currently?,inquiry
What is the business hours please?,inquiry
How much is the basic package currently?,inquiry
Bhai return hoga kya plz?,inquiry
Can you tell me the price please?,inquiry
Could you explain the delivery time for this item?,inquiry
Can you tell me the basic package please?,inquiry
Kya kab tak ayega ?,inquiry
Please batao delivery charges kitne hain ?,inquiry
Could you explain the discount for this item?,inquiry
Could you explain the price,inquiry
Could you explain the warranty currently?,inquiry
Query regarding discount ?,inquiry
Can you tell me the vegan options please?,inquiry
"Sir, delivery charges kitne hain",inquiry
What is the business hours currently?,inquiry
Kya return hoga kya jaldi batao,inquiry
Please batao kab tak ayega ?,inquiry
How much is the price currently?,inquiry
Do you have any info on basic package currently?,inquiry
Mera question hai ki discount milega ?,inquiry
Just wondering about your international shipping currently?,inquiry
Could you explain the business hours,inquiry
Do you have any info on warranty currently?,inquiry
Mera question hai ki return hoga kya ?,inquiry
Ye batana price kya hai,inquiry
I want to know the delivery time ?,inquiry
Query regarding return policy currently?,inquiry
Query regarding discount for this item?,inquiry
Query regarding basic package please?,inquiry
Query regarding price please?,inquiry
Just wondering about your warranty please?,inquiry
Query regarding basic package,inquiry
Could you explain the discount for this item?,inquiry
How much is the business hours please?,inquiry
Just wondering about your international shipping please?,inquiry
"Sir, kitne ka hai jaldi batao",inquiry
Do you have any info on warranty ?,inquiry
How much is the warranty for this item?,inquiry
Could you explain the delivery time currently?,inquiry
Could you explain the international shipping,inquiry
What is the price ?,inquiry
"Sir, return hoga kya ?",inquiry
Please batao price kya hai plz?,inquiry
How much is the delivery time,inquiry
Do you have any info on discount currently?,inquiry
What is the cost ?,inquiry
Isko lene ke return hoga kya,inquiry
Isko lene ke warranty kitni hai jaldi batao,inquiry
Do you have any info on basic package currently?,inquiry
What is the cost ?,inquiry
Do you have any info on business hours for this item?,inquiry
Could you explain the vegan options currently?,inquiry
I want to know the discount,inquiry
What is the price,inquiry
How much is the vegan options for this item?,inquiry
Do you have any info on cost please?,inquiry
Just wondering about your basic package,inquiry
How much is the basic package please?,inquiry
I want to know the price please?,inquiry
Ye batana delivery charges kitne hain,inquiry
How much is the discount for this item?,inquiry
How much is the international shipping please?,inquiry
Could you explain the delivery time,inquiry
Do you have any info on delivery time for this item?,inquiry
I want to know the basic package,inquiry
Bhai return hoga kya plz?,inquiry
Isko lene ke kitne ka hai,inquiry
"Sir, kitne ka hai",inquiry
Kya delivery charges kitne hain,inquiry
Could you explain the warranty currently?,inquiry
Ye batana warranty kitni hai,inquiry
"Sir, kab tak ayega ?",inquiry
Do you have any info on cost currently?,inquiry
Please batao kitne ka hai ?,inquiry
I want to know the delivery time for this item?,inquiry
Could you explain the vegan options ?,inquiry
Query regarding basic package currently?,inquiry
Query regarding international shipping ?,inquiry
Could you explain the business hours,inquiry
Query regarding international shipping for this item?,inquiry
I want to know the business hours currently?,inquiry
What is the delivery time currently?,inquiry
What is the vegan options ?,inquiry
Just wondering about your vegan options for this item?,inquiry
I want to know the business hours please?,inquiry
Can you tell me the delivery time for this item?,inquiry
Could you explain the business hours currently?,inquiry
Ye batana return hoga kya jaldi batao,inquiry
Ye batana shop open hai kya plz?,inquiry
I want to know the basic package ?,inquiry
Can you tell me the discount,inquiry
Just wondering about your cost currently?,inquiry
How much is the delivery time for this item?,inquiry
Could you explain the discount,inquiry
"Sir, price kya hai jaldi batao",inquiry
Mera question hai ki warranty kitni hai jaldi batao,inquiry
Do you have any info on international shipping,inquiry
Bhai warranty kitni hai plz?,inquiry
How much is the cost please?,inquiry
"Sir, warranty kitni hai jaldi batao",inquiry
Mera question hai ki price kya hai plz?,inquiry
What is the vegan options,inquiry
Bhai shop open hai kya ?,inquiry
What is the discount,inquiry
Do you have any info on discount for this item?,inquiry
I want to know the business hours,inquiry
"Sir, warranty kitni hai plz?",inquiry
"Sir, return hoga kya plz?",inquiry
"Sir, shop open hai kya ?",inquiry
Can you tell me the warranty please?,inquiry
Bhai return hoga kya,inquiry
Could you explain the cost ?,inquiry
Bhai discount milega plz?,inquiry
Do you have any info on warranty please?,inquiry
Ye batana warranty kitni hai ?,inquiry
What is the return policy ?,inquiry
Do you have any info on international shipping currently?,inquiry
Bhai discount milega plz?,inquiry
Just wondering about your warranty ?,inquiry
Mera question hai ki shop open hai kya ?,inquiry
Do you have any info on basic package ?,inquiry
Kya delivery charges kitne hain plz?,inquiry
Could you explain the discount,inquiry
How much is the price please?,inquiry
Query regarding discount currently?,inquiry
What is the warranty please?,inquiry
Isko lene ke delivery charges kitne hain ?,inquiry
Just wondering about your warranty ?,inquiry
Could you explain the cost for this item?,inquiry
Query regarding basic package for this item?,inquiry
I want to know the return policy,inquiry
Please batao delivery charges kitne hain plz?,inquiry
Please batao kab tak ayega jaldi batao,inquiry
I want to know the international shipping ?,inquiry
Can you tell me the return policy ?,inquiry
Query regarding discount,inquiry
How much is the price currently?,inquiry
I want to know the price,inquiry
Could you explain the return policy currently?,inquiry
Can you tell me the return policy,inquiry
Bhai warranty kitni hai ?,inquiry
What is the cost ?,inquiry
What is the warranty please?,inquiry
Bhai delivery charges kitne hain ?,inquiry
Do you have any info on basic package please?,inquiry
Query regarding return policy currently?,inquiry
How much is the vegan options please?,inquiry
Can you tell me the cost ?,inquiry
Can you tell me the basic package for this item?,inquiry
Can you tell me the cost currently?,inquiry
Query regarding international shipping please?,inquiry
Isko lene ke shop open hai kya ?,inquiry
Mera question hai ki warranty kitni hai jaldi batao,inquiry
Query regarding discount ?,inquiry
What is the international shipping currently?,inquiry
Kya price kya hai jaldi batao,inquiry
Ye batana kitne ka hai plz?,inquiry
Bhai warranty kitni hai plz?,inquiry
Can you tell me the warranty for this item?,inquiry
I want to know the basic package ?,inquiry
Mera question hai ki shop open hai kya ?,inquiry
Bhai warranty kitni hai ?,inquiry
Bhai kab tak ayega ?,inquiry
"Sir, kitne ka hai jaldi batao",inquiry
Do you have any info on return policy for this item?,inquiry
I want to know the return policy ?,inquiry
Kya warranty kitni hai jaldi batao,inquiry
How much is the return policy for this item?,inquiry
Can you tell me the vegan options,inquiry
Isko lene ke price kya hai ?,inquiry
Just wondering about your price currently?,inquiry
Do you have any info on return policy for this item?,inquiry
Could you explain the vegan options for this item?,inquiry
Ye batana price kya hai jaldi batao,inquiry
I want to know the business hours for this item?,inquiry
I want to know the business hours please?,inquiry
How much is the business hours please?,inquiry
Ye batana delivery charges kitne hain plz?,inquiry
Could you explain the return policy please?,inquiry
"Sir, shop open hai kya jaldi batao",inquiry
Isko lene ke kab tak ayega jaldi batao,inquiry
Just wondering about your basic package please?,inquiry
What is the discount currently?,inquiry
Can you tell me the basic package please?,inquiry
Could you explain the vegan options,inquiry
Could you explain the delivery time,inquiry
How much is the warranty,inquiry
What is the price ?,inquiry
Query regarding basic package for this item?,inquiry
How much is the international shipping please?,inquiry
I want to know the business hours ?,inquiry
What is the delivery time please?,inquiry
Please batao kitne ka hai jaldi batao,inquiry
Bhai shop open hai kya ?,inquiry
I want to know the basic package,inquiry
Ye batana discount milega plz?,inquiry
Kya kab tak ayega jaldi batao,inquiry
Just wondering about your international shipping please?,inquiry
How much is the discount please?,inquiry
Just wondering about your warranty currently?,inquiry
Just wondering about your delivery time ?,inquiry
Just wondering about your discount,inquiry
Query regarding vegan options currently?,inquiry
How much is the price please?,inquiry
Query regarding basic package,inquiry
Can you tell me the business hours for this item?,inquiry
Just wondering about your warranty please?,inquiry
What is the discount please?,inquiry
"Sir, delivery charges kitne hain plz?",inquiry
Can you tell me the vegan options ?,inquiry
Please batao discount milega plz?,inquiry
I want to know the warranty please?,inquiry
Just wondering about your price currently?,inquiry
Can you tell me the delivery time please?,inquiry
Query regarding cost please?,inquiry
"Sir, delivery charges kitne hain plz?",inquiry
Kya kab tak ayega jaldi batao,inquiry
Just wondering about your warranty for this item?,inquiry
Ye batana kitne ka hai plz?,inquiry
Could you explain the cost,inquiry
How much is the warranty for this item?,inquiry
Query regarding warranty for this item?,inquiry
What is the discount,inquiry
Isko lene ke shop open hai kya ?,inquiry
I want to know the vegan options ?,inquiry
Just wondering about your cost please?,inquiry
Please batao delivery charges kitne hain,inquiry
What is the basic package,inquiry
"Sir, price kya hai",inquiry
What is the international shipping currently?,inquiry
Just wondering about your basic package for this item?,inquiry
Isko lene ke delivery charges kitne hain plz?,inquiry
Do you have any info on cost,inquiry
How much is the vegan options ?,inquiry
Ye batana kab tak ayega jaldi batao,inquiry
"Sir, discount milega plz?",inquiry
Could you explain the business hours ?,inquiry
What is the warranty ?,inquiry
What is the discount for this item?,inquiry
Could you explain the international shipping,inquiry
Isko lene ke warranty kitni hai plz?,inquiry
Mera question hai ki kitne ka hai,inquiry
Can you tell me the delivery time ?,inquiry
Ye batana shop open hai kya ?,inquiry
Just wondering about your vegan options please?,inquiry
I want to know the business hours for this item?,inquiry
Just wondering about your warranty for this item?,inquiry
Could you explain the cost ?,inquiry
Query regarding discount ?,inquiry
I want to know the delivery time please?,inquiry
Bhai price kya hai,inquiry
Do you have any info on cost,inquiry
Can you tell me the business hours ?,inquiry
Query regarding basic package for this item?,inquiry
How much is the return policy for this item?,inquiry
Do you have any info on international shipping please?,inquiry
Kya return hoga kya,inquiry
Please batao shop open hai kya jaldi batao,inquiry
I want to know the price,inquiry
I want to know the delivery time currently?,inquiry
Do you have any info on price ?,inquiry
How much is the delivery time ?,inquiry
Can you tell me the basic package for this item?,inquiry
Mera question hai ki warranty kitni hai,inquiry
Do you have any info on warranty please?,inquiry
How much is the business hours,inquiry
Could you explain the basic package please?,inquiry
Mera question hai ki delivery charges kitne hain jaldi batao,inquiry
How much is the price currently?,inquiry
How much is the vegan options please?,inquiry
Bhai return hoga kya ?,inquiry
Do you have any info on business hours for this item?,inquiry
Ye batana shop open hai kya ?,inquiry
Query regarding warranty,inquiry
Query regarding price please?,inquiry
I want to know the vegan options for this item?,inquiry
Bhai return hoga kya plz?,inquiry
Isko lene ke discount milega plz?,inquiry
Could you explain the cost for this item?,inquiry
Mera question hai ki kab tak ayega ?,inquiry
Do you have any info on warranty,inquiry
How much is the basic package currently?,inquiry
Ye batana shop open hai kya plz?,inquiry
Mera question hai ki shop open hai kya plz?,inquiry
Query regarding return policy please?,inquiry
Just wondering about your return policy currently?,inquiry
Mera question hai ki delivery charges kitne hain,inquiry
Could you explain the international shipping for this item?,inquiry
Could you explain the international shipping currently?,inquiry
I want to know the international shipping for this item?,inquiry
Please batao kitne ka hai plz?,inquiry
What is the delivery time for this item?,inquiry
"Sir, discount milega ?",inquiry
Kya warranty kitni hai jaldi batao,inquiry
Could you explain the return policy currently?,inquiry
Just wondering about your basic package ?,inquiry
Just wondering about your basic package currently?,inquiry
Isko lene ke discount milega plz?,inquiry
Can you tell me the basic package please?,inquiry
What is the return policy for this item?,inquiry
How much is the return policy please?,inquiry
Can you tell me the international shipping please?,inquiry
How much is the warranty,inquiry
Query regarding delivery time for this item?,inquiry
I want to know the basic package ?,inquiry
"Sir, kab tak ayega jaldi batao",inquiry
Can you tell me the cost currently?,inquiry
How much is the basic package,inquiry
Isko lene ke return hoga kya ?,inquiry
Ye batana delivery charges kitne hain jaldi batao,inquiry
Ye batana discount milega,inquiry
Bhai warranty kitni hai jaldi batao,inquiry
I want to know the cost currently?,inquiry
"Sir, discount milega",inquiry
Kya warranty kitni hai jaldi batao,inquiry
Query regarding cost,inquiry
Isko lene ke kitne ka hai jaldi batao,inquiry
Query regarding return policy please?,inquiry
Could you explain the international shipping currently?,inquiry
Ye batana delivery charges kitne hain ?,inquiry
Query regarding cost,inquiry
What is the basic package for this item?,inquiry
What is the vegan options,inquiry
Bhai discount milega plz?,inquiry
How much is the business hours currently?,inquiry
"Sir, return hoga kya plz?",inquiry
Do you have any info on cost,inquiry
Please batao return hoga kya plz?,inquiry
Please batao return hoga kya jaldi batao,inquiry
I want to know the discount please?,inquiry
Kya kitne ka hai,inquiry
Query regarding warranty ?,inquiry
What is the cost currently?,inquiry
Bhai shop open hai kya plz?,inquiry
How much is the international shipping for this item?,inquiry
Could you explain the discount ?,inquiry
What is the warranty ?,inquiry
Just wondering about your international shipping please?,inquiry
Can you tell me the discount for this item?,inquiry
Just wondering about your delivery time for this item?,inquiry
I want to know the international shipping currently?,inquiry
What is the vegan options please?,inquiry
Ye batana delivery charges kitne hain ?,inquiry
How much is the basic package ?,inquiry
Do you have any info on warranty for this item?,inquiry
Query regarding return policy please?,inquiry
Just wondering about your delivery time,inquiry
I want to know the international shipping for this item?,inquiry
Could you explain the vegan options ?,inquiry
How much is the basic package please?,inquiry
Can you tell me the vegan options currently?,inquiry
Can you tell me the price please?,inquiry
Query regarding cost please?,inquiry
What is the vegan options ?,inquiry
How much is the basic package,inquiry
Can you tell me the price for this item?,inquiry
Just wondering about your delivery time for this item?,inquiry
Bhai discount milega jaldi batao,inquiry
Can you tell me the vegan options please?,inquiry
Can you tell me the vegan options,inquiry
Just wondering about your basic package,inquiry
Just wondering about your price,inquiry
Kya kitne ka hai,inquiry
I want to know the return policy currently?,inquiry
Query regarding vegan options,inquiry
Ye batana delivery charges kitne hain,inquiry
Could you explain the price for this item?,inquiry
What is the discount,inquiry
Bhai shop open hai kya ?,inquiry
How much is the price please?,inquiry
Isko lene ke discount milega ?,inquiry
Can you tell me the cost ?,inquiry
Kya discount milega,inquiry
Do you have any info on delivery time,inquiry
How much is the business hours currently?,inquiry
How much is the price ?,inquiry
Query regarding return policy ?,inquiry
What is the business hours ?,inquiry
Could you explain the discount ?,inquiry
Mera question hai ki delivery charges kitne hain ?,inquiry
Query regarding vegan options,inquiry
Mera question hai ki delivery charges kitne hain plz?,inquiry
Do you have any info on warranty ?,inquiry
Can you tell me the discount ?,inquiry
What is the warranty for this item?,inquiry
"Sir, return hoga kya jaldi batao",inquiry
I want to know the return policy,inquiry
How much is the vegan options for this item?,inquiry
Bhai kab tak ayega ?,inquiry
Please batao kitne ka hai ?,inquiry
Can you tell me the return policy ?,inquiry
What is the vegan options,inquiry
Mera question hai ki price kya hai ?,inquiry
Isko lene ke discount milega jaldi batao,inquiry
Please batao return hoga kya jaldi batao,inquiry
"Sir, return hoga kya",inquiry
What is the cost for this item?,inquiry
Ye batana price kya hai ?,inquiry
Can you tell me the business hours,inquiry
Do you have any info on vegan options ?,inquiry
What is the delivery time,inquiry
I want to know the vegan options ?,inquiry
Just wondering about your international shipping ?,inquiry
I want to know the warranty currently?,inquiry
Just wondering about your warranty please?,inquiry
Could you explain the delivery time please?,inquiry
Just wondering about your price please?,inquiry
Ye batana shop open hai kya,inquiry
Can you tell me the international shipping for this item?,inquiry
Ye batana kitne ka hai ?,inquiry
What is the delivery time please?,inquiry
Query regarding delivery time for this item?,inquiry
Kya return hoga kya jaldi batao,inquiry
What is the warranty currently?,inquiry
I want to know the cost please?,inquiry
Could you explain the warranty currently?,inquiry
Bhai warranty kitni hai ?,inquiry
Query regarding international shipping ?,inquiry
What is the vegan options for this item?,inquiry
Kya kab tak ayega ?,inquiry
What is the cost ?,inquiry
How much is the discount currently?,inquiry
Could you explain the business hours,inquiry
Please batao price kya hai,inquiry
Kya kab tak ayega,inquiry
Please batao kab tak ayega,inquiry
What is the delivery time please?,inquiry
Please batao return hoga kya plz?,inquiry
Kya kitne ka hai plz?,inquiry
I want to know the discount,inquiry
How much is the international shipping currently?,inquiry
Mera question hai ki discount milega plz?,inquiry
Can you tell me the delivery time currently?,inquiry
Could you explain the basic package please?,inquiry
Please batao return hoga kya ?,inquiry
Just wondering about your vegan options please?,inquiry
I want to know the business hours please?,inquiry
Just wondering about your delivery time currently?,inquiry
Do you have any info on international shipping ?,inquiry
Isko lene ke discount milega jaldi batao,inquiry
What is the delivery time for this item?,inquiry
Could you explain the price,inquiry
Just wondering about your vegan options ?,inquiry
How much is the cost for this item?,inquiry
How much is the basic package ?,inquiry
Can you tell me the basic package currently?,inquiry
How much is the business hours please?,inquiry
How much is the business hours,inquiry
Query regarding discount ?,inquiry
I want to know the basic package currently?,inquiry
Mera question hai ki discount milega jaldi batao,inquiry
Just wondering about your delivery time currently?,inquiry
"Sir, kab tak ayega jaldi batao",inquiry
Query regarding discount ?,inquiry
Please batao shop open hai kya ?,inquiry
Please batao delivery charges kitne hain,inquiry
"Sir, return hoga kya ?",inquiry
What is the business hours for this item?,inquiry
Just wondering about your basic package please?,inquiry
Could you explain the return policy,inquiry
Can you tell me the discount,inquiry
Please batao warranty kitni hai,inquiry
Kya kab tak ayega plz?,inquiry
Can you tell me the price,inquiry
How much is the international shipping for this item?,inquiry
Mera question hai ki kitne ka hai,inquiry
Query regarding vegan options currently?,inquiry
Query regarding discount ?,inquiry
I want to know the discount please?,inquiry
I want to know the basic package,inquiry
Can you tell me the basic package ?,inquiry
Mera question hai ki return hoga kya plz?,inquiry
Isko lene ke kitne ka hai,inquiry
How much is the cost ?,inquiry
Just wondering about your international shipping for this item?,inquiry
I want to know the warranty,inquiry
Can you tell me the international shipping please?,inquiry
Just wondering about your international shipping currently?,inquiry
"Sir, price kya hai",inquiry
Please batao kab tak ayega jaldi batao,inquiry
Could you explain the discount currently?,inquiry
Ye batana kab tak ayega ?,inquiry
Just wondering about your warranty please?,inquiry
Can you tell me the vegan options,inquiry
Mera question hai ki warranty kitni hai plz?,inquiry
Mera question hai ki discount milega ?,inquiry
Can you tell me the discount ?,inquiry
Isko lene ke shop open hai kya jaldi batao,inquiry
Isko lene ke return hoga kya ?,inquiry
Could you explain the basic package for this item?,inquiry
Just wondering about your basic package currently?,inquiry
Isko lene ke warranty kitni hai,inquiry
Can you tell me the return policy for this item?,inquiry
Could you explain the basic package for this item?,inquiry
Please batao shop open hai kya ?,inquiry
Ye batana shop open hai kya plz?,inquiry
Bhai return hoga kya plz?,inquiry
Please batao shop open hai kya plz?,inquiry
Do you have any info on cost for this item?,inquiry
Do you have any info on cost please?,inquiry
Do you have any info on warranty please?,inquiry
Isko lene ke shop open hai kya jaldi batao,inquiry
Please batao warranty kitni hai plz?,inquiry
Isko lene ke shop open hai kya jaldi batao,inquiry
Could you explain the return policy ?,inquiry
Bhai shop open hai kya jaldi batao,inquiry
Can you tell me the business hours please?,inquiry
I want to know the business hours ?,inquiry
Bhai kab tak ayega,inquiry
Query regarding vegan options please?,inquiry
Could you explain the business hours please?,inquiry
Query regarding price for this item?,inquiry
I want to know the discount,inquiry
I want to know the discount,inquiry
Kya warranty kitni hai ?,inquiry
How much is the return policy,inquiry
Kya warranty kitni hai plz?,inquiry
Do you have any info on basic package currently?,inquiry
Just wondering about your delivery time for this item?,inquiry
Query regarding warranty currently?,inquiry
Ye batana return hoga kya ?,inquiry
How much is the vegan options for this item?,inquiry
Please batao price kya hai,inquiry
Just wondering about your cost please?,inquiry
Can you tell me the international shipping ?,inquiry
I want to know the return policy ?,inquiry
What is the return policy ?,inquiry
Bhai return hoga kya plz?,inquiry
What is the cost,inquiry
Could you explain the business hours for this item?,inquiry
Do you have any info on cost currently?,inquiry
Ye batana warranty kitni hai,inquiry
Mera question hai ki delivery charges kitne hain ?,inquiry
Bhai kab tak ayega ?,inquiry
What is the discount please?,inquiry
Isko lene ke discount milega jaldi batao,inquiry
Mera question hai ki shop open hai kya,inquiry
Please batao return hoga kya plz?,inquiry
Just wondering about your cost ?,inquiry
How much is the price currently?,inquiry
Do you have any info on international shipping ?,inquiry
Could you explain the price for this item?,inquiry
Do you have any info on price currently?,inquiry
What is the warranty please?,inquiry
Ye batana delivery charges kitne hain jaldi batao,inquiry
How much is the international shipping currently?,inquiry
Could you explain the basic package ?,inquiry
Query regarding vegan options please?,inquiry
Ye batana warranty kitni hai,inquiry
Query regarding return policy ?,inquiry
Just wondering about your warranty currently?,inquiry
Please batao discount milega jaldi batao,inquiry
Bhai delivery charges kitne hain,inquiry
Just wondering about your return policy,inquiry
Do you have any info on vegan options please?,inquiry
"Sir, shop open hai kya ?",inquiry
What is the warranty please?,inquiry
Mera question hai ki warranty kitni hai plz?,inquiry
Just wondering about your return policy for this item?,inquiry
How much is the basic package please?,inquiry
Ye batana delivery charges kitne hain jaldi batao,inquiry
Just wondering about your basic package for this item?,inquiry
Just wondering about your return policy currently?,inquiry
Query regarding discount for this item?,inquiry
What is the vegan options ?,inquiry
Could you explain the vegan options please?,inquiry
How much is the basic package for this item?,inquiry
Could you explain the discount ?,inquiry
"Sir, shop open hai kya ?",inquiry
Do you have any info on international shipping currently?,inquiry
Do you have any info on delivery time for this item?,inquiry
Query regarding vegan options currently?,inquiry
What is the vegan options,inquiry
Just wondering about your return policy currently?,inquiry
Can you tell me the international shipping for this item?,inquiry
"Sir, shop open hai kya plz?",inquiry
Do you have any info on vegan options please?,inquiry
Ye batana discount milega jaldi batao,inquiry
Can you tell me the return policy ?,inquiry
Bhai shop open hai kya plz?,inquiry
Isko lene ke delivery charges kitne hain plz?,inquiry
Ye batana price kya hai jaldi batao,inquiry
Can you tell me the vegan options,inquiry
Do you have any info on cost for this item?,inquiry
Do you have any info on vegan options please?,inquiry
I want to know the delivery time please?,inquiry
Query regarding business hours for this item?,inquiry
Ye batana return hoga kya ?,inquiry
I want to know the warranty please?,inquiry
Do you have any info on vegan options for this item?,inquiry
Could you explain the cost please?,inquiry
Kya warranty kitni hai,inquiry
Isko lene ke kitne ka hai jaldi batao,inquiry
"Sir, price kya hai plz?",inquiry
Ye batana discount milega ?,inquiry
Can you tell me the warranty currently?,inquiry
Can you tell me the return policy please?,inquiry
Do you have any info on vegan options ?,inquiry
How much is the warranty please?,inquiry
Just wondering about your warranty please?,inquiry
How much is the international shipping,inquiry
Bhai warranty kitni hai plz?,inquiry
Just wondering about your business hours,inquiry
Mera question hai ki price kya hai ?,inquiry
How much is the international shipping please?,inquiry
How much is the international shipping currently?,inquiry
Bhai return hoga kya,inquiry
Isko lene ke kab tak ayega plz?,inquiry
Query regarding price currently?,inquiry
Kya kab tak ayega,inquiry
Can you tell me the discount for this item?,inquiry
Please batao return hoga kya jaldi batao,inquiry
I want to know the delivery time please?,inquiry
Ye batana return hoga kya ?,inquiry
Do you have any info on delivery time please?,inquiry
Could you explain the discount for this item?,inquiry
Bhai return hoga kya,inquiry
Do you have any info on warranty for this item?,inquiry
Query regarding discount ?,inquiry
Can you tell me the return policy for this item?,inquiry
Can you tell me the vegan options currently?,inquiry
I want to know the warranty please?,inquiry
Query regarding international shipping for this item?,inquiry
Could you explain the cost currently?,inquiry
Do you have any info on international shipping please?,inquiry
Please batao kitne ka hai plz?,inquiry
Just wondering about your international shipping,inquiry
What is the price for this item?,inquiry
Please batao shop open hai kya jaldi batao,inquiry
I want to know the basic package for this item?,inquiry
Query regarding business hours currently?,inquiry
Do you have any info on basic package please?,inquiry
Do you have any info on cost ?,inquiry
What is the basic package,inquiry
Query regarding return policy,inquiry
Could you explain the price currently?,inquiry
Just wondering about your discount please?,inquiry
Query regarding international shipping please?,inquiry
Just wondering about your basic package currently?,inquiry
"Sir, discount milega jaldi batao",inquiry
What is the vegan options ?,inquiry
Can you tell me the discount currently?,inquiry
Kya kitne ka hai,inquiry
What is the return policy currently?,inquiry
Please batao kitne ka hai ?,inquiry
Kya discount milega ?,inquiry
"Sir, delivery charges kitne hain jaldi batao",inquiry
Could you explain the international shipping please?,inquiry
Isko lene ke return hoga kya jaldi batao,inquiry
What is the vegan options ?,inquiry
Do you have any info on delivery time ?,inquiry
I want to know the delivery time please?,inquiry
Kya discount milega,inquiry
Query regarding vegan options please?,inquiry
Kya warranty kitni hai,inquiry
Query regarding return policy please?,inquiry
Bhai delivery charges kitne hain,inquiry
I want to know the delivery time ?,inquiry
Do you have any info on vegan options,inquiry
Query regarding delivery time please?,inquiry
Isko lene ke shop open hai kya plz?,inquiry
Can you tell me the cost for this item?,inquiry
Could you explain the international shipping please?,inquiry
How much is the warranty,inquiry
How much is the international shipping please?,inquiry
What is the discount currently?,inquiry
Do you have any info on business hours please?,inquiry
Just wondering about your discount for this item?,inquiry
Could you explain the vegan options currently?,inquiry
Can you tell me the vegan options for this item?,inquiry
Ye batana price kya hai plz?,inquiry
Could you explain the return policy please?,inquiry
Just wondering about your warranty for this item?,inquiry
Just wondering about your warranty currently?,inquiry
Ye batana price kya hai jaldi batao,inquiry
Query regarding vegan options please?,inquiry
Can you tell me the business hours for this item?,inquiry
Ye batana shop open hai kya,inquiry
Query regarding discount currently?,inquiry
Mera question hai ki delivery charges kitne hain ?,inquiry
Just wondering about your price please?,inquiry
Kya warranty kitni hai plz?,inquiry
Isko lene ke shop open hai kya jaldi batao,inquiry
Mera question hai ki shop open hai kya,inquiry
Could you explain the warranty,inquiry
Query regarding warranty,inquiry
Could you explain the basic package currently?,inquiry
Just wondering about your warranty currently?,inquiry
Mera question hai ki warranty kitni hai ?,inquiry
How much is the return policy ?,inquiry
Can you tell me the vegan options ?,inquiry
Query regarding price please?,inquiry
Just wondering about your return policy,inquiry
Query regarding discount,inquiry
Just wondering about your cost currently?,inquiry
I want to know the delivery time currently?,inquiry
Query regarding vegan options ?,inquiry
Ye batana kab tak ayega jaldi batao,inquiry
Mera question hai ki discount milega,inquiry
What is the price ?,inquiry
What is the delivery time,inquiry
Query regarding discount ?,inquiry
Can you tell me the return policy for this item?,inquiry
Please batao price kya hai plz?,inquiry
"Sir, price kya hai jaldi batao",inquiry
Mera question hai ki warranty kitni hai,inquiry
Do you have any info on cost for this item?,inquiry
How much is the cost for this item?,inquiry
Just wondering about your basic package,inquiry
Query regarding basic package currently?,inquiry
What is the cost currently?,inquiry
I want to know the warranty ?,inquiry
Could you explain the warranty ?,inquiry
Bhai warranty kitni hai plz?,inquiry
Could you explain the discount currently?,inquiry
Just wondering about your business hours please?,inquiry
How much is the price currently?,inquiry
What is the price for this item?,inquiry
Kya delivery charges kitne hain,inquiry
How much is the delivery time for this item?,inquiry
Ye batana shop open hai kya ?,inquiry
Query regarding vegan options,inquiry
What is the business hours for this item?,inquiry
I want to know the cost,inquiry
How much is the cost please?,inquiry
How much is the delivery time ?,inquiry
Kya discount milega,inquiry
Isko lene ke kab tak ayega,inquiry
"Sir, price kya hai plz?",inquiry
Kya price kya hai jaldi batao,inquiry
Just wondering about your price ?,inquiry
Query regarding discount please?,inquiry
Please batao warranty kitni hai ?,inquiry
Just wondering about your international shipping ?,inquiry
How much is the cost,inquiry
Bhai delivery charges kitne hain plz?,inquiry
Do you have any info on cost for this item?,inquiry
Ye batana warranty kitni hai,inquiry
"Sir, delivery charges kitne hain plz?",inquiry
Could you explain the international shipping please?,inquiry
Ye batana shop open hai kya ?,inquiry
Could you explain the basic package please?,inquiry
Just wondering about your vegan options,inquiry
I want to know the warranty,inquiry
Kya delivery charges kitne hain,inquiry
"Sir, price kya hai jaldi batao",inquiry
Please batao delivery charges kitne hain jaldi batao,inquiry
How much is the return policy ?,inquiry
Mera question hai ki return hoga kya plz?,inquiry
Could you explain the warranty ?,inquiry
What is the business hours,inquiry
Mera question hai ki shop open hai kya plz?,inquiry
Query regarding discount ?,inquiry
"Sir, warranty kitni hai plz?",inquiry
Query regarding cost please?,inquiry
How much is the discount for this item?,inquiry
Query regarding return policy please?,inquiry
Please batao kab tak ayega,inquiry
Bhai kitne ka hai ?,inquiry
Ye batana kab tak ayega ?,inquiry
Could you explain the basic package please?,inquiry
What is the business hours,inquiry
Do you have any info on cost for this item?,inquiry
Just wondering about your delivery time ?,inquiry
I want to know the basic package for this item?,inquiry
Do you have any info on vegan options please?,inquiry
Mera question hai ki price kya hai plz?,inquiry
I want to know the vegan options,inquiry
Could you explain the international shipping for this item?,inquiry
Can you tell me the return policy ?,inquiry
Bhai delivery charges kitne hain plz?,inquiry
Bhai shop open hai kya plz?,inquiry
Isko lene ke kab tak ayega plz?,inquiry
Do you have any info on warranty please?,inquiry
What is the business hours ?,inquiry
Just wondering about your price please?,inquiry
Just wondering about your delivery time currently?,inquiry
I want to know the business hours for this item?,inquiry
Isko lene ke discount milega ?,inquiry
Ye batana delivery charges kitne hain plz?,inquiry
Just wondering about your warranty please?,inquiry
Bhai discount milega,inquiry
Can you tell me the international shipping,inquiry
Please batao discount milega ?,inquiry
"Sir, discount milega plz?",inquiry
Isko lene ke delivery charges kitne hain plz?,inquiry
Kya shop open hai kya jaldi batao,inquiry
Can you tell me the vegan options currently?,inquiry
Ye batana shop open hai kya ?,inquiry
Do you have any info on international shipping please?,inquiry
Ye batana return hoga kya plz?,inquiry
Just wondering about your warranty ?,inquiry
What is the price currently?,inquiry
Isko lene ke shop open hai kya plz?,inquiry
Kya warranty kitni hai ?,inquiry
Query regarding return policy ?,inquiry
Can you tell me the price,inquiry
Do you have any info on discount please?,inquiry
What is the warranty for this item?,inquiry
Just wondering about your return policy,inquiry
Kya kab tak ayega,inquiry
Could you explain the discount,inquiry
Query regarding delivery time ?,inquiry
Could you explain the discount,inquiry
Please batao warranty kitni hai ?,inquiry
How much is the price ?,inquiry
I want to know the return policy ?,inquiry
Could you explain the return policy currently?,inquiry
Could you explain the basic package,inquiry
Do you have any info on warranty ?,inquiry
Can you tell me the return policy for this item?,inquiry
Can you tell me the discount for this item?,inquiry
Could you explain the return policy ?,inquiry
What is the cost,inquiry
Query regarding international shipping for this item?,inquiry
Just wondering about your return policy ?,inquiry
I want to know the warranty for this item?,inquiry
How much is the business hours for this item?,inquiry
Could you explain the basic package for this item?,inquiry
Can you tell me the international shipping for this item?,inquiry
Ye batana kitne ka hai,inquiry
Could you explain the warranty please?,inquiry
Could you explain the price currently?,inquiry
What is the discount,inquiry
Query regarding vegan options currently?,inquiry
How much is the delivery time please?,inquiry
Do you have any info on warranty please?,inquiry
Can you tell me the vegan options please?,inquiry
Do you have any info on discount for this item?,inquiry
Kya shop open hai kya plz?,inquiry
Can you tell me the business hours please?,inquiry
What is the vegan options for this item?,inquiry
Do you have any info on business hours please?,inquiry
I want to know the delivery time please?,inquiry
Query regarding return policy please?,inquiry
Query regarding business hours,inquiry
"Sir, delivery charges kitne hain plz?",inquiry
Ye batana kitne ka hai ?,inquiry
Query regarding vegan options,inquiry
Could you explain the discount,inquiry
"Sir, return hoga kya jaldi batao",inquiry
Ye batana return hoga kya ?,inquiry
Kya discount milega jaldi batao,inquiry
Just wondering about your vegan options currently?,inquiry
Mera question hai ki return hoga kya,inquiry
Bhai kitne ka hai,inquiry
Do you have any info on discount ?,inquiry
Can you tell me the vegan options currently?,inquiry
"Sir, kab tak ayega",inquiry
Isko lene ke return hoga kya plz?,inquiry
Do you have any info on discount currently?,inquiry
Do you have any info on vegan options,inquiry
Kya delivery charges kitne hain,inquiry
Ye batana kab tak ayega,inquiry
Do you have any info on discount ?,inquiry
I want to know the discount,inquiry
I want to know the international shipping,inquiry
Please batao kab tak ayega plz?,inquiry
Query regarding vegan options,inquiry
Isko lene ke kab tak ayega plz?,inquiry
How much is the discount,inquiry
Ye batana kitne ka hai ?,inquiry
Kya return hoga kya,inquiry
Bhai warranty kitni hai ?,inquiry
Please batao shop open hai kya jaldi batao,inquiry
Do you have any info on vegan options currently?,inquiry
What is the business hours for this item?,inquiry
Do you have any info on basic package please?,inquiry
How much is the business hours,inquiry
Do you have any info on international shipping currently?,inquiry
I want to know the cost please?,inquiry
Bhai return hoga kya,inquiry
Query regarding warranty currently?,inquiry
Can you tell me the warranty,inquiry
Can you tell me the delivery time,inquiry
"Sir, return hoga kya jaldi batao",inquiry
"Sir, price kya hai plz?",inquiry
How much is the price for this item?,inquiry
Kya kitne ka hai plz?,inquiry
Bhai warranty kitni hai jaldi batao,inquiry
Just wondering about your vegan options currently?,inquiry
Do you have any info on price ?,inquiry
Do you have any info on cost currently?,inquiry
Query regarding international shipping currently?,inquiry
Just wondering about your discount please?,inquiry
Mera question hai ki return hoga kya,inquiry
How much is the international shipping,inquiry
How much is the delivery time currently?,inquiry
"Sir, kab tak ayega",inquiry
Query regarding business hours for this item?,inquiry
Bhai delivery charges kitne hain plz?,inquiry
Do you have any info on return policy please?,inquiry
Bhai delivery charges kitne hain,inquiry
Just wondering about your international shipping,inquiry
I want to know the basic package currently?,inquiry
Kya return hoga kya plz?,inquiry
What is the basic package for this item?,inquiry
Isko lene ke shop open hai kya ?,inquiry
Query regarding cost for this item?,inquiry
Just wondering about your price for this item?,inquiry
Query regarding business hours,inquiry
Do you have any info on international shipping for this item?,inquiry
Just wondering about your basic package please?,inquiry
"Sir, discount milega ?",inquiry
I want to know the cost,inquiry
Mera question hai ki kitne ka hai ?,inquiry
What is the discount for this item?,inquiry
Can you tell me the business hours currently?,inquiry
"Sir, kab tak ayega",inquiry
Bhai discount milega plz?,inquiry
How much is the international shipping please?,inquiry
Just wondering about your cost for this item?,inquiry
Kya kab tak ayega,inquiry
Can you tell me the cost please?,inquiry
"Sir, return hoga kya plz?",inquiry
Please batao delivery charges kitne hain plz?,inquiry
Isko lene ke price kya hai,inquiry
Query regarding basic package please?,inquiry
What is the price ?,inquiry
Can you tell me the discount please?,inquiry
Can you tell me the discount for this item?,inquiry
Just wondering about your vegan options please?,inquiry
How much is the discount for this item?,inquiry
Query regarding delivery time ?,inquiry
I want to know the return policy currently?,inquiry
Kya delivery charges kitne hain plz?,inquiry
Could you explain the basic package currently?,inquiry
Query regarding cost ?,inquiry
Isko lene ke kab tak ayega plz?,inquiry
Could you explain the discount ?,inquiry
Isko lene ke warranty kitni hai ?,inquiry
Do you have any info on return policy please?,inquiry
Mera question hai ki shop open hai kya plz?,inquiry
How much is the delivery time,inquiry
Can you tell me the cost ?,inquiry
What is the cost ?,inquiry
Mera question hai ki shop open hai kya,inquiry
Do you have any info on price currently?,inquiry
Can you tell me the warranty,inquiry
Could you explain the vegan options for this item?,inquiry
How much is the vegan options ?,inquiry
Just wondering about your discount currently?,inquiry
What is the vegan options for this item?,inquiry
Ye batana kitne ka hai jaldi batao,inquiry
"Sir, discount milega ?",inquiry
How much is the return policy,inquiry
Please batao kab tak ayega plz?,inquiry
Please batao return hoga kya ?,inquiry
I want to know the basic package please?,inquiry
Ye batana kitne ka hai jaldi batao,inquiry
How much is the basic package please?,inquiry
Could you explain the basic package for this item?,inquiry
How much is the international shipping for this item?,inquiry
How much is the international shipping for this item?,inquiry
Just wondering about your discount ?,inquiry
Kya return hoga kya plz?,inquiry
Do you have any info on basic package please?,inquiry
I want to know the business hours currently?,inquiry
How much is the international shipping,inquiry
Isko lene ke discount milega ?,inquiry
"Sir, warranty kitni hai ?",inquiry
Can you tell me the basic package please?,inquiry
Mera question hai ki warranty kitni hai jaldi batao,inquiry
Kya discount milega jaldi batao,inquiry
Can you tell me the vegan options for this item?,inquiry
What is the discount,inquiry
What is the cost,inquiry
Ye batana discount milega jaldi batao,inquiry
Just wondering about your price for this item?,inquiry
Do you have any info on return policy currently?,inquiry
Mera question hai ki delivery charges kitne hain plz?,inquiry
Can you tell me the price currently?,inquiry
Kya price kya hai ?,inquiry
Do you have any info on cost,inquiry
Do you have any info on vegan options,inquiry
Bhai warranty kitni hai ?,inquiry
Query regarding warranty currently?,inquiry
Do you have any info on business hours ?,inquiry
I want to know the delivery time currently?,inquiry
Just wondering about your business hours currently?,inquiry
Just wondering about your discount,inquiry
Do you have any info on vegan options ?,inquiry
How much is the return policy please?,inquiry
I want to know the business hours ?,inquiry
Query regarding warranty currently?,inquiry
Query regarding delivery time ?,inquiry
Please batao price kya hai ?,inquiry
I want to know the basic package currently?,inquiry
Just wondering about your delivery time for this item?,inquiry
Do you have any info on cost please?,inquiry
Just wondering about your discount ?,inquiry
How much is the warranty for this item?,inquiry
Mera question hai ki discount milega jaldi batao,inquiry
Query regarding price,inquiry
Ye batana kitne ka hai,inquiry
Can you tell me the return policy ?,inquiry
Just wondering about your price ?,inquiry
Kya warranty kitni hai jaldi batao,inquiry
Can you tell me the international shipping for this item?,inquiry
Ye batana delivery charges kitne hain ?,inquiry
Mera question hai ki shop open hai kya plz?,inquiry
Mera question hai ki shop open hai kya plz?,inquiry
Bhai shop open hai kya jaldi batao,inquiry
Do you have any info on discount ?,inquiry
What is the basic package for this item?,inquiry
Please batao delivery charges kitne hain,inquiry
Can you tell me the cost ?,inquiry
Do you have any info on discount,inquiry
Ye batana warranty kitni hai jaldi batao,inquiry
Mera question hai ki kitne ka hai,inquiry
What is the basic package for this item?,inquiry
Query regarding basic package ?,inquiry
"Sir, price kya hai jaldi batao",inquiry
Could you explain the discount,inquiry
What is the vegan options currently?,inquiry
How much is the delivery time,inquiry
Bhai shop open hai kya plz?,inquiry
Do you have any info on discount currently?,inquiry
Just wondering about your business hours,inquiry
Do you have any info on discount currently?,inquiry
Ye batana delivery charges kitne hain plz?,inquiry
Do you have any info on delivery time currently?,inquiry
Mera question hai ki kitne ka hai,inquiry
"Sir, price kya hai jaldi batao",inquiry
Could you explain the vegan options ?,inquiry
What is the return policy currently?,inquiry
Isko lene ke return hoga kya,inquiry
Bhai price kya hai,inquiry
Ye batana shop open hai kya plz?,inquiry
Query regarding price please?,inquiry
What is the international shipping for this item?,inquiry
Do you have any info on basic package ?,inquiry
I want to know the cost ?,inquiry
What is the vegan options currently?,inquiry
Mera question hai ki delivery charges kitne hain plz?,inquiry
"Sir, kab tak ayega ?",inquiry
Query regarding international shipping,inquiry
Could you explain the warranty for this item?,inquiry
Can you tell me the price please?,inquiry
Just wondering about your business hours ?,inquiry
Please batao price kya hai,inquiry
Could you explain the return policy for this item?,inquiry
Can you tell me the vegan options currently?,inquiry
Could you explain the warranty ?,inquiry
Please batao kitne ka hai,inquiry
What is the cost for this item?,inquiry
Can you tell me the business hours,inquiry
I want to know the cost for this item?,inquiry
Query regarding business hours,inquiry
Can you tell me the discount,inquiry
Do you have any info on warranty for this item?,inquiry
"Sir, kab tak ayega ?",inquiry
Could you explain the delivery time for this item?,inquiry
Ye batana kitne ka hai plz?,inquiry
Just wondering about your price currently?,inquiry
"Sir, price kya hai jaldi batao",inquiry
Please batao kab tak ayega plz?,inquiry
How much is the delivery time for this item?,inquiry
Can you tell me the price currently?,inquiry
Can you tell me the discount ?,inquiry
Isko lene ke shop open hai kya jaldi batao,inquiry
Can you tell me the basic package please?,inquiry
Just wondering about your cost,inquiry
Mera question hai ki delivery charges kitne hain,inquiry
Bhai discount milega ?,inquiry
I want to know the basic package for this item?,inquiry
Do you have any info on return policy,inquiry
Query regarding basic package currently?,inquiry
I want to know the vegan options please?,inquiry
Ye batana delivery charges kitne hain jaldi batao,inquiry
How much is the business hours ?,inquiry
Kya price kya hai ?,inquiry
Bhai kitne ka hai,inquiry
Can you tell me the return policy currently?,inquiry
I want to know the price,inquiry
How much is the basic package for this item?,inquiry
Could you explain the international shipping for this item?,inquiry
Bhai price kya hai plz?,inquiry
Bhai kitne ka hai plz?,inquiry
Just wondering about your vegan options currently?,inquiry
How much is the international shipping please?,inquiry
Ye batana kab tak ayega ?,inquiry
Do you have any info on basic package please?,inquiry
Can you tell me the discount ?,inquiry
Please batao return hoga kya,inquiry
What is the cost currently?,inquiry
Isko lene ke discount milega jaldi batao,inquiry
Do you have any info on vegan options ?,inquiry
Kya shop open hai kya,inquiry
Mera question hai ki kab tak ayega ?,inquiry
Kya delivery charges kitne hain jaldi batao,inquiry
What is the warranty ?,inquiry
Isko lene ke return hoga kya ?,inquiry
Query regarding basic package currently?,inquiry
Mera question hai ki kitne ka hai ?,inquiry
Do you have any info on business hours,inquiry
Isko lene ke return hoga kya ?,inquiry
Please batao kitne ka hai,inquiry
How much is the cost,inquiry
Could you explain the business hours please?,inquiry
Can you tell me the delivery time please?,inquiry
Kya kab tak ayega ?,inquiry
How much is the discount,inquiry
Bhai discount milega jaldi batao,inquiry
Bhai price kya hai,inquiry
Ye batana delivery charges kitne hain jaldi batao,inquiry
Query regarding business hours currently?,inquiry
I want to know the return policy please?,inquiry
How much is the delivery time ?,inquiry
Kya warranty kitni hai jaldi batao,inquiry
I want to know the delivery time currently?,inquiry
Just wondering about your discount please?,inquiry
Kya discount milega,inquiry
"Sir, shop open hai kya jaldi batao",inquiry
What is the cost currently?,inquiry
Can you tell me the delivery time ?,inquiry
Can you tell me the delivery time,inquiry
Do you have any info on warranty for this item?,inquiry
I want to know the international shipping please?,inquiry
Could you explain the warranty please?,inquiry
I want to know the return policy ?,inquiry
What is the delivery time,inquiry
Can you tell me the cost currently?,inquiry
Isko lene ke delivery charges kitne hain plz?,inquiry
Kya kab tak ayega plz?,inquiry
"Sir, delivery charges kitne hain plz?",inquiry
Mera question hai ki price kya hai plz?,inquiry
Query regarding basic package for this item?,inquiry
Ye batana kab tak ayega plz?,inquiry
Can you tell me the return policy,inquiry
Please batao kitne ka hai jaldi batao,inquiry
Can you tell me the vegan options please?,inquiry
Kya kab tak ayega plz?,inquiry
Isko lene ke price kya hai plz?,inquiry
Query regarding price for this item?,inquiry
Mera question hai ki kab tak ayega,inquiry
Please batao warranty kitni hai,inquiry
Ye batana price kya hai jaldi batao,inquiry
Could you explain the cost for this item?,inquiry
Do you have any info on discount please?,inquiry
Isko lene ke delivery charges kitne hain ?,inquiry
Query regarding basic package for this item?,inquiry
Isko lene ke return hoga kya,inquiry
Could you explain the return policy currently?,inquiry
Do you have any info on business hours please?,inquiry
Isko lene ke price kya hai,inquiry
Bhai discount milega ?,inquiry
How much is the price please?,inquiry
I want to know the price please?,inquiry
What is the basic package please?,inquiry
Bhai shop open hai kya ?,inquiry
How much is the international shipping for this item?,inquiry
How much is the cost currently?,inquiry
What is the international shipping currently?,inquiry
Mera question hai ki kitne ka hai ?,inquiry
Could you explain the business hours ?,inquiry
Do you have any info on return policy,inquiry
Just wondering about your cost please?,inquiry
Isko lene ke discount milega,inquiry
Query regarding vegan options ?,inquiry
I want to know the delivery time please?,inquiry
Just wondering about your cost currently?,inquiry
Can you tell me the international shipping,inquiry
Bhai return hoga kya,inquiry
I want to know the international shipping please?,inquiry
Kya price kya hai plz?,inquiry
Isko lene ke kab tak ayega plz?,inquiry
Ye batana return hoga kya jaldi batao,inquiry
Can you tell me the delivery time,inquiry
What is the basic package ?,inquiry
Query regarding cost please?,inquiry
Could you explain the cost please?,inquiry
Do you have any info on warranty for this item?,inquiry
Please batao warranty kitni hai,inquiry
Can you tell me the discount currently?,inquiry
Query regarding basic package,inquiry
Isko lene ke shop open hai kya jaldi batao,inquiry
Kya return hoga kya jaldi batao,inquiry
Could you explain the business hours please?,inquiry
Ye batana kitne ka hai ?,inquiry
Isko lene ke kitne ka hai ?,inquiry
Query regarding cost for this item?,inquiry
Just wondering about your return policy please?,inquiry
Isko lene ke delivery charges kitne hain jaldi batao,inquiry
Just wondering about your cost please?,inquiry
Do you have any info on return policy currently?,inquiry
"Sir, warranty kitni hai jaldi batao",inquiry
Bhai shop open hai kya,inquiry
Bhai delivery charges kitne hain jaldi batao,inquiry
Just wondering about your international shipping currently?,inquiry
What is the price currently?,inquiry
Mera question hai ki price kya hai,inquiry
"Sir, return hoga kya jaldi batao",inquiry
Just wondering about your price ?,inquiry
Query regarding price for this item?,inquiry
Isko lene ke shop open hai kya,inquiry
How much is the return policy for this item?,inquiry
Kya delivery charges kitne hain plz?,inquiry
How much is the basic package,inquiry
Query regarding discount,inquiry
Mera question hai ki kitne ka hai jaldi batao,inquiry
Can you tell me the cost please?,inquiry
Just wondering about your vegan options for this item?,inquiry
Mera question hai ki kitne ka hai,inquiry
Can you tell me the price ?,inquiry
Do you have any info on international shipping please?,inquiry
Bhai return hoga kya jaldi batao,inquiry
Kya kitne ka hai ?,inquiry
I want to know the delivery time ?,inquiry
What is the return policy,inquiry
How much is the international shipping,inquiry
I want to know the business hours,inquiry
Ye batana price kya hai jaldi batao,inquiry
Please batao warranty kitni hai,inquiry
Query regarding discount for this item?,inquiry
How much is the return policy,inquiry
Can you tell me the price currently?,inquiry
Query regarding discount,inquiry
Ye batana delivery charges kitne hain jaldi batao,inquiry
Can you tell me the international shipping currently?,inquiry
I want to know the return policy ?,inquiry
Ye batana discount milega plz?,inquiry
Query regarding business hours,inquiry
Just wondering about your cost ?,inquiry
What is the international shipping,inquiry
Just wondering about your international shipping currently?,inquiry
Could you explain the discount currently?,inquiry
Just wondering about your vegan options for this item?,inquiry
"Sir, delivery charges kitne hain ?",inquiry
Do you have any info on vegan options ?,inquiry
Mera question hai ki warranty kitni hai plz?,inquiry
What is the return policy for this item?,inquiry
What is the vegan options,inquiry
Bhai delivery charges kitne hain,inquiry
What is the warranty please?,inquiry
Can you tell me the return policy for this item?,inquiry
"Sir, kitne ka hai",inquiry
Kya discount milega ?,inquiry
Do you have any info on international shipping please?,inquiry
Kya shop open hai kya,inquiry
Please batao discount milega plz?,inquiry
Can you tell me the discount currently?,inquiry
Query regarding delivery time please?,inquiry
Isko lene ke discount milega plz?,inquiry
What is the return policy for this item?,inquiry
Can you tell me the international shipping for this item?,inquiry
Kya kitne ka hai,inquiry
Do you have any info on discount,inquiry
Isko lene ke return hoga kya ?,inquiry
What is the warranty for this item?,inquiry
Ye batana kitne ka hai plz?,inquiry
Can you tell me the vegan options please?,inquiry
I want to know the cost currently?,inquiry
What is the vegan options please?,inquiry
Could you explain the discount please?,inquiry
Bhai warranty kitni hai,inquiry
Do you have any info on vegan options,inquiry
I want to know the cost please?,inquiry
Query regarding business hours for this item?,inquiry
"Sir, return hoga kya jaldi batao",inquiry
Can you tell me the business hours please?,inquiry
Just wondering about your delivery time ?,inquiry
"Sir, price kya hai jaldi batao",inquiry
I want to know the international shipping currently?,inquiry
"Sir, kitne ka hai plz?",inquiry
Do you have any info on business hours ?,inquiry
"Sir, kab tak ayega jaldi batao",inquiry
Mera question hai ki shop open hai kya ?,inquiry
Kya shop open hai kya,inquiry
How much is the price currently?,inquiry
Mera question hai ki discount milega ?,inquiry
Query regarding cost,inquiry
Can you tell me the international shipping ?,inquiry
"Sir, delivery charges kitne hain plz?",inquiry
Bhai warranty kitni hai jaldi batao,inquiry
Bhai return hoga kya ?,inquiry
Query regarding return policy ?,inquiry
How much is the cost,inquiry
Can you tell me the warranty ?,inquiry
Can you tell me the international shipping for this item?,inquiry
Do you have any info on cost,inquiry
Ye batana price kya hai jaldi batao,inquiry
Just wondering about your basic package ?,inquiry
Do you have any info on return policy for this item?,inquiry
Isko lene ke discount milega plz?,inquiry
What is the warranty ?,inquiry
Can you tell me the delivery time currently?,inquiry
Please batao price kya hai ?,inquiry
Query regarding vegan options currently?,inquiry
Bhai shop open hai kya plz?,inquiry
What is the cost,inquiry
Just wondering about your price for this item?,inquiry
What is the price for this item?,inquiry
I want to know the delivery time please?,inquiry
Can you tell me the cost ?,inquiry
Kya kitne ka hai jaldi batao,inquiry
Please batao delivery charges kitne hain plz?,inquiry
Do you have any info on cost,inquiry
"Sir, kitne ka hai",inquiry
Bhai discount milega jaldi batao,inquiry
Ye batana price kya hai ?,inquiry
I want to know the warranty for this item?,inquiry
Query regarding basic package,inquiry
Just wondering about your warranty please?,inquiry
Do you have any info on cost currently?,inquiry
Isko lene ke delivery charges kitne hain plz?,inquiry
Query regarding vegan options ?,inquiry
What is the return policy for this item?,inquiry
I want to know the delivery time currently?,inquiry
Just wondering about your delivery time please?,inquiry
Mera question hai ki price kya hai ?,inquiry
Query regarding discount please?,inquiry
Bhai delivery charges kitne hain ?,inquiry
How much is the business hours currently?,inquiry
What is the price currently?,inquiry
I want to know the basic package currently?,inquiry
Can you tell me the return policy for this item?,inquiry
Just wondering about your vegan options ?,inquiry
Can you tell me the cost,inquiry
How much is the warranty ?,inquiry
Bhai kab tak ayega jaldi batao,inquiry
Just wondering about your international shipping please?,inquiry
I want to know the international shipping please?,inquiry
Bhai discount milega ?,inquiry
Kya kab tak ayega,inquiry
Could you explain the return policy currently?,inquiry
I want to know the return policy ?,inquiry
"Sir, price kya hai plz?",inquiry
Kya delivery charges kitne hain,inquiry
Mera question hai ki return hoga kya ?,inquiry
Do you have any info on basic package please?,inquiry
I want to know the delivery time ?,inquiry
Kya discount milega jaldi batao,inquiry
What is the warranty please?,inquiry
Kya price kya hai jaldi batao,inquiry
Could you explain the warranty currently?,inquiry
Do you have any info on return policy please?,inquiry
How much is the cost for this item?,inquiry
"Sir, kitne ka hai jaldi batao",inquiry
Bhai kab tak ayega plz?,inquiry
What is the warranty currently?,inquiry
Ye batana warranty kitni hai jaldi batao,inquiry
Isko lene ke discount milega plz?,inquiry
I want to know the cost,inquiry
Bhai delivery charges kitne hain jaldi batao,inquiry
Just wondering about your price currently?,inquiry
Can you tell me the return policy currently?,inquiry
Please batao warranty kitni hai jaldi batao,inquiry
Ye batana discount milega jaldi batao,inquiry
Query regarding business hours,inquiry
How much is the price for this item?,inquiry
I want to know the return policy,inquiry
Kya shop open hai kya jaldi batao,inquiry
How much is the price for this item?,inquiry
Bhai shop open hai kya jaldi batao,inquiry
How much is the price for this item?,inquiry
Can you tell me the delivery time please?,inquiry
Ye batana warranty kitni hai ?,inquiry
Please batao return hoga kya jaldi batao,inquiry
How much is the vegan options,inquiry
I want to know the international shipping currently?,inquiry
Do you have any info on discount for this item?,inquiry
Just wondering about your price currently?,inquiry
Please batao delivery charges kitne hain,inquiry
Can you tell me the discount ?,inquiry
Isko lene ke discount milega,inquiry
Do you have any info on vegan options for this item?,inquiry
How much is the discount please?,inquiry
Can you tell me the international shipping ?,inquiry
Ye batana discount milega plz?,inquiry
Query regarding discount,inquiry
Mera question hai ki discount milega ?,inquiry
I want to know the warranty please?,inquiry
Can you tell me the warranty,inquiry
Kya warranty kitni hai,inquiry
What is the international shipping currently?,inquiry
Can you tell me the international shipping ?,inquiry
Please batao price kya hai,inquiry
Do you have any info on international shipping please?,inquiry
I want to know the cost please?,inquiry
How much is the delivery time,inquiry
Please batao delivery charges kitne hain plz?,inquiry
Query regarding warranty please?,inquiry
Bhai warranty kitni hai ?,inquiry
Query regarding basic package for this item?,inquiry
Query regarding vegan options please?,inquiry
I want to know the cost please?,inquiry
Mera question hai ki return hoga kya plz?,inquiry
Please batao kitne ka hai plz?,inquiry
Can you tell me the price for this item?,inquiry
Please batao kitne ka hai jaldi batao,inquiry
Just wondering about your cost ?,inquiry
Mera question hai ki warranty kitni hai plz?,inquiry
Query regarding business hours,inquiry
"Sir, delivery charges kitne hain jaldi batao",inquiry
Could you explain the return policy,inquiry
Ye batana shop open hai kya,inquiry
Ye batana delivery charges kitne hain,inquiry
Could you explain the price for this item?,inquiry
How much is the price,inquiry
Query regarding delivery time please?,inquiry
Please batao warranty kitni hai ?,inquiry
Query regarding business hours,inquiry
Can you tell me the discount currently?,inquiry
Query regarding cost currently?,inquiry
What is the price for this item?,inquiry
Mera question hai ki discount milega,inquiry
What is the return policy,inquiry
Do you have any info on discount for this item?,inquiry
Bhai return hoga kya,inquiry
What is the return policy ?,inquiry
Just wondering about your vegan options please?,inquiry
Do you have any info on basic package,inquiry
"Sir, price kya hai plz?",inquiry
"Sir, discount milega ?",inquiry
Do you have any info on vegan options currently?,inquiry
Could you explain the price ?,inquiry
Just wondering about your basic package for this item?,inquiry
What is the cost currently?,inquiry
Ye batana delivery charges kitne hain ?,inquiry
Mera question hai ki price kya hai ?,inquiry
Can you tell me the vegan options currently?,inquiry
Could you explain the vegan options,inquiry
Kya kitne ka hai ?,inquiry
Can you tell me the cost please?,inquiry
Do you have any info on basic package,inquiry
Could you explain the discount ?,inquiry
Ye batana kitne ka hai jaldi batao,inquiry
Please batao kitne ka hai,inquiry
Bhai price kya hai jaldi batao,inquiry
What is the business hours ?,inquiry
Do you have any info on vegan options for this item?,inquiry
Bhai discount milega plz?,inquiry
Please batao discount milega plz?,inquiry
Do you have any info on price currently?,inquiry
Bhai warranty kitni hai ?,inquiry
How much is the vegan options please?,inquiry
Do you have any info on international shipping,inquiry
Query regarding basic package ?,inquiry
Please batao kab tak ayega ?,inquiry
What is the discount,inquiry
Please batao warranty kitni hai plz?,inquiry
How much is the cost currently?,inquiry
What is the return policy ?,inquiry
Do you have any info on business hours ?,inquiry
Could you explain the business hours for this item?,inquiry
Isko lene ke warranty kitni hai jaldi batao,inquiry
Just wondering about your international shipping for this item?,inquiry
Bhai warranty kitni hai,inquiry
Bhai delivery charges kitne hain,inquiry
Can you tell me the price ?,inquiry
Please batao shop open hai kya plz?,inquiry
Ye batana delivery charges kitne hain,inquiry
What is the vegan options,inquiry
Isko lene ke warranty kitni hai plz?,inquiry
Kya shop open hai kya ?,inquiry
Please batao delivery charges kitne hain jaldi batao,inquiry
Can you tell me the business hours,inquiry
How much is the warranty for this item?,inquiry
Query regarding international shipping please?,inquiry
How much is the warranty for this item?,inquiry
I want to know the cost,inquiry
Just wondering about your basic package for this item?,inquiry
What is the discount please?,inquiry
Ye batana kab tak ayega jaldi batao,inquiry
I want to know the warranty currently?,inquiry
Mera question hai ki shop open hai kya ?,inquiry
I want to know the basic package for this item?,inquiry
Can you tell me the return policy ?,inquiry
Do you have any info on basic package for this item?,inquiry
Isko lene ke delivery charges kitne hain jaldi batao,inquiry
Query regarding delivery time please?,inquiry
Mera question hai ki kitne ka hai jaldi batao,inquiry
I want to know the vegan options ?,inquiry
Bhai price kya hai ?,inquiry
I want to know the discount ?,inquiry
How much is the return policy ?,inquiry
Could you explain the business hours please?,inquiry
Kya delivery charges kitne hain ?,inquiry
Could you explain the return policy currently?,inquiry
What is the international shipping,inquiry
How much is the business hours ?,inquiry
Just wondering about your price for this item?,inquiry
Just wondering about your warranty for this item?,inquiry
Can you tell me the warranty please?,inquiry
Ye batana kab tak ayega jaldi batao,inquiry
Kya shop open hai kya,inquiry
Just wondering about your vegan options currently?,inquiry
Could you explain the vegan options currently?,inquiry
Query regarding international shipping currently?,inquiry
"Sir, price kya hai",inquiry
Isko lene ke warranty kitni hai plz?,inquiry
"Sir, kab tak ayega ?",inquiry
Isko lene ke delivery charges kitne hain,inquiry
What is the discount ?,inquiry
Please batao warranty kitni hai ?,inquiry
Do you have any info on international shipping ?,inquiry
Can you tell me the price ?,inquiry
Isko lene ke price kya hai ?,inquiry
Could you explain the warranty,inquiry
Mera question hai ki kitne ka hai ?,inquiry
Can you tell me the business hours for this item?,inquiry
Could you explain the return policy currently?,inquiry
Ye batana price kya hai jaldi batao,inquiry
Just wondering about your cost,inquiry
Please batao discount milega plz?,inquiry
Just wondering about your return policy,inquiry
Query regarding discount please?,inquiry
Could you explain the vegan options currently?,inquiry
Mera question hai ki return hoga kya plz?,inquiry
Just wondering about your international shipping currently?,inquiry
Can you tell me the vegan options currently?,inquiry
How much is the business hours please?,inquiry
Do you have any info on warranty please?,inquiry
Kya price kya hai jaldi batao,inquiry
Could you explain the vegan options please?,inquiry
What is the international shipping,inquiry
Please batao return hoga kya,inquiry
I want to know the discount,inquiry
Isko lene ke warranty kitni hai,inquiry
Kya price kya hai jaldi batao,inquiry
Do you have any info on cost please?,inquiry
How much is the delivery time for this item?,inquiry
Kya price kya hai,inquiry
How much is the price for this item?,inquiry
Query regarding return policy ?,inquiry
Ye batana price kya hai jaldi batao,inquiry
"Sir, warranty kitni hai plz?",inquiry
Do you have any info on warranty currently?,inquiry
Could you explain the international shipping,inquiry
Can you tell me the vegan options currently?,inquiry
Bhai warranty kitni hai ?,inquiry
I want to know the cost currently?,inquiry
Could you explain the delivery time currently?,inquiry
Just wondering about your price currently?,inquiry
Mera question hai ki return hoga kya plz?,inquiry
Bhai discount milega ?,inquiry
What is the warranty,inquiry
How much is the return policy ?,inquiry
Do you have any info on vegan options,inquiry
I want to know the price for this item?,inquiry
Isko lene ke discount milega ?,inquiry
Ye batana return hoga kya ?,inquiry
Could you explain the warranty currently?,inquiry
Mera question hai ki return hoga kya,inquiry
"Sir, delivery charges kitne hain",inquiry
Ye batana price kya hai ?,inquiry
Kya return hoga kya,inquiry
Can you tell me the basic package ?,inquiry
I want to know the basic package for this item?,inquiry
What is the warranty ?,inquiry
Could you explain the basic package currently?,inquiry
Can you tell me the warranty for this item?,inquiry
Could you explain the delivery time currently?,inquiry
I want to know the business hours ?,inquiry
Query regarding price ?,inquiry
What is the return policy please?,inquiry
Could you explain the basic package currently?,inquiry
How much is the delivery time,inquiry
How much is the vegan options currently?,inquiry
Just wondering about your international shipping please?,inquiry
I want to know the price please?,inquiry
Could you explain the international shipping for this item?,inquiry
Isko lene ke return hoga kya jaldi batao,inquiry
Do you have any info on price currently?,inquiry
Just wondering about your delivery time please?,inquiry
Can you tell me the discount ?,inquiry
Do you have any info on international shipping ?,inquiry
Could you explain the basic package,inquiry
What is the price currently?,inquiry
Ye batana warranty kitni hai ?,inquiry
Mera question hai ki discount milega ?,inquiry
How much is the cost please?,inquiry
Ye batana kab tak ayega ?,inquiry
Do you have any info on basic package ?,inquiry
Could you explain the vegan options ?,inquiry
Isko lene ke warranty kitni hai plz?,inquiry
Mera question hai ki discount milega,inquiry
Query regarding cost for this item?,inquiry
Can you tell me the discount please?,inquiry
Query regarding price currently?,inquiry
Isko lene ke kitne ka hai plz?,inquiry
Do you have any info on warranty ?,inquiry
Kya warranty kitni hai jaldi batao,inquiry
Ye batana delivery charges kitne hain ?,inquiry
Isko lene ke price kya hai plz?,inquiry
Can you tell me the international shipping currently?,inquiry
Just wondering about your discount for this item?,inquiry
Could you explain the discount currently?,inquiry
Do you have any info on price ?,inquiry
"Sir, warranty kitni hai ?",inquiry
Do you have any info on warranty for this item?,inquiry
Can you tell me the cost currently?,inquiry
What is the vegan options,inquiry
Kya price kya hai ?,inquiry
Query regarding delivery time,inquiry
I want to know the international shipping for this item?,inquiry
Isko lene ke shop open hai kya,inquiry
Could you explain the return policy for this item?,inquiry
What is the delivery time,inquiry
Just wondering about your international shipping ?,inquiry
Do you have any info on warranty currently?,inquiry
Kya discount milega,inquiry
Can you tell me the price,inquiry
Just wondering about your business hours,inquiry
I want to know the return policy please?,inquiry
Could you explain the basic package for this item?,inquiry
Query regarding warranty currently?,inquiry
Isko lene ke warranty kitni hai ?,inquiry
Isko lene ke kitne ka hai jaldi batao,inquiry
How much is the warranty ?,inquiry
Can you tell me the discount currently?,inquiry
Please batao kitne ka hai ?,inquiry
How much is the vegan options ?,inquiry
How much is the vegan options currently?,inquiry
Could you explain the warranty currently?,inquiry
How much is the business hours,inquiry
Mera question hai ki discount milega plz?,inquiry
Please batao discount milega plz?,inquiry
Can you tell me the price,inquiry
Ye batana shop open hai kya jaldi batao,inquiry
Do you have any info on warranty currently?,inquiry
Mera question hai ki delivery charges kitne hain,inquiry
"Sir, kitne ka hai plz?",inquiry
Could you explain the vegan options ?,inquiry
"Sir, kitne ka hai jaldi batao",inquiry
Mera question hai ki return hoga kya plz?,inquiry
Do you have any info on delivery time,inquiry
Please batao warranty kitni hai,inquiry
Can you tell me the international shipping currently?,inquiry
Query regarding business hours please?,inquiry
Can you tell me the price for this item?,inquiry
I want to know the warranty,inquiry
Do you have any info on basic package please?,inquiry
Please batao return hoga kya plz?,inquiry
Mera question hai ki shop open hai kya,inquiry
What is the discount please?,inquiry
Mera question hai ki kitne ka hai,inquiry
Bhai kitne ka hai,inquiry
Can you tell me the cost ?,inquiry
Do you have any info on cost ?,inquiry
Isko lene ke kab tak ayega jaldi batao,inquiry
Do you have any info on cost for this item?,inquiry
Just wondering about your basic package please?,inquiry
Ye batana kab tak ayega,inquiry
Bhai kitne ka hai,inquiry
Can you tell me the international shipping ?,inquiry
I want to know the business hours please?,inquiry
How much is the international shipping for this item?,inquiry
Just wondering about your basic package ?,inquiry
What is the warranty please?,inquiry
"Sir, discount milega",inquiry
"Sir, delivery charges kitne hain ?",inquiry
Could you explain the international shipping,inquiry
Just wondering about your basic package for this item?,inquiry
Do you have any info on international shipping,inquiry
What is the business hours please?,inquiry
What is the price please?,inquiry
Could you explain the delivery time for this item?,inquiry
Mera question hai ki kitne ka hai ?,inquiry
"Sir, delivery charges kitne hain ?",inquiry
Do you have any info on discount,inquiry
Kya kitne ka hai,inquiry
Please batao warranty kitni hai plz?,inquiry
Do you have any info on delivery time ?,inquiry
Just wondering about your cost please?,inquiry
Kya warranty kitni hai plz?,inquiry
Could you explain the price currently?,inquiry
Can you tell me the return policy,inquiry
Could you explain the return policy currently?,inquiry
Mera question hai ki warranty kitni hai ?,inquiry
What is the discount please?,inquiry
Bhai price kya hai plz?,inquiry
Query regarding delivery time currently?,inquiry
Query regarding price currently?,inquiry
Please batao return hoga kya plz?,inquiry
Query regarding discount please?,inquiry
Do you have any info on basic package currently?,inquiry
Ye batana price kya hai plz?,inquiry
Can you tell me the return policy,inquiry
Just wondering about your business hours,inquiry
Query regarding cost for this item?,inquiry
"Sir, warranty kitni hai",inquiry
I want to know the price please?,inquiry
What is the international shipping please?,inquiry
Could you explain the basic package,inquiry
Please batao shop open hai kya ?,inquiry
Can you tell me the vegan options,inquiry
I want to know the price please?,inquiry
Could you explain the return policy ?,inquiry
What a terrible the product Fix this.,complaint
Bhai maine late product bhej diya !,complaint
I feel awful my recent order I want a refund.,complaint
I feel terrible customer support Fix this.,complaint
What a very angry about customer support Fix this.,complaint
Bhai maine faltu khana tha Mood kharab kar diya.,complaint
What a very disappointed with customer support,complaint
Kya bakwas ghatiya product bhej diya Aisa thodi hota hai.,complaint
I am unacceptable the quality,complaint
This is very disappointed with the product It was broken.,complaint
Kya bakwas bekar delivery kiya hai !,complaint
What a frustrated by my recent order Never again.,complaint
Ekdam faltu khana tha Refund chahiye.,complaint
Ekdam ghatiya delivery kiya hai Kaun khayega yeh?,complaint
Absolutely frustrated by customer support,complaint
I feel worst the quality !,complaint
Bahut hi bekar service hai !,complaint
Bahut hi bekar order tha Kaun khayega yeh?,complaint
This is very disappointed with the quality Never again.,complaint
Absolutely worst my recent order,complaint
Ekdam ghatiya service hai Aisa thodi hota hai.,complaint
This is terrible my recent order Never again.,complaint
What a very angry about experience It was broken.,complaint
I feel very disappointed with my recent order Fix this.,complaint
What a awful the delivery !,complaint
I feel horrible customer support !,complaint
Bhai maine late delivery kiya hai Kaun khayega yeh?,complaint
This is very disappointed with customer support Late by 3 days.,complaint
I am worst service Never again.,complaint
I am awful customer support Fix this.,complaint
I am unacceptable customer support,complaint
Bhai maine kharaab service hai Paisa wapas karo.,complaint
Absolutely horrible my recent order It was broken.,complaint
Ekdam ghatiya khana tha Mood kharab kar diya.,complaint
What a very angry about the quality Late by 3 days.,complaint
What a frustrated by service Fix this.,complaint
Absolutely terrible experience Never again.,complaint
Kya bakwas bekar product bhej diya Paisa wapas karo.,complaint
This is very angry about the quality I want a refund.,complaint
What a unacceptable customer support Never again.,complaint
This is awful the product Never again.,complaint
Ekdam bekar product bhej diya Mood kharab kar diya.,complaint
Bhai maine damage product bhej diya Kaun khayega yeh?,complaint
What a horrible customer support,complaint
I feel unacceptable experience Fix this.,complaint
I feel very disappointed with experience !,complaint
Ekdam bekar delivery kiya hai Aisa thodi hota hai.,complaint
Bhai maine ghatiya delivery kiya hai Kaun khayega yeh?,complaint
Absolutely unacceptable customer support Never again.,complaint
Kya bakwas ghatiya delivery kiya hai Refund chahiye.,complaint
I feel horrible customer support Late by 3 days.,complaint
Bahut hi kharaab order tha Aisa thodi hota hai.,complaint
This is worst the quality Late by 3 days.,complaint
Ekdam bekar order tha Mood kharab kar diya.,complaint
I am awful customer support Late by 3 days.,complaint
Ekdam damage order tha Aisa thodi hota hai.,complaint
I am terrible the delivery Never again.,complaint
I am very disappointed with experience It was broken.,complaint
This is frustrated by the delivery Never again.,complaint
This is frustrated by the quality Never again.,complaint
This is awful the quality !,complaint
Bahut hi bekar delivery kiya hai Mood kharab kar diya.,complaint
Kya bakwas late delivery kiya hai !,complaint
This is awful the product Late by 3 days.,complaint
Kya bakwas kharaab delivery kiya hai Mood kharab kar diya.,complaint
Kya bakwas bekar khana tha Refund chahiye.,complaint
This is unacceptable the product Fix this.,complaint
This is very angry about the delivery !,complaint
Kya bakwas damage order tha Kaun khayega yeh?,complaint
What a very disappointed with customer support Late by 3 days.,complaint
This is horrible the product Never again.,complaint
This is very angry about customer support It was broken.,complaint
I am very angry about my recent order Fix this.,complaint
This is horrible customer support !,complaint
Absolutely very angry about customer support Late by 3 days.,complaint
Kya bakwas bekar product bhej diya !,complaint
Kya bakwas late order tha Refund chahiye.,complaint
Bhai maine damage order tha Paisa wapas karo.,complaint
I am horrible customer support,complaint
Bhai maine kharaab delivery kiya hai Paisa wapas karo.,complaint
I am unacceptable my recent order I want a refund.,complaint
I feel awful the product It was broken.,complaint
This is very disappointed with the delivery !,complaint
Ekdam late order tha Mood kharab kar diya.,complaint
Sir yeh bekar delivery kiya hai Refund chahiye.,complaint
Sir yeh ghatiya service hai Mood kharab kar diya.,complaint
I feel awful the delivery !,complaint
I am worst the delivery It was broken.,complaint
What a very disappointed with experience I want a refund.,complaint
Bahut hi damage service hai Mood kharab kar diya.,complaint
I am very angry about service Late by 3 days.,complaint
Absolutely worst experience,complaint
This is very disappointed with my recent order I want a refund.,complaint
Absolutely worst my recent order Never again.,complaint
This is terrible my recent order It was broken.,complaint
I am awful the quality It was broken.,complaint
I am horrible experience Never again.,complaint
I feel terrible the product Never again.,complaint
Bhai maine kharaab product bhej diya !,complaint
What a frustrated by the delivery I want a refund.,complaint
Sir yeh late delivery kiya hai Kaun khayega yeh?,complaint
This is very disappointed with my recent order Fix this.,complaint
I am awful the product I want a refund.,complaint
What a very disappointed with the delivery,complaint
Bahut hi kharaab service hai Aisa thodi hota hai.,complaint
I feel very disappointed with the delivery Late by 3 days.,complaint
Absolutely unacceptable the delivery Late by 3 days.,complaint
What a worst the quality It was broken.,complaint
Sir yeh ghatiya khana tha Paisa wapas karo.,complaint
I am unacceptable the product,complaint
I feel awful the quality,complaint
I feel very angry about experience !,complaint
I am awful the product I want a refund.,complaint
I am very disappointed with experience,complaint
This is very angry about the quality !,complaint
Sir yeh damage delivery kiya hai Mood kharab kar diya.,complaint
This is frustrated by experience I want a refund.,complaint
This is very angry about the product !,complaint
This is frustrated by customer support I want a refund.,complaint
Kya bakwas ghatiya order tha Aisa thodi hota hai.,complaint
Bahut hi ghatiya khana tha Refund chahiye.,complaint
Absolutely terrible the product It was broken.,complaint
This is unacceptable the delivery It was broken.,complaint
I feel horrible experience !,complaint
This is very angry about my recent order Never again.,complaint
I feel terrible the product,complaint
Absolutely horrible service Fix this.,complaint
I feel unacceptable experience I want a refund.,complaint
Sir yeh late product bhej diya Mood kharab kar diya.,complaint
What a worst customer support Fix this.,complaint
Absolutely terrible the delivery Fix this.,complaint
I feel terrible customer support Late by 3 days.,complaint
Ekdam damage order tha !,complaint
I am horrible service !,complaint
This is awful service I want a refund.,complaint
Ekdam kharaab khana tha Refund chahiye.,complaint
What a horrible my recent order Fix this.,complaint
Absolutely frustrated by the quality I want a refund.,complaint
I am unacceptable the product Never again.,complaint
Sir yeh faltu khana tha Kaun khayega yeh?,complaint
What a awful the quality,complaint
This is very angry about service,complaint
What a worst the product,complaint
Absolutely very angry about the product !,complaint
This is awful customer support Late by 3 days.,complaint
I am terrible the delivery It was broken.,complaint
I feel frustrated by the delivery It was broken.,complaint
Absolutely unacceptable the product Never again.,complaint
This is very disappointed with customer support I want a refund.,complaint
Bhai maine damage khana tha Kaun khayega yeh?,complaint
Sir yeh late khana tha Kaun khayega yeh?,complaint
This is horrible my recent order I want a refund.,complaint
Sir yeh late product bhej diya Refund chahiye.,complaint
I feel horrible my recent order Fix this.,complaint
Absolutely unacceptable my recent order !,complaint
Sir yeh faltu service hai Mood kharab kar diya.,complaint
This is frustrated by experience Never again.,complaint
Ekdam kharaab delivery kiya hai Aisa thodi hota hai.,complaint
Bahut hi late khana tha !,complaint
I feel terrible experience Late by 3 days.,complaint
Bahut hi kharaab product bhej diya Kaun khayega yeh?,complaint
Absolutely worst customer support Late by 3 days.,complaint
I am frustrated by customer support I want a refund.,complaint
Kya bakwas late khana tha Mood kharab kar diya.,complaint
Absolutely very disappointed with the quality !,complaint
I feel frustrated by the delivery I want a refund.,complaint
What a horrible my recent order Fix this.,complaint
Absolutely horrible experience I want a refund.,complaint
I feel frustrated by the quality Never again.,complaint
What a awful experience,complaint
I feel terrible experience,complaint
Kya bakwas ghatiya khana tha Kaun khayega yeh?,complaint
This is very angry about the delivery !,complaint
I am very angry about the quality Fix this.,complaint
What a very disappointed with service Never again.,complaint
Absolutely awful the quality Late by 3 days.,complaint
This is frustrated by my recent order,complaint
This is very disappointed with my recent order It was broken.,complaint
This is horrible service It was broken.,complaint
This is horrible customer support,complaint
Absolutely frustrated by the quality !,complaint
Sir yeh late order tha Aisa thodi hota hai.,complaint
I feel very angry about the delivery Fix this.,complaint
Absolutely frustrated by the quality I want a refund.,complaint
I am terrible customer support Fix this.,complaint
Absolutely awful the delivery !,complaint
This is very disappointed with the quality Fix this.,complaint
This is awful the product Never again.,complaint
Kya bakwas bekar order tha Mood kharab kar diya.,complaint
Kya bakwas ghatiya khana tha Refund chahiye.,complaint
Kya bakwas damage order tha Refund chahiye.,complaint
I am horrible my recent order I want a refund.,complaint
Absolutely very angry about the quality I want a refund.,complaint
What a awful the quality Fix this.,complaint
I am frustrated by experience,complaint
I feel awful service Fix this.,complaint
Ekdam damage product bhej diya !,complaint
What a frustrated by customer support Fix this.,complaint
Sir yeh ghatiya delivery kiya hai Kaun khayega yeh?,complaint
This is worst my recent order,complaint
What a worst service Late by 3 days.,complaint
Bhai maine late khana tha Kaun khayega yeh?,complaint
I feel very angry about the delivery Late by 3 days.,complaint
I feel unacceptable the delivery I want a refund.,complaint
I feel very disappointed with customer support Late by 3 days.,complaint
What a unacceptable my recent order Late by 3 days.,complaint
This is worst customer support Fix this.,complaint
Absolutely terrible the product I want a refund.,complaint
Ekdam damage product bhej diya Kaun khayega yeh?,complaint
I feel worst the quality Late by 3 days.,complaint
Bahut hi ghatiya khana tha Paisa wapas karo.,complaint
What a awful the quality Late by 3 days.,complaint
This is frustrated by my recent order,complaint
Bahut hi kharaab khana tha Kaun khayega yeh?,complaint
What a awful the product Never again.,complaint
This is very angry about the delivery It was broken.,complaint
Absolutely frustrated by the delivery Late by 3 days.,complaint
Absolutely very angry about the product It was broken.,complaint
Bahut hi bekar service hai !,complaint
Absolutely worst the delivery Late by 3 days.,complaint
What a horrible my recent order I want a refund.,complaint
Ekdam damage service hai Mood kharab kar diya.,complaint
What a very disappointed with the quality !,complaint
I feel very angry about my recent order,complaint
What a awful customer support !,complaint
Sir yeh late order tha !,complaint
Absolutely awful service !,complaint
I feel awful the quality !,complaint
Sir yeh late khana tha Kaun khayega yeh?,complaint
I feel unacceptable the quality,complaint
This is worst the quality I want a refund.,complaint
This is unacceptable the quality I want a refund.,complaint
Ekdam kharaab delivery kiya hai Refund chahiye.,complaint
I feel awful the delivery I want a refund.,complaint
Bahut hi faltu delivery kiya hai !,complaint
This is worst the product,complaint
Bhai maine ghatiya product bhej diya Refund chahiye.,complaint
I feel horrible customer support Fix this.,complaint
This is very disappointed with the quality Late by 3 days.,complaint
I feel awful experience !,complaint
I feel awful customer support !,complaint
I feel awful the product I want a refund.,complaint
Absolutely very angry about the quality Never again.,complaint
I am very angry about the product Never again.,complaint
Absolutely very disappointed with my recent order Late by 3 days.,complaint
Absolutely unacceptable the quality !,complaint
Bhai maine late delivery kiya hai Refund chahiye.,complaint
This is horrible my recent order Late by 3 days.,complaint
I feel worst my recent order It was broken.,complaint
I feel horrible the quality,complaint
This is worst experience !,complaint
I feel horrible service Never again.,complaint
What a unacceptable customer support Fix this.,complaint
Ekdam damage khana tha Paisa wapas karo.,complaint
Absolutely worst experience !,complaint
Bhai maine kharaab product bhej diya !,complaint
I am frustrated by the product,complaint
Bahut hi ghatiya service hai !,complaint
Absolutely unacceptable the delivery Never again.,complaint
Sir yeh damage product bhej diya Refund chahiye.,complaint
I feel very angry about service Fix this.,complaint
I feel very angry about my recent order I want a refund.,complaint
Absolutely worst the delivery,complaint
Kya bakwas faltu product bhej diya Mood kharab kar diya.,complaint
This is very disappointed with my recent order,complaint
Absolutely frustrated by the delivery Late by 3 days.,complaint
I feel horrible the quality Never again.,complaint
What a very disappointed with the delivery Fix this.,complaint
Kya bakwas ghatiya delivery kiya hai Paisa wapas karo.,complaint
I feel horrible my recent order Late by 3 days.,complaint
Absolutely horrible customer support Never again.,complaint
I feel very disappointed with experience I want a refund.,complaint
What a worst the product !,complaint
What a very disappointed with service !,complaint
Ekdam late delivery kiya hai Refund chahiye.,complaint
Kya bakwas late product bhej diya Mood kharab kar diya.,complaint
Ekdam kharaab product bhej diya Paisa wapas karo.,complaint
What a frustrated by experience,complaint
I feel terrible my recent order Fix this.,complaint
This is unacceptable my recent order Fix this.,complaint
Sir yeh faltu product bhej diya Refund chahiye.,complaint
I feel frustrated by the product Never again.,complaint
I am very disappointed with experience Fix this.,complaint
Bahut hi faltu delivery kiya hai Kaun khayega yeh?,complaint
This is very disappointed with the delivery I want a refund.,complaint
Ekdam late service hai Aisa thodi hota hai.,complaint
This is very disappointed with the product It was broken.,complaint
I feel horrible the quality It was broken.,complaint
This is horrible customer support I want a refund.,complaint
Kya bakwas faltu service hai Refund chahiye.,complaint
What a horrible my recent order Never again.,complaint
I am awful experience It was broken.,complaint
Kya bakwas damage delivery kiya hai Mood kharab kar diya.,complaint
Absolutely very angry about service Never again.,complaint
I feel worst the quality Fix this.,complaint
Kya bakwas faltu order tha Mood kharab kar diya.,complaint
What a worst experience,complaint
What a frustrated by the product It was broken.,complaint
I am horrible the quality Late by 3 days.,complaint
I feel frustrated by the product Fix this.,complaint
Absolutely awful the product Fix this.,complaint
What a unacceptable the product Never again.,complaint
Kya bakwas ghatiya delivery kiya hai Refund chahiye.,complaint
I am unacceptable the product Late by 3 days.,complaint
This is worst service It was broken.,complaint
Bahut hi ghatiya product bhej diya Mood kharab kar diya.,complaint
Ekdam damage khana tha Mood kharab kar diya.,complaint
Absolutely worst the quality It was broken.,complaint
I am awful the product !,complaint
Sir yeh kharaab order tha Paisa wapas karo.,complaint
Bahut hi faltu delivery kiya hai !,complaint
What a horrible experience,complaint
Sir yeh bekar service hai !,complaint
What a frustrated by service It was broken.,complaint
Absolutely horrible customer support !,complaint
Kya bakwas ghatiya khana tha Paisa wapas karo.,complaint
What a worst the delivery Never again.,complaint
Absolutely worst service Fix this.,complaint
Absolutely awful the quality !,complaint
What a very angry about the product Fix this.,complaint
I feel very disappointed with experience Late by 3 days.,complaint
I am terrible the quality Fix this.,complaint
I am terrible my recent order I want a refund.,complaint
Absolutely frustrated by customer support,complaint
I feel worst the product It was broken.,complaint
What a worst the delivery,complaint
I feel unacceptable the quality Never again.,complaint
Ekdam ghatiya khana tha !,complaint
This is horrible my recent order Fix this.,complaint
I am horrible customer support Never again.,complaint
What a terrible service I want a refund.,complaint
Ekdam ghatiya service hai Paisa wapas karo.,complaint
Absolutely very disappointed with the quality,complaint
I am very angry about customer support Late by 3 days.,complaint
Absolutely horrible service It was broken.,complaint
I feel frustrated by the quality Late by 3 days.,complaint
This is very angry about the quality Fix this.,complaint
I am horrible experience Fix this.,complaint
I am very angry about the delivery Fix this.,complaint
Ekdam ghatiya delivery kiya hai Mood kharab kar diya.,complaint
What a horrible service It was broken.,complaint
Absolutely terrible the quality Late by 3 days.,complaint
What a worst the product Never again.,complaint
Absolutely very disappointed with my recent order Fix this.,complaint
This is unacceptable experience !,complaint
I am worst the delivery !,complaint
This is frustrated by customer support Late by 3 days.,complaint
I am frustrated by service It was broken.,complaint
Kya bakwas faltu order tha Kaun khayega yeh?,complaint
Absolutely very angry about the product !,complaint
I am unacceptable experience,complaint
Ekdam late khana tha Aisa thodi hota hai.,complaint
Sir yeh kharaab delivery kiya hai Aisa thodi hota hai.,complaint
What a awful the delivery I want a refund.,complaint
This is worst experience !,complaint
Ekdam damage product bhej diya !,complaint
This is awful customer support Fix this.,complaint
Absolutely horrible service Late by 3 days.,complaint
Ekdam faltu order tha Aisa thodi hota hai.,complaint
Bhai maine kharaab delivery kiya hai Mood kharab kar diya.,complaint
I feel frustrated by my recent order Fix this.,complaint
I feel very disappointed with experience I want a refund.,complaint
Absolutely very angry about the delivery It was broken.,complaint
This is very disappointed with experience,complaint
Sir yeh bekar delivery kiya hai Paisa wapas karo.,complaint
Bahut hi late product bhej diya Mood kharab kar diya.,complaint
I am terrible experience I want a refund.,complaint
This is very angry about the product Late by 3 days.,complaint
Bahut hi damage product bhej diya Kaun khayega yeh?,complaint
Bhai maine faltu product bhej diya !,complaint
What a very angry about the product Never again.,complaint
Ekdam ghatiya product bhej diya Kaun khayega yeh?,complaint
Sir yeh ghatiya order tha !,complaint
Bhai maine faltu delivery kiya hai Kaun khayega yeh?,complaint
I am very angry about the quality,complaint
Bhai maine bekar khana tha Paisa wapas karo.,complaint
I am very disappointed with customer support Never again.,complaint
This is frustrated by service,complaint
Kya bakwas faltu delivery kiya hai Paisa wapas karo.,complaint
I feel horrible experience I want a refund.,complaint
Absolutely unacceptable service Late by 3 days.,complaint
I feel very angry about my recent order Fix this.,complaint
Kya bakwas bekar service hai !,complaint
I am very disappointed with my recent order Fix this.,complaint
What a terrible the quality Late by 3 days.,complaint
I am terrible the delivery,complaint
I am unacceptable experience I want a refund.,complaint
Sir yeh late service hai Mood kharab kar diya.,complaint
What a worst the quality I want a refund.,complaint
I am very angry about my recent order,complaint
Absolutely unacceptable the delivery Late by 3 days.,complaint
What a awful the quality Fix this.,complaint
I feel very disappointed with customer support !,complaint
Sir yeh ghatiya service hai Mood kharab kar diya.,complaint
I feel unacceptable the product Fix this.,complaint
What a terrible my recent order Never again.,complaint
Absolutely frustrated by my recent order,complaint
Sir yeh kharaab delivery kiya hai Mood kharab kar diya.,complaint
Bhai maine bekar delivery kiya hai Mood kharab kar diya.,complaint
Bhai maine faltu khana tha Paisa wapas karo.,complaint
I feel very disappointed with experience Fix this.,complaint
Bahut hi kharaab khana tha Kaun khayega yeh?,complaint
Ekdam bekar khana tha Paisa wapas karo.,complaint
This is worst experience It was broken.,complaint
Sir yeh kharaab khana tha Refund chahiye.,complaint
Absolutely horrible the delivery I want a refund.,complaint
Ekdam kharaab khana tha Kaun khayega yeh?,complaint
Absolutely very angry about the quality I want a refund.,complaint
Sir yeh bekar order tha Aisa thodi hota hai.,complaint
Bahut hi bekar delivery kiya hai Mood kharab kar diya.,complaint
Kya bakwas late khana tha Refund chahiye.,complaint
I am very disappointed with customer support,complaint
Absolutely terrible experience Late by 3 days.,complaint
I feel unacceptable service Fix this.,complaint
Sir yeh kharaab service hai Refund chahiye.,complaint
I feel very disappointed with experience Never again.,complaint
Ekdam bekar service hai Mood kharab kar diya.,complaint
This is frustrated by service,complaint
Ekdam faltu order tha Mood kharab kar diya.,complaint
Ekdam damage delivery kiya hai !,complaint
I feel very angry about the quality Late by 3 days.,complaint
Bhai maine late order tha Paisa wapas karo.,complaint
I feel very angry about customer support I want a refund.,complaint
Sir yeh late khana tha Mood kharab kar diya.,complaint
I am very angry about customer support Fix this.,complaint
This is very disappointed with experience,complaint
Ekdam ghatiya service hai Kaun khayega yeh?,complaint
I am very disappointed with my recent order Never again.,complaint
I am awful experience,complaint
Bhai maine ghatiya delivery kiya hai Aisa thodi hota hai.,complaint
Bhai maine late khana tha Paisa wapas karo.,complaint
Absolutely awful my recent order,complaint
Bhai maine bekar delivery kiya hai Mood kharab kar diya.,complaint
Kya bakwas ghatiya product bhej diya Aisa thodi hota hai.,complaint
I feel frustrated by the quality,complaint
This is worst customer support Late by 3 days.,complaint
Ekdam faltu order tha Kaun khayega yeh?,complaint
Ekdam ghatiya service hai Aisa thodi hota hai.,complaint
Sir yeh bekar order tha Mood kharab kar diya.,complaint
What a horrible the product I want a refund.,complaint
What a terrible service Late by 3 days.,complaint
Ekdam kharaab khana tha Refund chahiye.,complaint
Bahut hi late service hai Refund chahiye.,complaint
Bhai maine bekar order tha Refund chahiye.,complaint
Ekdam bekar khana tha Refund chahiye.,complaint
Ekdam ghatiya order tha Refund chahiye.,complaint
Bahut hi ghatiya order tha Refund chahiye.,complaint
What a very disappointed with the product,complaint
I feel awful the product Late by 3 days.,complaint
Absolutely horrible experience !,complaint
Ekdam bekar order tha !,complaint
Bahut hi faltu service hai !,complaint
What a unacceptable the product Never again.,complaint
This is worst the quality Never again.,complaint
This is horrible service Fix this.,complaint
Absolutely very disappointed with the product !,complaint
Absolutely awful my recent order I want a refund.,complaint
Kya bakwas damage service hai Kaun khayega yeh?,complaint
This is frustrated by customer support It was broken.,complaint
I feel frustrated by the delivery It was broken.,complaint
Absolutely awful the quality It was broken.,complaint
I feel unacceptable the delivery Never again.,complaint
This is awful my recent order It was broken.,complaint
I am worst experience I want a refund.,complaint
What a very angry about service,complaint
Sir yeh late service hai Mood kharab kar diya.,complaint
Ekdam ghatiya khana tha Refund chahiye.,complaint
Kya bakwas ghatiya delivery kiya hai !,complaint
Ekdam late delivery kiya hai !,complaint
Bahut hi bekar service hai Refund chahiye.,complaint
Kya bakwas damage order tha !,complaint
I feel unacceptable the quality I want a refund.,complaint
What a horrible customer support I want a refund.,complaint
Bahut hi damage product bhej diya Aisa thodi hota hai.,complaint
I am frustrated by experience I want a refund.,complaint
Bahut hi bekar order tha !,complaint
Ekdam ghatiya delivery kiya hai Kaun khayega yeh?,complaint
Kya bakwas damage khana tha Kaun khayega yeh?,complaint
I am horrible the quality Never again.,complaint
What a terrible experience Fix this.,complaint
I am unacceptable the quality Fix this.,complaint
Bhai maine bekar order tha !,complaint
Sir yeh bekar product bhej diya Aisa thodi hota hai.,complaint
Bhai maine bekar khana tha Paisa wapas karo.,complaint
I am very disappointed with service Late by 3 days.,complaint
Sir yeh ghatiya service hai Refund chahiye.,complaint
Bhai maine damage product bhej diya Kaun khayega yeh?,complaint
Absolutely very disappointed with my recent order Fix this.,complaint
Absolutely awful the quality !,complaint
Bhai maine late service hai Mood kharab kar diya.,complaint
Sir yeh late delivery kiya hai Aisa thodi hota hai.,complaint
I am horrible the quality !,complaint
Bahut hi ghatiya delivery kiya hai Mood kharab kar diya.,complaint
I am worst my recent order,complaint
I feel frustrated by the delivery Late by 3 days.,complaint
What a worst service Never again.,complaint
I am frustrated by experience Fix this.,complaint
This is very disappointed with experience Fix this.,complaint
I feel very disappointed with the product Fix this.,complaint
Sir yeh bekar khana tha Paisa wapas karo.,complaint
This is very angry about my recent order,complaint
Bahut hi late service hai Paisa wapas karo.,complaint
What a worst the delivery Late by 3 days.,complaint
Bhai maine damage order tha Paisa wapas karo.,complaint
What a unacceptable the product Fix this.,complaint
Absolutely frustrated by the delivery Never again.,complaint
This is very angry about customer support Fix this.,complaint
Bahut hi kharaab product bhej diya Kaun khayega yeh?,complaint
I am horrible service Late by 3 days.,complaint
Ekdam damage khana tha Refund chahiye.,complaint
Kya bakwas late order tha !,complaint
I feel terrible my recent order It was broken.,complaint
What a awful my recent order,complaint
This is frustrated by the quality Never again.,complaint
Ekdam damage order tha Mood kharab kar diya.,complaint
Absolutely horrible service Never again.,complaint
Sir yeh faltu delivery kiya hai Aisa thodi hota hai.,complaint
I feel terrible the product It was broken.,complaint
Absolutely frustrated by the product It was broken.,complaint
What a terrible the delivery,complaint
I feel frustrated by my recent order,complaint
I am terrible the product It was broken.,complaint
I feel terrible customer support I want a refund.,complaint
I am frustrated by experience,complaint
Absolutely awful service Fix this.,complaint
Bhai maine late service hai Aisa thodi hota hai.,complaint
I feel very disappointed with the quality !,complaint
Absolutely frustrated by customer support It was broken.,complaint
What a unacceptable my recent order Never again.,complaint
This is terrible the quality Never again.,complaint
This is frustrated by my recent order Fix this.,complaint
I feel unacceptable customer support !,complaint
Bahut hi bekar product bhej diya Aisa thodi hota hai.,complaint
Bahut hi bekar service hai Aisa thodi hota hai.,complaint
Bahut hi kharaab product bhej diya Kaun khayega yeh?,complaint
Bahut hi kharaab order tha !,complaint
Bahut hi damage khana tha Refund chahiye.,complaint
I am very angry about customer support It was broken.,complaint
This is very disappointed with the product,complaint
This is horrible the product !,complaint
I feel horrible the delivery,complaint
I am very disappointed with the quality,complaint
Bhai maine late order tha Refund chahiye.,complaint
Sir yeh faltu product bhej diya Kaun khayega yeh?,complaint
Sir yeh bekar order tha !,complaint
Sir yeh kharaab khana tha Kaun khayega yeh?,complaint
Absolutely unacceptable customer support Fix this.,complaint
Bahut hi faltu khana tha Paisa wapas karo.,complaint
This is unacceptable the quality It was broken.,complaint
I am very angry about my recent order It was broken.,complaint
Absolutely awful experience Never again.,complaint
I feel worst the quality It was broken.,complaint
I feel frustrated by service Never again.,complaint
I feel very disappointed with the quality I want a refund.,complaint
Sir yeh kharaab khana tha Aisa thodi hota hai.,complaint
Absolutely terrible the quality It was broken.,complaint
Absolutely worst customer support Never again.,complaint
I am frustrated by experience Fix this.,complaint
What a very disappointed with the delivery Late by 3 days.,complaint
Bhai maine faltu order tha Aisa thodi hota hai.,complaint
Bhai maine bekar order tha Aisa thodi hota hai.,complaint
This is frustrated by the quality,complaint
I feel unacceptable the product It was broken.,complaint
What a very angry about customer support Late by 3 days.,complaint
I am terrible experience,complaint
This is very angry about my recent order Late by 3 days.,complaint
This is unacceptable the quality !,complaint
This is frustrated by the product Never again.,complaint
Ekdam faltu product bhej diya Paisa wapas karo.,complaint
Ekdam kharaab order tha Refund chahiye.,complaint
Bahut hi faltu khana tha Aisa thodi hota hai.,complaint
Bhai maine damage khana tha Paisa wapas karo.,complaint
I feel terrible the product It was broken.,complaint
Bhai maine bekar order tha Kaun khayega yeh?,complaint
Absolutely horrible my recent order Fix this.,complaint
Kya bakwas ghatiya order tha Kaun khayega yeh?,complaint
I am frustrated by the delivery Late by 3 days.,complaint
I feel unacceptable experience,complaint
Bhai maine ghatiya product bhej diya Paisa wapas karo.,complaint
I feel unacceptable the delivery,complaint
Sir yeh faltu delivery kiya hai Kaun khayega yeh?,complaint
Kya bakwas ghatiya delivery kiya hai Kaun khayega yeh?,complaint
I am terrible my recent order Late by 3 days.,complaint
Ekdam late khana tha Paisa wapas karo.,complaint
Absolutely very angry about the delivery It was broken.,complaint
Kya bakwas damage product bhej diya Aisa thodi hota hai.,complaint
This is horrible service Late by 3 days.,complaint
I am terrible the quality Late by 3 days.,complaint
I am very disappointed with the delivery,complaint
This is unacceptable service It was broken.,complaint
I am frustrated by experience Fix this.,complaint
Bahut hi ghatiya khana tha Paisa wapas karo.,complaint
What a worst the product Fix this.,complaint
Sir yeh faltu delivery kiya hai Aisa thodi hota hai.,complaint
Bhai maine faltu service hai Refund chahiye.,complaint
This is unacceptable the delivery It was broken.,complaint
I feel awful my recent order It was broken.,complaint
Bahut hi kharaab order tha Refund chahiye.,complaint
What a awful the delivery Never again.,complaint
What a awful my recent order Fix this.,complaint
Ekdam late order tha Mood kharab kar diya.,complaint
Ekdam faltu order tha Mood kharab kar diya.,complaint
This is frustrated by experience I want a refund.,complaint
This is very disappointed with the product Never again.,complaint
Ekdam faltu delivery kiya hai !,complaint
I am unacceptable the product Late by 3 days.,complaint
I am worst my recent order Late by 3 days.,complaint
What a very disappointed with the quality Late by 3 days.,complaint
I am frustrated by customer support I want a refund.,complaint
Bhai maine ghatiya delivery kiya hai Paisa wapas karo.,complaint
Absolutely unacceptable experience Fix this.,complaint
Absolutely unacceptable service Fix this.,complaint
Sir yeh late order tha Kaun khayega yeh?,complaint
What a very angry about the quality,complaint
Absolutely worst the delivery Never again.,complaint
What a terrible the delivery !,complaint
This is awful the product Fix this.,complaint
Kya bakwas ghatiya khana tha Mood kharab kar diya.,complaint
Absolutely frustrated by the product I want a refund.,complaint
Bhai maine ghatiya order tha Refund chahiye.,complaint
This is worst the product It was broken.,complaint
Absolutely frustrated by my recent order Fix this.,complaint
Absolutely frustrated by my recent order !,complaint
I feel frustrated by service !,complaint
Absolutely unacceptable the product Never again.,complaint
Sir yeh ghatiya order tha Aisa thodi hota hai.,complaint
Ekdam kharaab delivery kiya hai Refund chahiye.,complaint
I am terrible customer support Late by 3 days.,complaint
This is awful my recent order !,complaint
Ekdam ghatiya khana tha Refund chahiye.,complaint
Absolutely very angry about the product I want a refund.,complaint
What a unacceptable the product I want a refund.,complaint
Sir yeh ghatiya product bhej diya Mood kharab kar diya.,complaint
Absolutely unacceptable the quality Late by 3 days.,complaint
This is terrible the delivery Fix this.,complaint
Sir yeh late service hai Mood kharab kar diya.,complaint
Absolutely very angry about the delivery !,complaint
Sir yeh ghatiya order tha Mood kharab kar diya.,complaint
I feel unacceptable customer support Late by 3 days.,complaint
Bahut hi damage delivery kiya hai !,complaint
Bahut hi damage product bhej diya Kaun khayega yeh?,complaint
Sir yeh ghatiya khana tha Aisa thodi hota hai.,complaint
Absolutely worst experience I want a refund.,complaint
I am awful the delivery Fix this.,complaint
This is unacceptable my recent order,complaint
Absolutely very disappointed with the product,complaint
I feel unacceptable customer support !,complaint
This is horrible experience It was broken.,complaint
This is awful service,complaint
Sir yeh ghatiya delivery kiya hai !,complaint
I feel very angry about experience Late by 3 days.,complaint
I feel frustrated by experience,complaint
I am unacceptable the delivery Late by 3 days.,complaint
Sir yeh kharaab product bhej diya Kaun khayega yeh?,complaint
Ekdam faltu service hai Paisa wapas karo.,complaint
This is very disappointed with experience I want a refund.,complaint
Ekdam late khana tha Mood kharab kar diya.,complaint
I am worst the product It was broken.,complaint
Kya bakwas kharaab khana tha Paisa wapas karo.,complaint
I feel terrible the quality Fix this.,complaint
Kya bakwas bekar delivery kiya hai !,complaint
Absolutely very angry about experience Never again.,complaint
This is frustrated by service Never again.,complaint
What a awful the quality I want a refund.,complaint
What a worst experience It was broken.,complaint
Kya bakwas faltu delivery kiya hai Aisa thodi hota hai.,complaint
I feel unacceptable service It was broken.,complaint
Absolutely frustrated by customer support Late by 3 days.,complaint
This is frustrated by the quality It was broken.,complaint
Absolutely very angry about my recent order,complaint
Ekdam ghatiya khana tha Paisa wapas karo.,complaint
What a very disappointed with customer support I want a refund.,complaint
What a awful the quality !,complaint
Bhai maine ghatiya service hai Kaun khayega yeh?,complaint
What a horrible my recent order It was broken.,complaint
Absolutely terrible customer support !,complaint
What a terrible the quality Late by 3 days.,complaint
Kya bakwas bekar product bhej diya Paisa wapas karo.,complaint
Kya bakwas faltu khana tha Paisa wapas karo.,complaint
Absolutely horrible my recent order Late by 3 days.,complaint
What a worst the delivery Fix this.,complaint
What a terrible customer support !,complaint
This is unacceptable the delivery I want a refund.,complaint
I feel horrible customer support It was broken.,complaint
What a horrible service Fix this.,complaint
I am very disappointed with service It was broken.,complaint
Bahut hi bekar service hai Kaun khayega yeh?,complaint
I am worst service Fix this.,complaint
What a awful customer support Fix this.,complaint
Absolutely awful my recent order Never again.,complaint
What a very angry about the quality Fix this.,complaint
I feel terrible customer support Late by 3 days.,complaint
What a worst the product It was broken.,complaint
Bhai maine late service hai Aisa thodi hota hai.,complaint
What a horrible customer support !,complaint
I am terrible the quality Late by 3 days.,complaint
This is frustrated by the product Never again.,complaint
Bhai maine kharaab product bhej diya Aisa thodi hota hai.,complaint
Ekdam kharaab khana tha Kaun khayega yeh?,complaint
What a very angry about the product Late by 3 days.,complaint
I feel worst experience Late by 3 days.,complaint
This is unacceptable my recent order I want a refund.,complaint
This is awful the product Never again.,complaint
This is unacceptable the quality Fix this.,complaint
This is very angry about experience,complaint
What a terrible my recent order It was broken.,complaint
This is very disappointed with the product It was broken.,complaint
Absolutely very angry about the quality !,complaint
Absolutely worst experience Never again.,complaint
I am very angry about my recent order I want a refund.,complaint
I am very angry about customer support !,complaint
This is awful my recent order Fix this.,complaint
What a very disappointed with the delivery It was broken.,complaint
This is very angry about the quality I want a refund.,complaint
Absolutely very angry about the quality Fix this.,complaint
I am unacceptable the product Fix this.,complaint
I am unacceptable the quality I want a refund.,complaint
I feel very angry about customer support I want a refund.,complaint
This is awful customer support !,complaint
Bhai maine bekar order tha Refund chahiye.,complaint
I feel worst the delivery It was broken.,complaint
Absolutely unacceptable experience,complaint
What a unacceptable the product,complaint
Absolutely frustrated by service Late by 3 days.,complaint
Absolutely awful the delivery,complaint
I am frustrated by the product Fix this.,complaint
Sir yeh kharaab khana tha !,complaint
Ekdam faltu product bhej diya Aisa thodi hota hai.,complaint
I am unacceptable customer support I want a refund.,complaint
I am unacceptable my recent order It was broken.,complaint
Bahut hi faltu khana tha Kaun khayega yeh?,complaint
Absolutely horrible experience Late by 3 days.,complaint
Ekdam faltu product bhej diya Aisa thodi hota hai.,complaint
This is very angry about experience I want a refund.,complaint
What a frustrated by experience Fix this.,complaint
This is terrible the delivery Fix this.,complaint
This is very angry about my recent order It was broken.,complaint
I am unacceptable service Never again.,complaint
What a horrible my recent order,complaint
Bahut hi bekar product bhej diya !,complaint
Ekdam faltu delivery kiya hai Kaun khayega yeh?,complaint
Sir yeh kharaab product bhej diya Aisa thodi hota hai.,complaint
Absolutely horrible service,complaint
What a awful the delivery,complaint
Absolutely awful service It was broken.,complaint
Sir yeh late delivery kiya hai Mood kharab kar diya.,complaint
I feel very disappointed with service Fix this.,complaint
Absolutely frustrated by the delivery Fix this.,complaint
Bahut hi bekar delivery kiya hai Kaun khayega yeh?,complaint
I feel frustrated by service Fix this.,complaint
I feel worst the quality It was broken.,complaint
This is frustrated by the delivery !,complaint
This is terrible my recent order It was broken.,complaint
This is very angry about the product Late by 3 days.,complaint
This is terrible customer support I want a refund.,complaint
Sir yeh late service hai Paisa wapas karo.,complaint
Ekdam damage delivery kiya hai Aisa thodi hota hai.,complaint
I am awful experience I want a refund.,complaint
Absolutely very disappointed with customer support !,complaint
Absolutely very disappointed with customer support I want a refund.,complaint
What a worst the product !,complaint
Absolutely awful the product Late by 3 days.,complaint
Kya bakwas late khana tha Paisa wapas karo.,complaint
I am horrible experience !,complaint
I feel worst the product,complaint
What a horrible service Fix this.,complaint
What a horrible the quality It was broken.,complaint
This is worst experience,complaint
I am worst the quality,complaint
I am terrible customer support Never again.,complaint
Bahut hi ghatiya product bhej diya Refund chahiye.,complaint
Sir yeh kharaab delivery kiya hai Aisa thodi hota hai.,complaint
What a horrible the product It was broken.,complaint
Ekdam damage product bhej diya Refund chahiye.,complaint
Absolutely unacceptable experience !,complaint
I am horrible my recent order Never again.,complaint
Absolutely worst experience It was broken.,complaint
Ekdam kharaab service hai Aisa thodi hota hai.,complaint
This is unacceptable customer support Late by 3 days.,complaint
This is terrible the product Never again.,complaint
Absolutely awful my recent order I want a refund.,complaint
Bahut hi kharaab product bhej diya Refund chahiye.,complaint
Sir yeh damage service hai Refund chahiye.,complaint
Ekdam late delivery kiya hai Paisa wapas karo.,complaint
Bahut hi damage khana tha Aisa thodi hota hai.,complaint
Absolutely unacceptable my recent order I want a refund.,complaint
Absolutely terrible the delivery I want a refund.,complaint
I feel terrible customer support Late by 3 days.,complaint
What a awful the product Never again.,complaint
What a awful the delivery It was broken.,complaint
Absolutely unacceptable the product I want a refund.,complaint
Absolutely horrible the quality Late by 3 days.,complaint
Absolutely frustrated by the quality Never again.,complaint
Ekdam bekar delivery kiya hai Mood kharab kar diya.,complaint
What a awful the product Fix this.,complaint
Bahut hi kharaab product bhej diya Aisa thodi hota hai.,complaint
What a very angry about my recent order Late by 3 days.,complaint
What a terrible the quality Fix this.,complaint
I feel unacceptable the product !,complaint
This is horrible the quality,complaint
Bhai maine ghatiya product bhej diya Paisa wapas karo.,complaint
What a terrible the delivery I want a refund.,complaint
What a horrible the quality Fix this.,complaint
What a awful customer support Never again.,complaint
Sir yeh bekar service hai Paisa wapas karo.,complaint
I feel awful experience It was broken.,complaint
Bahut hi ghatiya service hai Aisa thodi hota hai.,complaint
This is worst experience I want a refund.,complaint
I feel terrible my recent order It was broken.,complaint
I am horrible experience I want a refund.,complaint
I feel awful service I want a refund.,complaint
I am very disappointed with the product Late by 3 days.,complaint
I am awful my recent order Late by 3 days.,complaint
Bhai maine late order tha Mood kharab kar diya.,complaint
I feel horrible my recent order I want a refund.,complaint
Absolutely horrible experience !,complaint
Ekdam kharaab khana tha Paisa wapas karo.,complaint
Absolutely very angry about the delivery Fix this.,complaint
This is frustrated by the quality It was broken.,complaint
I feel worst service,complaint
Bahut hi kharaab delivery kiya hai Kaun khayega yeh?,complaint
Sir yeh kharaab service hai Paisa wapas karo.,complaint
Ekdam kharaab service hai Kaun khayega yeh?,complaint
Absolutely frustrated by the delivery !,complaint
Bahut hi damage product bhej diya Kaun khayega yeh?,complaint
Kya bakwas damage delivery kiya hai Aisa thodi hota hai.,complaint
Kya bakwas damage khana tha Mood kharab kar diya.,complaint
Ekdam late service hai Paisa wapas karo.,complaint
Absolutely awful the delivery !,complaint
I feel terrible the product Fix this.,complaint
Kya bakwas bekar service hai Kaun khayega yeh?,complaint
Absolutely very angry about customer support I want a refund.,complaint
This is frustrated by the product Late by 3 days.,complaint
I am horrible the quality I want a refund.,complaint
Absolutely horrible the delivery I want a refund.,complaint
This is very disappointed with customer support Never again.,complaint
What a terrible experience,complaint
Sir yeh faltu delivery kiya hai !,complaint
I feel worst my recent order !,complaint
I am awful experience I want a refund.,complaint
This is unacceptable my recent order Never again.,complaint
This is worst service Fix this.,complaint
Bhai maine bekar product bhej diya Refund chahiye.,complaint
I feel awful my recent order,complaint
I am worst experience Late by 3 days.,complaint
Ekdam ghatiya delivery kiya hai Paisa wapas karo.,complaint
Bhai maine ghatiya khana tha Aisa thodi hota hai.,complaint
This is worst customer support !,complaint
This is horrible my recent order !,complaint
What a worst service,complaint
Absolutely awful service Fix this.,complaint
This is frustrated by service Fix this.,complaint
I am very disappointed with service I want a refund.,complaint
I am frustrated by service Fix this.,complaint
I feel horrible customer support !,complaint
I feel awful my recent order !,complaint
This is unacceptable my recent order !,complaint
Bhai maine bekar order tha Aisa thodi hota hai.,complaint
I am frustrated by the quality Fix this.,complaint
I am terrible my recent order Late by 3 days.,complaint
Bahut hi bekar delivery kiya hai Refund chahiye.,complaint
What a very angry about service It was broken.,complaint
Absolutely frustrated by service I want a refund.,complaint
Bahut hi kharaab service hai !,complaint
Bhai maine faltu service hai !,complaint
What a worst the product,complaint
What a unacceptable the quality Late by 3 days.,complaint
Ekdam kharaab khana tha Kaun khayega yeh?,complaint
This is very angry about the product Fix this.,complaint
This is very angry about experience Never again.,complaint
Absolutely horrible the quality I want a refund.,complaint
Kya bakwas late order tha !,complaint
Sir yeh bekar khana tha Paisa wapas karo.,complaint
Ekdam ghatiya service hai Paisa wapas karo.,complaint
This is unacceptable the product Never again.,complaint
This is very angry about experience !,complaint
Absolutely awful my recent order Fix this.,complaint
Ekdam faltu product bhej diya Kaun khayega yeh?,complaint
Bhai maine late delivery kiya hai Mood kharab kar diya.,complaint
I am worst experience Never again.,complaint
I feel worst service Fix this.,complaint
What a worst my recent order Fix this.,complaint
What a very disappointed with the product It was broken.,complaint
Bahut hi damage delivery kiya hai Mood kharab kar diya.,complaint
This is very disappointed with my recent order I want a refund.,complaint
Absolutely very disappointed with my recent order Fix this.,complaint
I feel horrible the product It was broken.,complaint
I am terrible service Fix this.,complaint
Ekdam late delivery kiya hai Aisa thodi hota hai.,complaint
What a worst the quality Fix this.,complaint
What a terrible experience,complaint
Kya bakwas ghatiya khana tha Paisa wapas karo.,complaint
I am very angry about the delivery Never again.,complaint
Kya bakwas faltu khana tha !,complaint
I feel horrible customer support I want a refund.,complaint
What a very disappointed with the product Fix this.,complaint
This is awful customer support Late by 3 days.,complaint
I feel very disappointed with my recent order Never again.,complaint
Kya bakwas bekar product bhej diya !,complaint
I feel very disappointed with service Fix this.,complaint
Absolutely very angry about my recent order It was broken.,complaint
I am terrible my recent order,complaint
Kya bakwas bekar delivery kiya hai Mood kharab kar diya.,complaint
What a terrible the quality Fix this.,complaint
I am very disappointed with the delivery Never again.,complaint
Kya bakwas faltu service hai Mood kharab kar diya.,complaint
What a terrible service,complaint
I feel frustrated by customer support Never again.,complaint
What a unacceptable my recent order I want a refund.,complaint
Ekdam late khana tha Mood kharab kar diya.,complaint
Kya bakwas damage delivery kiya hai !,complaint
I feel very disappointed with service Late by 3 days.,complaint
This is worst my recent order Never again.,complaint
I am terrible the product I want a refund.,complaint
This is terrible the quality !,complaint
Kya bakwas faltu delivery kiya hai Mood kharab kar diya.,complaint
Sir yeh bekar product bhej diya !,complaint
This is awful customer support It was broken.,complaint
I feel unacceptable the delivery It was broken.,complaint
Sir yeh damage order tha Kaun khayega yeh?,complaint
I am worst the quality !,complaint
This is horrible the quality !,complaint
Kya bakwas ghatiya service hai Refund chahiye.,complaint
Absolutely very angry about the product Late by 3 days.,complaint
Absolutely very disappointed with the product !,complaint
Bhai maine kharaab product bhej diya Mood kharab kar diya.,complaint
This is horrible the delivery It was broken.,complaint
Absolutely awful customer support !,complaint
Bahut hi kharaab product bhej diya Kaun khayega yeh?,complaint
Absolutely very angry about the product Late by 3 days.,complaint
What a very angry about the delivery Fix this.,complaint
I feel worst experience Late by 3 days.,complaint
I feel frustrated by the product Never again.,complaint
Absolutely frustrated by my recent order Never again.,complaint
Absolutely terrible the delivery Never again.,complaint
I feel worst my recent order Fix this.,complaint
Bahut hi faltu delivery kiya hai Kaun khayega yeh?,complaint
Bhai maine late order tha Aisa thodi hota hai.,complaint
This is terrible the product Never again.,complaint
I feel terrible the delivery Fix this.,complaint
What a very angry about my recent order It was broken.,complaint
Bhai maine damage delivery kiya hai !,complaint
Bahut hi ghatiya delivery kiya hai !,complaint
What a unacceptable service Fix this.,complaint
I am horrible customer support Late by 3 days.,complaint
What a frustrated by my recent order I want a refund.,complaint
Kya bakwas late khana tha !,complaint
Absolutely very angry about service Fix this.,complaint
Bahut hi ghatiya service hai Aisa thodi hota hai.,complaint
Bhai maine ghatiya order tha Kaun khayega yeh?,complaint
Kya bakwas late service hai Paisa wapas karo.,complaint
I feel frustrated by the quality Never again.,complaint
I am horrible the product It was broken.,complaint
I feel worst the quality Never again.,complaint
This is unacceptable experience !,complaint
I feel horrible the product It was broken.,complaint
Bahut hi late product bhej diya Paisa wapas karo.,complaint
Bahut hi faltu order tha !,complaint
This is frustrated by the delivery I want a refund.,complaint
Sir yeh faltu order tha !,complaint
I feel terrible the quality !,complaint
This is very disappointed with the delivery,complaint
Absolutely terrible experience I want a refund.,complaint
What a very angry about the product !,complaint
Kya bakwas bekar khana tha Refund chahiye.,complaint
I am worst the delivery Fix this.,complaint
This is worst the quality Fix this.,complaint
Kya bakwas damage product bhej diya !,complaint
Absolutely unacceptable the quality !,complaint
I am very angry about service It was broken.,complaint
Kya bakwas kharaab delivery kiya hai Kaun khayega yeh?,complaint
Bahut hi late khana tha Mood kharab kar diya.,complaint
Sir yeh damage product bhej diya Aisa thodi hota hai.,complaint
This is very angry about the product !,complaint
This is horrible the product I want a refund.,complaint
I feel very disappointed with my recent order Fix this.,complaint
Absolutely awful the quality Never again.,complaint
I feel awful the quality Late by 3 days.,complaint
This is unacceptable my recent order I want a refund.,complaint
Absolutely very disappointed with customer support,complaint
This is frustrated by experience,complaint
I feel worst the delivery Late by 3 days.,complaint
Bahut hi damage khana tha Mood kharab kar diya.,complaint
What a unacceptable the product Never again.,complaint
Sir yeh damage order tha Paisa wapas karo.,complaint
Kya bakwas faltu delivery kiya hai Refund chahiye.,complaint
Sir yeh damage khana tha Aisa thodi hota hai.,complaint
Absolutely worst service !,complaint
Bhai maine ghatiya khana tha Mood kharab kar diya.,complaint
Absolutely awful the quality I want a refund.,complaint
What a frustrated by service,complaint
Absolutely unacceptable my recent order Fix this.,complaint
I feel awful the product !,complaint
I feel terrible the quality Never again.,complaint
Kya bakwas late delivery kiya hai Kaun khayega yeh?,complaint
Bahut hi kharaab khana tha !,complaint
Absolutely frustrated by experience Late by 3 days.,complaint
Bahut hi kharaab product bhej diya Paisa wapas karo.,complaint
What a very angry about the delivery Fix this.,complaint
I am very angry about the product Never again.,complaint
I feel horrible service,complaint
Absolutely worst customer support,complaint
Ekdam ghatiya service hai Mood kharab kar diya.,complaint
I feel very disappointed with service It was broken.,complaint
This is very disappointed with my recent order !,complaint
Bahut hi kharaab delivery kiya hai Mood kharab kar diya.,complaint
Ekdam ghatiya product bhej diya Refund chahiye.,complaint
This is awful my recent order I want a refund.,complaint
This is horrible the quality Fix this.,complaint
Bhai maine ghatiya order tha Paisa wapas karo.,complaint
What a horrible my recent order It was broken.,complaint
What a unacceptable service Fix this.,complaint
I feel very disappointed with the product,complaint
What a very angry about my recent order !,complaint
Absolutely unacceptable the delivery Fix this.,complaint
What a very angry about the delivery !,complaint
I feel frustrated by service Fix this.,complaint
I am frustrated by the delivery Late by 3 days.,complaint
What a very disappointed with service Late by 3 days.,complaint
What a terrible the quality,complaint
What a worst the quality Late by 3 days.,complaint
Bhai maine faltu delivery kiya hai !,complaint
What a awful the quality !,complaint
Sir yeh late delivery kiya hai Refund chahiye.,complaint
Ekdam ghatiya order tha !,complaint
I am terrible the delivery,complaint
This is frustrated by the delivery,complaint
Bahut hi kharaab delivery kiya hai Refund chahiye.,complaint
This is frustrated by the product,complaint
Bahut hi ghatiya khana tha !,complaint
Ekdam damage khana tha Aisa thodi hota hai.,complaint
This is very angry about customer support Never again.,complaint
I am awful the delivery,complaint
What a horrible the quality Fix this.,complaint
Bahut hi faltu khana tha !,complaint
Sir yeh bekar product bhej diya Kaun khayega yeh?,complaint
I feel very disappointed with the product,complaint
Sir yeh ghatiya delivery kiya hai !,complaint
Absolutely horrible service Late by 3 days.,complaint
I feel frustrated by my recent order,complaint
This is frustrated by service Fix this.,complaint
Absolutely worst the delivery It was broken.,complaint
This is unacceptable the delivery I want a refund.,complaint
I am terrible customer support It was broken.,complaint
I feel very disappointed with the quality Late by 3 days.,complaint
Sir yeh faltu service hai Aisa thodi hota hai.,complaint
I feel worst the quality,complaint
What a awful the delivery I want a refund.,complaint
Kya bakwas damage service hai Kaun khayega yeh?,complaint
I am terrible the delivery !,complaint
Absolutely unacceptable the delivery,complaint
This is unacceptable my recent order,complaint
Bhai maine ghatiya khana tha Mood kharab kar diya.,complaint
Bhai maine ghatiya delivery kiya hai !,complaint
I am awful the quality !,complaint
Ekdam bekar product bhej diya Aisa thodi hota hai.,complaint
What a awful the product It was broken.,complaint
This is frustrated by service,complaint
I feel awful the delivery I want a refund.,complaint
Ekdam faltu product bhej diya Refund chahiye.,complaint
What a terrible the delivery It was broken.,complaint
Absolutely worst the product !,complaint
Absolutely worst service Never again.,complaint
Bhai maine kharaab delivery kiya hai Kaun khayega yeh?,complaint
Kya bakwas late service hai Aisa thodi hota hai.,complaint
What a horrible my recent order Never again.,complaint
Bahut hi late order tha Mood kharab kar diya.,complaint
Absolutely horrible the delivery I want a refund.,complaint
Kya bakwas ghatiya order tha Mood kharab kar diya.,complaint
What a very disappointed with the product Never again.,complaint
What a unacceptable customer support Fix this.,complaint
What a unacceptable experience Late by 3 days.,complaint
What a unacceptable experience I want a refund.,complaint
Ekdam faltu order tha Refund chahiye.,complaint
I feel unacceptable customer support,complaint
Kya bakwas damage khana tha Mood kharab kar diya.,complaint
Absolutely very angry about my recent order I want a refund.,complaint
I feel frustrated by customer support Fix this.,complaint
I am very disappointed with the quality !,complaint
I feel frustrated by service I want a refund.,complaint
What a frustrated by the quality !,complaint
Sir yeh kharaab service hai !,complaint
Bhai maine ghatiya delivery kiya hai Mood kharab kar diya.,complaint
Bahut hi damage khana tha !,complaint
Absolutely very disappointed with the quality,complaint
Ekdam faltu order tha !,complaint
Bahut hi kharaab service hai Kaun khayega yeh?,complaint
Absolutely worst the delivery It was broken.,complaint
Kya bakwas damage delivery kiya hai Paisa wapas karo.,complaint
Bahut hi kharaab service hai Mood kharab kar diya.,complaint
Absolutely terrible my recent order Never again.,complaint
This is frustrated by experience It was broken.,complaint
Absolutely terrible the quality I want a refund.,complaint
I am horrible experience It was broken.,complaint
Absolutely awful service Late by 3 days.,complaint
Absolutely worst the quality It was broken.,complaint
This is horrible service It was broken.,complaint
Absolutely worst experience,complaint
I am horrible service Fix this.,complaint
What a horrible my recent order Fix this.,complaint
Bhai maine kharaab service hai Paisa wapas karo.,complaint
This is frustrated by service Never again.,complaint
Bhai maine faltu khana tha Mood kharab kar diya.,complaint
I am unacceptable the product I want a refund.,complaint
This is worst service Late by 3 days.,complaint
Kya bakwas late product bhej diya Kaun khayega yeh?,complaint
I am very angry about the delivery Never again.,complaint
Bahut hi ghatiya khana tha Aisa thodi hota hai.,complaint
Bhai maine ghatiya order tha Kaun khayega yeh?,complaint
What a worst customer support I want a refund.,complaint
Kya bakwas faltu delivery kiya hai Paisa wapas karo.,complaint
Absolutely horrible the delivery,complaint
I feel frustrated by the product Never again.,complaint
This is unacceptable the quality Fix this.,complaint
Ekdam damage khana tha Refund chahiye.,complaint
This is worst the delivery I want a refund.,complaint
What a worst the product I want a refund.,complaint
What a terrible experience I want a refund.,complaint
Ekdam damage product bhej diya !,complaint
I feel unacceptable the product It was broken.,complaint
I am frustrated by service !,complaint
This is very angry about the quality Late by 3 days.,complaint
This is very disappointed with my recent order It was broken.,complaint
I am worst my recent order It was broken.,complaint
I am terrible the delivery Late by 3 days.,complaint
I am very angry about customer support Fix this.,complaint
This is very disappointed with experience It was broken.,complaint
I feel worst customer support Fix this.,complaint
I feel frustrated by my recent order Fix this.,complaint
I am worst customer support !,complaint
Absolutely horrible customer support !,complaint
I feel unacceptable customer support,complaint
This is worst the quality !,complaint
This is horrible the delivery,complaint
I feel very angry about my recent order Fix this.,complaint
I feel unacceptable the quality Late by 3 days.,complaint
What a terrible service It was broken.,complaint
I feel unacceptable customer support I want a refund.,complaint
I feel very disappointed with customer support Fix this.,complaint
Ekdam ghatiya delivery kiya hai Paisa wapas karo.,complaint
This is frustrated by service Fix this.,complaint
I am horrible my recent order Late by 3 days.,complaint
Kya bakwas bekar order tha Paisa wapas karo.,complaint
Absolutely unacceptable experience I want a refund.,complaint
What a awful my recent order Fix this.,complaint
Kya bakwas bekar order tha Paisa wapas karo.,complaint
I feel very angry about the product Fix this.,complaint
This is very angry about my recent order !,complaint
This is horrible the product Late by 3 days.,complaint
What a horrible service,complaint
I feel frustrated by my recent order Fix this.,complaint
What a awful experience Late by 3 days.,complaint
I feel frustrated by my recent order I want a refund.,complaint
I am very disappointed with the quality I want a refund.,complaint
Bhai maine ghatiya service hai Aisa thodi hota hai.,complaint
I am frustrated by the quality,complaint
Sir yeh kharaab delivery kiya hai Mood kharab kar diya.,complaint
Absolutely frustrated by the delivery Late by 3 days.,complaint
I am very angry about the delivery It was broken.,complaint
Absolutely terrible the delivery It was broken.,complaint
Kya bakwas late delivery kiya hai Mood kharab kar diya.,complaint
I feel worst my recent order I want a refund.,complaint
I feel frustrated by my recent order Never again.,complaint
This is awful customer support Never again.,complaint
Absolutely very disappointed with service Late by 3 days.,complaint
I am horrible customer support !,complaint
Sir yeh kharaab khana tha Aisa thodi hota hai.,complaint
I feel very disappointed with my recent order I want a refund.,complaint
Sir yeh damage delivery kiya hai Paisa wapas karo.,complaint
Kya bakwas late order tha !,complaint
What a frustrated by the delivery It was broken.,complaint
What a terrible my recent order !,complaint
Bhai maine late delivery kiya hai Aisa thodi hota hai.,complaint
What a unacceptable the delivery I want a refund.,complaint
This is terrible service Fix this.,complaint
What a horrible service Late by 3 days.,complaint
Ekdam ghatiya product bhej diya Aisa thodi hota hai.,complaint
I feel terrible customer support Never again.,complaint
Sir yeh late order tha Aisa thodi hota hai.,complaint
This is terrible service Never again.,complaint
Bhai maine faltu product bhej diya Refund chahiye.,complaint
What a awful experience !,complaint
Absolutely unacceptable customer support Never again.,complaint
Ekdam kharaab product bhej diya Kaun khayega yeh?,complaint
I feel very angry about experience Fix this.,complaint
I feel awful the product It was broken.,complaint
Absolutely awful customer support Fix this.,complaint
Absolutely unacceptable experience !,complaint
What a very disappointed with my recent order I want a refund.,complaint
This is unacceptable the quality It was broken.,complaint
Bahut hi faltu service hai Aisa thodi hota hai.,complaint
Absolutely terrible customer support !,complaint
I feel worst the product Late by 3 days.,complaint
I feel frustrated by service I want a refund.,complaint
This is frustrated by experience Never again.,complaint
I am terrible experience !,complaint
Absolutely terrible the product Fix this.,complaint
I feel terrible the delivery Never again.,complaint
What a worst experience I want a refund.,complaint
Absolutely horrible the quality Fix this.,complaint
Sir yeh ghatiya khana tha Aisa thodi hota hai.,complaint
I feel unacceptable the quality !,complaint
Absolutely frustrated by my recent order It was broken.,complaint
I feel horrible customer support,complaint
I am frustrated by experience Late by 3 days.,complaint
Kya bakwas bekar delivery kiya hai !,complaint
What a unacceptable the delivery,complaint
I am very angry about the delivery I want a refund.,complaint
Sir yeh damage order tha Paisa wapas karo.,complaint
I feel horrible customer support It was broken.,complaint
What a unacceptable my recent order,complaint
Absolutely unacceptable customer support,complaint
This is terrible customer support I want a refund.,complaint
Bahut hi bekar product bhej diya !,complaint
Absolutely very disappointed with my recent order !,complaint
This is terrible service Late by 3 days.,complaint
What a horrible my recent order It was broken.,complaint
Bhai maine kharaab product bhej diya !,complaint
Absolutely frustrated by experience Late by 3 days.,complaint
What a terrible service Late by 3 days.,complaint
Bhai maine kharaab service hai !,complaint
Bahut hi ghatiya product bhej diya Mood kharab kar diya.,complaint
Kya bakwas ghatiya order tha Aisa thodi hota hai.,complaint
What a frustrated by the delivery,complaint
Kya bakwas late product bhej diya Mood kharab kar diya.,complaint
Absolutely very disappointed with customer support Never again.,complaint
This is awful the product It was broken.,complaint
This is worst my recent order It was broken.,complaint
Ekdam ghatiya khana tha Paisa wapas karo.,complaint
Absolutely frustrated by experience Fix this.,complaint
Absolutely frustrated by experience It was broken.,complaint
I feel awful the quality Never again.,complaint
Ekdam bekar service hai Aisa thodi hota hai.,complaint
Ekdam ghatiya delivery kiya hai Aisa thodi hota hai.,complaint
I feel awful customer support Never again.,complaint
I am unacceptable the delivery Fix this.,complaint
Kya bakwas ghatiya khana tha Kaun khayega yeh?,complaint
Bahut hi ghatiya service hai Mood kharab kar diya.,complaint
This is terrible the product I want a refund.,complaint
What a horrible service !,complaint
Bhai maine faltu khana tha Mood kharab kar diya.,complaint
What a worst customer support It was broken.,complaint
I am awful customer support I want a refund.,complaint
This is worst experience !,complaint
I feel terrible the delivery,complaint
Bhai maine damage delivery kiya hai Mood kharab kar diya.,complaint
I feel awful customer support Never again.,complaint
This is very disappointed with experience Late by 3 days.,complaint
Absolutely horrible my recent order It was broken.,complaint
I feel worst the quality,complaint
Bahut hi late service hai Kaun khayega yeh?,complaint
I am very disappointed with the quality It was broken.,complaint
What a awful my recent order Late by 3 days.,complaint
I feel very disappointed with experience Fix this.,complaint
I feel terrible the delivery It was broken.,complaint
Bhai maine kharaab khana tha Kaun khayega yeh?,complaint
Bahut hi kharaab service hai Refund chahiye.,complaint
I am awful experience Fix this.,complaint
I am horrible the product !,complaint
Ekdam bekar khana tha Aisa thodi hota hai.,complaint
I feel frustrated by service Late by 3 days.,complaint
Ekdam faltu delivery kiya hai Paisa wapas karo.,complaint
Absolutely worst experience I want a refund.,complaint
What a awful my recent order Late by 3 days.,complaint
Absolutely terrible experience I want a refund.,complaint
Absolutely very angry about the product It was broken.,complaint
Absolutely worst service !,complaint
Absolutely frustrated by my recent order Late by 3 days.,complaint
Absolutely terrible customer support,complaint
This is horrible my recent order It was broken.,complaint
This is frustrated by the product Fix this.,complaint
This is horrible my recent order It was broken.,complaint
I am frustrated by experience !,complaint
Absolutely worst experience Late by 3 days.,complaint
I am very disappointed with the delivery !,complaint
What a very angry about the product Late by 3 days.,complaint
Kya bakwas late order tha Refund chahiye.,complaint
I am horrible experience Fix this.,complaint
Absolutely frustrated by the quality !,complaint
Sir yeh faltu order tha !,complaint
Bahut hi bekar product bhej diya Mood kharab kar diya.,complaint
What a frustrated by service Late by 3 days.,complaint
I am very angry about my recent order Fix this.,complaint
Absolutely terrible the quality Late by 3 days.,complaint
What a unacceptable the product I want a refund.,complaint
Sir yeh bekar service hai Kaun khayega yeh?,complaint
Absolutely very disappointed with the delivery,complaint
Sir yeh bekar delivery kiya hai Paisa wapas karo.,complaint
This is horrible service Never again.,complaint
Sir yeh bekar service hai Aisa thodi hota hai.,complaint
What a worst experience Late by 3 days.,complaint
Sir yeh faltu delivery kiya hai Aisa thodi hota hai.,complaint
I am frustrated by customer support,complaint
Absolutely frustrated by the quality,complaint
What a horrible experience It was broken.,complaint
I feel very disappointed with service It was broken.,complaint
Kya bakwas ghatiya service hai !,complaint
Bhai maine bekar khana tha Mood kharab kar diya.,complaint
I am very disappointed with service Late by 3 days.,complaint
I feel terrible experience I want a refund.,complaint
What a terrible the product It was broken.,complaint
What a unacceptable experience Fix this.,complaint
This is terrible the delivery !,complaint
I am horrible the delivery I want a refund.,complaint
This is awful my recent order Fix this.,complaint
Absolutely worst the delivery It was broken.,complaint
This is worst the product Fix this.,complaint
Bahut hi damage khana tha Paisa wapas karo.,complaint
Sir yeh late khana tha Mood kharab kar diya.,complaint
What a terrible my recent order Never again.,complaint
This is awful the delivery Fix this.,complaint
I am very angry about the quality !,complaint
I am worst the quality Never again.,complaint
I feel unacceptable service,complaint
Absolutely awful the product Late by 3 days.,complaint
This is very disappointed with the quality I want a refund.,complaint
What a awful service !,complaint
Kya bakwas faltu product bhej diya Mood kharab kar diya.,complaint
Absolutely unacceptable the quality !,complaint
Absolutely awful the product,complaint
I feel horrible the product It was broken.,complaint
I am very angry about the quality Fix this.,complaint
This is very angry about the delivery !,complaint
I am very disappointed with customer support Fix this.,complaint
I feel horrible customer support Never again.,complaint
This is horrible experience Never again.,complaint
I feel horrible the product Fix this.,complaint
Kya bakwas damage order tha Paisa wapas karo.,complaint
Sir yeh bekar product bhej diya !,complaint
Kya bakwas kharaab product bhej diya !,complaint
Absolutely awful experience !,complaint
Kya bakwas ghatiya delivery kiya hai Mood kharab kar diya.,complaint
Absolutely awful the product I want a refund.,complaint
Absolutely worst my recent order I want a refund.,complaint
This is awful customer support,complaint
This is horrible the product Late by 3 days.,complaint
This is worst customer support It was broken.,complaint
I feel unacceptable experience,complaint
Ekdam late delivery kiya hai Kaun khayega yeh?,complaint
This is horrible my recent order I want a refund.,complaint
This is frustrated by the product !,complaint
Bhai maine damage order tha Kaun khayega yeh?,complaint
What a worst my recent order I want a refund.,complaint
I feel worst the quality Never again.,complaint
Absolutely awful the product Late by 3 days.,complaint
This is horrible my recent order,complaint
Absolutely frustrated by the product Late by 3 days.,complaint
Absolutely terrible the quality I want a refund.,complaint
I feel worst experience I want a refund.,complaint
I feel very angry about experience Late by 3 days.,complaint
This is very disappointed with the quality Never again.,complaint
Kya bakwas bekar order tha Aisa thodi hota hai.,complaint
I am very disappointed with the quality Never again.,complaint
Absolutely unacceptable customer support,complaint
Absolutely very angry about the product I want a refund.,complaint
This is terrible the quality Fix this.,complaint
I feel very angry about the delivery,complaint
Kya bakwas damage delivery kiya hai Kaun khayega yeh?,complaint
Bhai maine bekar delivery kiya hai Aisa thodi hota hai.,complaint
Absolutely awful service,complaint
I feel horrible my recent order Late by 3 days.,complaint
Sir yeh bekar service hai Refund chahiye.,complaint
Kya bakwas late order tha Mood kharab kar diya.,complaint
What a unacceptable the product I want a refund.,complaint
I feel horrible experience !,complaint
I am horrible experience It was broken.,complaint
This is very disappointed with customer support,complaint
Absolutely unacceptable my recent order Never again.,complaint
This is horrible customer support It was broken.,complaint
Kya bakwas late khana tha Mood kharab kar diya.,complaint
I am horrible the delivery !,complaint
Absolutely worst the product Never again.,complaint
Absolutely very disappointed with experience Fix this.,complaint
I am very angry about customer support It was broken.,complaint
What a terrible the quality !,complaint
Bahut hi late product bhej diya Aisa thodi hota hai.,complaint
What a worst customer support It was broken.,complaint
I am very angry about experience Fix this.,complaint
Kya bakwas damage product bhej diya Refund chahiye.,complaint
This is horrible the product Late by 3 days.,complaint
I feel unacceptable experience Fix this.,complaint
What a worst the product !,complaint
Sir yeh kharaab service hai Aisa thodi hota hai.,complaint
Kya bakwas bekar delivery kiya hai Paisa wapas karo.,complaint
I feel unacceptable experience !,complaint
Bhai maine ghatiya service hai Refund chahiye.,complaint
Kya bakwas kharaab delivery kiya hai Paisa wapas karo.,complaint
I am terrible the quality Never again.,complaint
I feel unacceptable service !,complaint
I feel awful service !,complaint
I feel very disappointed with the product It was broken.,complaint
This is terrible the product Fix this.,complaint
Absolutely unacceptable experience It was broken.,complaint
Absolutely frustrated by the quality !,complaint
This is horrible the delivery Fix this.,complaint
What a very disappointed with the quality Never again.,complaint
Ekdam kharaab order tha Kaun khayega yeh?,complaint
Ekdam damage delivery kiya hai Mood kharab kar diya.,complaint
What a terrible the quality I want a refund.,complaint
I am horrible the delivery Late by 3 days.,complaint
I am horrible the quality,complaint
Bhai maine late order tha Kaun khayega yeh?,complaint
Kya bakwas late delivery kiya hai Mood kharab kar diya.,complaint
I feel horrible customer support I want a refund.,complaint
Absolutely very angry about customer support,complaint
Bahut hi bekar khana tha Mood kharab kar diya.,complaint
Sir yeh damage order tha Kaun khayega yeh?,complaint
Absolutely horrible service !,complaint
I feel horrible the delivery Fix this.,complaint
Absolutely worst my recent order Fix this.,complaint
Sir yeh kharaab delivery kiya hai Kaun khayega yeh?,complaint
Absolutely horrible customer support Late by 3 days.,complaint
What a terrible the product !,complaint
I am worst the product Fix this.,complaint
What a unacceptable the product It was broken.,complaint
Kya bakwas late khana tha Mood kharab kar diya.,complaint
This is unacceptable the product Never again.,complaint
I am awful my recent order It was broken.,complaint
This is terrible experience I want a refund.,complaint
I am very disappointed with service !,complaint
I am very disappointed with the product !,complaint
Absolutely awful the delivery,complaint
I am very disappointed with customer support It was broken.,complaint
Bahut hi damage product bhej diya Kaun khayega yeh?,complaint
Sir yeh ghatiya delivery kiya hai Kaun khayega yeh?,complaint
I feel horrible the delivery I want a refund.,complaint
Bahut hi faltu order tha !,complaint
I am horrible customer support,complaint
I am unacceptable my recent order Never again.,complaint
Sir yeh faltu service hai Refund chahiye.,complaint
I feel very disappointed with experience Never again.,complaint
This is awful the delivery !,complaint
This is worst my recent order Never again.,complaint
This is very angry about my recent order !,complaint
I feel terrible customer support Late by 3 days.,complaint
I am horrible the delivery Fix this.,complaint
Absolutely unacceptable experience Fix this.,complaint
Kya bakwas ghatiya product bhej diya Refund chahiye.,complaint
This is unacceptable the product,complaint
This is worst my recent order !,complaint
I am horrible the product Late by 3 days.,complaint
I am unacceptable experience Never again.,complaint
Bhai maine ghatiya service hai Kaun khayega yeh?,complaint
Bahut hi late service hai Paisa wapas karo.,complaint
I feel horrible my recent order Late by 3 days.,complaint
Absolutely terrible the delivery I want a refund.,complaint
I am unacceptable the delivery,complaint
This is worst experience Late by 3 days.,complaint
Ekdam late service hai !,complaint
Bhai maine late delivery kiya hai Kaun khayega yeh?,complaint
This is worst experience It was broken.,complaint
Absolutely frustrated by the product Late by 3 days.,complaint
I feel very angry about service Late by 3 days.,complaint
Kya bakwas late product bhej diya Aisa thodi hota hai.,complaint
This is very angry about the product Fix this.,complaint
Bhai maine faltu khana tha Mood kharab kar diya.,complaint
I feel worst my recent order It was broken.,complaint
I am very angry about service !,complaint
Kya bakwas faltu khana tha Refund chahiye.,complaint
Absolutely very angry about the quality !,complaint
Sir yeh bekar order tha Paisa wapas karo.,complaint
Sir yeh late khana tha !,complaint
Sir yeh faltu product bhej diya Paisa wapas karo.,complaint
Bhai maine bekar product bhej diya Mood kharab kar diya.,complaint
Bhai maine bekar delivery kiya hai !,complaint
This is horrible my recent order It was broken.,complaint
I am terrible the product !,complaint
Bhai maine damage product bhej diya Paisa wapas karo.,complaint
Kya bakwas damage delivery kiya hai Refund chahiye.,complaint
I am horrible experience Fix this.,complaint
I feel very angry about service I want a refund.,complaint
I feel very disappointed with my recent order,complaint
Absolutely unacceptable customer support,complaint
Sir yeh late khana tha !,complaint
I am very angry about experience,complaint
This is unacceptable the quality,complaint
Absolutely horrible customer support It was broken.,complaint
I am horrible service Never again.,complaint
What a frustrated by experience Late by 3 days.,complaint
Kya bakwas late khana tha Aisa thodi hota hai.,complaint
I feel horrible service,complaint
This is horrible service Late by 3 days.,complaint
Kya bakwas damage delivery kiya hai Mood kharab kar diya.,complaint
Ekdam faltu khana tha Kaun khayega yeh?,complaint
Ekdam late khana tha Refund chahiye.,complaint
Sir yeh kharaab khana tha Paisa wapas karo.,complaint
Bhai maine ghatiya service hai Mood kharab kar diya.,complaint
I am awful experience I want a refund.,complaint
This is awful my recent order Never again.,complaint
What a horrible the product Fix this.,complaint
Absolutely very angry about my recent order !,complaint
This is horrible my recent order I want a refund.,complaint
What a very disappointed with the quality Late by 3 days.,complaint
Kya bakwas bekar order tha Kaun khayega yeh?,complaint
Absolutely very disappointed with the quality I want a refund.,complaint
What a very disappointed with my recent order !,complaint
What a very disappointed with service It was broken.,complaint
What a horrible service It was broken.,complaint
I feel unacceptable my recent order I want a refund.,complaint
I feel very disappointed with my recent order Late by 3 days.,complaint
Bahut hi bekar khana tha Kaun khayega yeh?,complaint
Bahut hi kharaab khana tha Kaun khayega yeh?,complaint
What a awful customer support Never again.,complaint
I am frustrated by the quality It was broken.,complaint
I feel frustrated by the delivery Late by 3 days.,complaint
Bhai maine damage delivery kiya hai Kaun khayega yeh?,complaint
Absolutely unacceptable service It was broken.,complaint
This is unacceptable service,complaint
I am awful my recent order It was broken.,complaint
I am horrible my recent order,complaint
Ekdam damage khana tha Aisa thodi hota hai.,complaint
I feel frustrated by service Late by 3 days.,complaint
I feel worst customer support !,complaint
Bhai maine ghatiya order tha Paisa wapas karo.,complaint
Absolutely worst the delivery I want a refund.,complaint
Bhai maine faltu khana tha Refund chahiye.,complaint
I feel very disappointed with my recent order Late by 3 days.,complaint
Absolutely terrible service,complaint
This is frustrated by my recent order,complaint
This is awful customer support Fix this.,complaint
What a worst customer support It was broken.,complaint
I feel awful the product It was broken.,complaint
Absolutely unacceptable service It was broken.,complaint
What a horrible experience !,complaint
Absolutely awful experience Late by 3 days.,complaint
What a terrible customer support !,complaint
What a horrible the delivery !,complaint
I feel frustrated by customer support !,complaint
Kya bakwas faltu order tha Aisa thodi hota hai.,complaint
I feel unacceptable the product I want a refund.,complaint
I feel very angry about the delivery Never again.,complaint
I am unacceptable the product Fix this.,complaint
I am very disappointed with the quality I want a refund.,complaint
Absolutely very disappointed with the quality It was broken.,complaint
I feel awful customer support Late by 3 days.,complaint
This is awful my recent order It was broken.,complaint
Ekdam kharaab khana tha Paisa wapas karo.,complaint
What a very disappointed with customer support I want a refund.,complaint
Absolutely very disappointed with the product,complaint
Kya bakwas late delivery kiya hai Paisa wapas karo.,complaint
Bhai maine faltu service hai !,complaint
This is very disappointed with my recent order Never again.,complaint
This is awful experience Never again.,complaint
This is unacceptable experience It was broken.,complaint
I am horrible the quality Late by 3 days.,complaint
I am horrible the product Fix this.,complaint
I feel horrible experience I want a refund.,complaint
I feel worst the quality It was broken.,complaint
Ekdam bekar delivery kiya hai !,complaint
Absolutely frustrated by customer support Never again.,complaint
I feel terrible service !,complaint
Bahut hi ghatiya khana tha Aisa thodi hota hai.,complaint
Sir yeh faltu khana tha !,complaint
Sir yeh faltu khana tha Refund chahiye.,complaint
Kya bakwas bekar order tha Paisa wapas karo.,complaint
Bahut hi faltu service hai Paisa wapas karo.,complaint
Bhai maine late product bhej diya Refund chahiye.,complaint
This is terrible the product I want a refund.,complaint
I feel worst the product Fix this.,complaint
Ekdam ghatiya service hai Refund chahiye.,complaint
Kya bakwas late order tha Mood kharab kar diya.,complaint
I feel frustrated by the product,complaint
I feel frustrated by the quality Late by 3 days.,complaint
Absolutely worst my recent order,complaint
Absolutely very angry about experience Late by 3 days.,complaint
What a horrible the product Late by 3 days.,complaint
What a very disappointed with customer support I want a refund.,complaint
Kya bakwas ghatiya order tha !,complaint
I am terrible the quality,complaint
I feel frustrated by experience Fix this.,complaint
I am very disappointed with experience Late by 3 days.,complaint
Kya bakwas bekar service hai Kaun khayega yeh?,complaint
What a horrible the quality Late by 3 days.,complaint
What a very angry about service Late by 3 days.,complaint
Kya bakwas late delivery kiya hai Paisa wapas karo.,complaint
Kya bakwas bekar khana tha Kaun khayega yeh?,complaint
Bahut hi late delivery kiya hai Aisa thodi hota hai.,complaint
What a unacceptable customer support I want a refund.,complaint
Kya bakwas damage service hai Aisa thodi hota hai.,complaint
I feel unacceptable experience,complaint
I am unacceptable customer support Late by 3 days.,complaint
Kya bakwas kharaab service hai Kaun khayega yeh?,complaint
Bahut hi ghatiya order tha !,complaint
I am awful experience It was broken.,complaint
What a unacceptable experience Late by 3 days.,complaint
Absolutely terrible the quality Never again.,complaint
I feel very disappointed with customer support !,complaint
Absolutely worst the quality,complaint
This is frustrated by the product I want a refund.,complaint
Sir yeh bekar delivery kiya hai Paisa wapas karo.,complaint
This is terrible the product,complaint
Kya bakwas faltu khana tha Mood kharab kar diya.,complaint
Ekdam kharaab order tha !,complaint
I feel horrible my recent order Late by 3 days.,complaint
What a terrible the product Never again.,complaint
Bahut hi bekar service hai Refund chahiye.,complaint
I feel frustrated by the product Late by 3 days.,complaint
Kya bakwas kharaab khana tha Kaun khayega yeh?,complaint
What a frustrated by the delivery It was broken.,complaint
I feel horrible service Never again.,complaint
This is worst the delivery I want a refund.,complaint
Kya bakwas late delivery kiya hai Aisa thodi hota hai.,complaint
Bhai maine damage delivery kiya hai Paisa wapas karo.,complaint
I am terrible customer support Late by 3 days.,complaint
Sir yeh ghatiya delivery kiya hai Kaun khayega yeh?,complaint
I feel horrible experience,complaint
Absolutely awful my recent order Fix this.,complaint
Absolutely horrible experience Fix this.,complaint
Absolutely horrible the product Fix this.,complaint
Ekdam faltu order tha Mood kharab kar diya.,complaint
Sir yeh damage service hai Mood kharab kar diya.,complaint
I am horrible customer support I want a refund.,complaint
I feel very angry about my recent order It was broken.,complaint
What a frustrated by experience Fix this.,complaint
I am unacceptable customer support,complaint
This is very angry about the delivery Fix this.,complaint
Absolutely worst experience It was broken.,complaint
What a unacceptable the delivery I want a refund.,complaint
Bhai maine ghatiya khana tha Aisa thodi hota hai.,complaint
This is very disappointed with the product !,complaint
This is very angry about service It was broken.,complaint
Absolutely terrible experience,complaint
This is worst customer support !,complaint
Bahut hi bekar order tha Aisa thodi hota hai.,complaint
What a awful the product It was broken.,complaint
I am unacceptable customer support Never again.,complaint
This is awful service Fix this.,complaint
Sir yeh kharaab delivery kiya hai Kaun khayega yeh?,complaint
I feel terrible the product,complaint
I am very disappointed with the quality Never again.,complaint
Absolutely very angry about the product I want a refund.,complaint
This is awful service It was broken.,complaint
This is horrible the delivery I want a refund.,complaint
What a very angry about experience,complaint
I am unacceptable service Never again.,complaint
Ekdam damage product bhej diya !,complaint
I feel frustrated by customer support,complaint
I am worst experience Never again.,complaint
This is very angry about the product Never again.,complaint
What a frustrated by the delivery Never again.,complaint
What a horrible customer support Fix this.,complaint
This is awful service !,complaint
Sir yeh ghatiya product bhej diya Mood kharab kar diya.,complaint
Ekdam faltu service hai Paisa wapas karo.,complaint
This is frustrated by the quality !,complaint
I am awful service !,complaint
What a worst experience It was broken.,complaint
Bahut hi kharaab order tha Mood kharab kar diya.,complaint
What a horrible the quality,complaint
Absolutely horrible experience It was broken.,complaint
Sir yeh bekar service hai Paisa wapas karo.,complaint
Absolutely unacceptable the delivery !,complaint
What a very disappointed with the delivery Fix this.,complaint
Absolutely frustrated by customer support Late by 3 days.,complaint
I feel terrible service I want a refund.,complaint
This is terrible the product !,complaint
I am terrible the delivery Fix this.,complaint
This is horrible my recent order !,complaint
I feel frustrated by the delivery !,complaint
Kya bakwas faltu product bhej diya Refund chahiye.,complaint
What a very angry about the quality Late by 3 days.,complaint
Bhai maine late delivery kiya hai Refund chahiye.,complaint
Bhai maine bekar delivery kiya hai Kaun khayega yeh?,complaint
What a unacceptable customer support !,complaint
Absolutely worst the quality Fix this.,complaint
Bahut hi damage khana tha Aisa thodi hota hai.,complaint
I feel terrible my recent order It was broken.,complaint
Bhai maine bekar product bhej diya Refund chahiye.,complaint
What a unacceptable the quality I want a refund.,complaint
Bahut hi ghatiya delivery kiya hai !,complaint
Bahut hi kharaab delivery kiya hai Mood kharab kar diya.,complaint
I feel worst the delivery I want a refund.,complaint
Absolutely horrible my recent order I want a refund.,complaint
Kya bakwas faltu khana tha Kaun khayega yeh?,complaint
I am unacceptable experience I want a refund.,complaint
I am very angry about the product Late by 3 days.,complaint
Bhai maine kharaab delivery kiya hai Refund chahiye.,complaint
Bahut hi damage delivery kiya hai Paisa wapas karo.,complaint
What a unacceptable my recent order !,complaint
Bhai maine late delivery kiya hai Kaun khayega yeh?,complaint
I am unacceptable the quality,complaint
Absolutely worst experience Fix this.,complaint
I feel very angry about customer support Late by 3 days.,complaint
Sir yeh bekar khana tha !,complaint
I am very disappointed with customer support,complaint
Ekdam faltu product bhej diya Refund chahiye.,complaint
I am frustrated by customer support,complaint
Absolutely awful the quality It was broken.,complaint
I feel worst service Never again.,complaint
Bhai maine damage service hai !,complaint
Bahut hi ghatiya order tha !,complaint
Bahut hi late delivery kiya hai Aisa thodi hota hai.,complaint
I am awful the quality Late by 3 days.,complaint
What a awful my recent order It was broken.,complaint
Sir yeh faltu order tha Kaun khayega yeh?,complaint
Absolutely terrible experience,complaint
Sir yeh faltu delivery kiya hai Aisa thodi hota hai.,complaint
This is awful the product Never again.,complaint
This is very angry about service,complaint
Kya bakwas ghatiya product bhej diya Aisa thodi hota hai.,complaint
I feel horrible service Never again.,complaint
What a unacceptable the delivery Never again.,complaint
I am very angry about my recent order Never again.,complaint
What a very disappointed with the product Late by 3 days.,complaint
What a unacceptable customer support Late by 3 days.,complaint
This is awful experience,complaint
Bahut hi bekar khana tha Kaun khayega yeh?,complaint
Kya bakwas bekar service hai Aisa thodi hota hai.,complaint
I feel very angry about experience Late by 3 days.,complaint
Bahut hi faltu product bhej diya Paisa wapas karo.,complaint
Ekdam damage order tha Refund chahiye.,complaint
I feel frustrated by experience !,complaint
This is terrible the quality Fix this.,complaint
This is very angry about the quality Late by 3 days.,complaint
Bhai maine damage service hai Mood kharab kar diya.,complaint
I feel horrible service It was broken.,complaint
Kya bakwas bekar service hai Refund chahiye.,complaint
What a awful the delivery !,complaint
This is horrible customer support,complaint
Absolutely terrible service !,complaint
I am very angry about service,complaint
Sir yeh ghatiya order tha Refund chahiye.,complaint
I am terrible experience Fix this.,complaint
Ekdam bekar khana tha Kaun khayega yeh?,complaint
Ekdam kharaab khana tha Kaun khayega yeh?,complaint
I am worst customer support It was broken.,complaint
This is worst service Fix this.,complaint
This is very disappointed with customer support !,complaint
I feel worst experience Never again.,complaint
What a frustrated by experience I want a refund.,complaint
I feel very angry about my recent order It was broken.,complaint
This is awful the product It was broken.,complaint
Kya bakwas ghatiya delivery kiya hai Refund chahiye.,complaint
Absolutely frustrated by the product Late by 3 days.,complaint
I am terrible customer support It was broken.,complaint
I feel awful customer support Fix this.,complaint
I am awful the quality I want a refund.,complaint
This is unacceptable service !,complaint
Absolutely frustrated by the delivery Late by 3 days.,complaint
I am awful the quality Fix this.,complaint
Bahut hi ghatiya service hai Kaun khayega yeh?,complaint
Ekdam kharaab delivery kiya hai !,complaint
Ekdam bekar service hai !,complaint
Absolutely very disappointed with the delivery,complaint
Bahut hi kharaab khana tha Aisa thodi hota hai.,complaint
Bhai maine kharaab service hai Paisa wapas karo.,complaint
I feel very angry about my recent order It was broken.,complaint
I feel worst customer support,complaint
This is horrible service Fix this.,complaint
This is terrible experience,complaint
Kya bakwas kharaab order tha Mood kharab kar diya.,complaint
Kya bakwas ghatiya product bhej diya Paisa wapas karo.,complaint
Bhai maine faltu order tha !,complaint
I feel very disappointed with customer support !,complaint
I am very disappointed with customer support I want a refund.,complaint
This is very disappointed with the delivery Fix this.,complaint
What a terrible the quality Fix this.,complaint
Sir yeh damage khana tha Paisa wapas karo.,complaint
I feel horrible the quality Late by 3 days.,complaint
I am horrible experience I want a refund.,complaint
Absolutely frustrated by service Fix this.,complaint
I am awful customer support !,complaint
Bhai maine bekar product bhej diya Paisa wapas karo.,complaint
Kya bakwas damage product bhej diya Refund chahiye.,complaint
Ekdam ghatiya khana tha Refund chahiye.,complaint
I am worst my recent order It was broken.,complaint
I am worst my recent order Never again.,complaint
What a terrible experience Late by 3 days.,complaint
This is very angry about experience,complaint
I feel horrible service It was broken.,complaint
Absolutely terrible my recent order It was broken.,complaint
I am horrible service I want a refund.,complaint
I am awful service It was broken.,complaint
What a frustrated by the quality Fix this.,complaint
Sir yeh bekar service hai Paisa wapas karo.,complaint
This is frustrated by service Fix this.,complaint
I am awful the product Fix this.,complaint
I feel awful my recent order It was broken.,complaint
I am unacceptable service,complaint
I feel frustrated by the product Fix this.,complaint
I feel unacceptable the product Never again.,complaint
I feel very angry about my recent order !,complaint
What a unacceptable my recent order I want a refund.,complaint
This is horrible my recent order,complaint
Ekdam bekar order tha Paisa wapas karo.,complaint
Absolutely very disappointed with customer support I want a refund.,complaint
I feel very disappointed with the product Late by 3 days.,complaint
This is horrible customer support I want a refund.,complaint
I am awful my recent order Fix this.,complaint
I feel worst the quality Never again.,complaint
Absolutely unacceptable customer support It was broken.,complaint
Sir yeh damage order tha Paisa wapas karo.,complaint
This is very disappointed with customer support It was broken.,complaint
What a frustrated by the delivery !,complaint
Sir yeh faltu service hai Kaun khayega yeh?,complaint
Ekdam late product bhej diya Aisa thodi hota hai.,complaint
I am unacceptable service !,complaint
Sir yeh kharaab service hai Kaun khayega yeh?,complaint
Absolutely horrible service !,complaint
Sir yeh damage order tha !,complaint
Bahut hi ghatiya service hai Refund chahiye.,complaint
Absolutely frustrated by the product,complaint
Sir yeh late order tha Aisa thodi hota hai.,complaint
Bahut hi bekar khana tha !,complaint
I feel horrible the delivery It was broken.,complaint
Absolutely very disappointed with service It was broken.,complaint
Bhai maine bekar khana tha Aisa thodi hota hai.,complaint
I feel unacceptable the product,complaint
Ekdam late khana tha Refund chahiye.,complaint
What a awful service,complaint
I feel horrible the product,complaint
Absolutely horrible the product It was broken.,complaint
Absolutely unacceptable experience !,complaint
I feel very angry about the delivery Never again.,complaint
Absolutely very disappointed with the delivery Late by 3 days.,complaint
I am very disappointed with the product,complaint
Absolutely unacceptable the delivery !,complaint
Sir yeh damage khana tha Kaun khayega yeh?,complaint
I am very disappointed with the quality !,complaint
Absolutely horrible customer support Late by 3 days.,complaint
Bhai maine kharaab service hai Aisa thodi hota hai.,complaint
I feel unacceptable service Never again.,complaint
Bahut hi faltu service hai !,complaint
Kya bakwas bekar khana tha Refund chahiye.,complaint
Absolutely awful experience Never again.,complaint
This is horrible the product I want a refund.,complaint
I feel very disappointed with customer support !,complaint
I feel worst the delivery Never again.,complaint
I am terrible my recent order,complaint
I am horrible customer support I want a refund.,complaint
This is unacceptable experience I want a refund.,complaint
Bhai maine damage product bhej diya Kaun khayega yeh?,complaint
Absolutely unacceptable customer support Fix this.,complaint
Sir yeh bekar khana tha Refund chahiye.,complaint
Bahut hi faltu service hai Aisa thodi hota hai.,complaint
I feel horrible experience Fix this.,complaint
I feel terrible experience It was broken.,complaint
Absolutely very disappointed with the product,complaint
Kya bakwas ghatiya service hai Paisa wapas karo.,complaint
What a very angry about the delivery Late by 3 days.,complaint
Sir yeh late khana tha Refund chahiye.,complaint
Absolutely very disappointed with my recent order Late by 3 days.,complaint
I feel terrible my recent order Late by 3 days.,complaint
This is worst the delivery It was broken.,complaint
Ekdam late delivery kiya hai !,complaint
I feel horrible the delivery Fix this.,complaint
I am very angry about service,complaint
What a frustrated by the product Fix this.,complaint
Bhai maine late service hai Kaun khayega yeh?,complaint
Absolutely very angry about my recent order It was broken.,complaint
I am very angry about the product I want a refund.,complaint
Bahut hi bekar service hai Paisa wapas karo.,complaint
Bahut hi late order tha Refund chahiye.,complaint
Absolutely horrible the product I want a refund.,complaint
I feel very angry about experience,complaint
I feel unacceptable my recent order Fix this.,complaint
What a worst my recent order Late by 3 days.,complaint
This is terrible the delivery I want a refund.,complaint
Ekdam faltu delivery kiya hai Paisa wapas karo.,complaint
This is awful service It was broken.,complaint
I am horrible experience It was broken.,complaint
Absolutely very disappointed with service Never again.,complaint
I am terrible experience Late by 3 days.,complaint
I am horrible customer support I want a refund.,complaint
This is very disappointed with the delivery I want a refund.,complaint
Absolutely unacceptable the quality !,complaint
Ekdam ghatiya khana tha Mood kharab kar diya.,complaint
Bhai maine faltu delivery kiya hai Kaun khayega yeh?,complaint
I am very disappointed with my recent order I want a refund.,complaint
This is awful the product,complaint
Bahut hi late product bhej diya Paisa wapas karo.,complaint
I feel unacceptable experience Never again.,complaint
Bahut hi late delivery kiya hai Refund chahiye.,complaint
I am very angry about the delivery !,complaint
I am unacceptable the delivery !,complaint
I am very angry about the product Late by 3 days.,complaint
I feel terrible the quality It was broken.,complaint
What a unacceptable experience Never again.,complaint
Absolutely very disappointed with service It was broken.,complaint
I am frustrated by customer support !,complaint
Kya bakwas late service hai Aisa thodi hota hai.,complaint
This is awful the quality It was broken.,complaint
Sir yeh late order tha Paisa wapas karo.,complaint
I feel frustrated by experience It was broken.,complaint
I am worst my recent order I want a refund.,complaint
What a worst my recent order Fix this.,complaint
What a very disappointed with the product I want a refund.,complaint
Bahut hi damage product bhej diya Mood kharab kar diya.,complaint
Kya bakwas ghatiya service hai Aisa thodi hota hai.,complaint
Ekdam bekar khana tha !,complaint
Kya bakwas damage order tha Mood kharab kar diya.,complaint
This is worst experience !,complaint
I feel very angry about experience Late by 3 days.,complaint
Ekdam damage service hai Kaun khayega yeh?,complaint
Kya bakwas ghatiya service hai !,complaint
Bhai maine damage delivery kiya hai Mood kharab kar diya.,complaint
Absolutely unacceptable my recent order Never again.,complaint
I am terrible customer support I want a refund.,complaint
Bahut hi late khana tha Aisa thodi hota hai.,complaint
I am frustrated by service !,complaint
What a horrible service I want a refund.,complaint
What a unacceptable the product Fix this.,complaint
I feel very disappointed with customer support Never again.,complaint
Absolutely horrible the delivery It was broken.,complaint
This is awful experience Fix this.,complaint
This is frustrated by customer support Late by 3 days.,complaint
What a horrible the delivery Late by 3 days.,complaint
I am worst service Never again.,complaint
I am horrible service I want a refund.,complaint
This is terrible my recent order Never again.,complaint
What a very disappointed with experience It was broken.,complaint
Bahut hi late khana tha !,complaint
What a awful the quality Late by 3 days.,complaint
Bhai maine damage khana tha Mood kharab kar diya.,complaint
Sir yeh bekar order tha Mood kharab kar diya.,complaint
Sir yeh late service hai Paisa wapas karo.,complaint
I feel very disappointed with my recent order I want a refund.,complaint
What a awful the quality !,complaint
Absolutely very disappointed with the delivery,complaint
Absolutely unacceptable the delivery Fix this.,complaint
I feel frustrated by customer support !,complaint
This is unacceptable experience,complaint
Bhai maine damage delivery kiya hai Mood kharab kar diya.,complaint
I feel very angry about the product Never again.,complaint
Absolutely worst service !,complaint
I am horrible the delivery Fix this.,complaint
What a worst the product Never again.,complaint
I am very angry about customer support Fix this.,complaint
Bhai maine late product bhej diya Mood kharab kar diya.,complaint
Bahut hi late delivery kiya hai Mood kharab kar diya.,complaint
What a very disappointed with my recent order Never again.,complaint
What a awful the product It was broken.,complaint
Bahut hi bekar order tha Mood kharab kar diya.,complaint
Bahut hi ghatiya service hai Refund chahiye.,complaint
Absolutely very disappointed with customer support,complaint
Bhai maine damage khana tha Paisa wapas karo.,complaint
Bahut hi damage product bhej diya Paisa wapas karo.,complaint
I am very angry about experience !,complaint
This is unacceptable service !,complaint
Ekdam bekar service hai Paisa wapas karo.,complaint
Absolutely awful my recent order Late by 3 days.,complaint
Absolutely frustrated by the product Fix this.,complaint
Bahut hi ghatiya service hai Aisa thodi hota hai.,complaint
Absolutely very disappointed with the quality It was broken.,complaint
I am frustrated by experience Late by 3 days.,complaint
What a unacceptable the quality !,complaint
Absolutely frustrated by my recent order Never again.,complaint
I am very angry about my recent order,complaint
Absolutely horrible experience !,complaint
Sir yeh ghatiya delivery kiya hai !,complaint
Ekdam kharaab khana tha Kaun khayega yeh?,complaint
This is terrible my recent order !,complaint
Kya bakwas kharaab service hai Aisa thodi hota hai.,complaint
Absolutely very disappointed with the quality Never again.,complaint
Bhai maine damage service hai Kaun khayega yeh?,complaint
I feel frustrated by experience I want a refund.,complaint
Absolutely unacceptable experience I want a refund.,complaint
Bhai maine kharaab delivery kiya hai Aisa thodi hota hai.,complaint
What a very angry about experience,complaint
I am horrible service Never again.,complaint
What a terrible the quality Late by 3 days.,complaint
Ekdam ghatiya product bhej diya Paisa wapas karo.,complaint
I am very angry about my recent order Fix this.,complaint
I feel worst the quality I want a refund.,complaint
Sir yeh kharaab khana tha Mood kharab kar diya.,complaint
Absolutely very angry about the product !,complaint
I feel very angry about the delivery Fix this.,complaint
I feel worst customer support Late by 3 days.,complaint
What a terrible service Never again.,complaint
Bhai maine bekar order tha !,complaint
Bahut hi damage service hai Refund chahiye.,complaint
This is very disappointed with experience Fix this.,complaint
Absolutely very disappointed with service,complaint
Kya bakwas kharaab product bhej diya Mood kharab kar diya.,complaint
I feel awful service It was broken.,complaint
I am terrible the delivery Fix this.,complaint
Kya bakwas bekar service hai Refund chahiye.,complaint
Bhai maine faltu order tha Mood kharab kar diya.,complaint
I feel frustrated by experience It was broken.,complaint
I feel worst customer support,complaint
Sir yeh damage product bhej diya Aisa thodi hota hai.,complaint
Ekdam bekar delivery kiya hai Kaun khayega yeh?,complaint
This is terrible service It was broken.,complaint
This is awful service I want a refund.,complaint
Bahut hi ghatiya service hai Refund chahiye.,complaint
What a very angry about the quality I want a refund.,complaint
Absolutely very angry about experience Fix this.,complaint
Bahut hi damage delivery kiya hai Aisa thodi hota hai.,complaint
I am worst customer support Late by 3 days.,complaint
I feel very disappointed with customer support !,complaint
Bahut hi ghatiya product bhej diya Paisa wapas karo.,complaint
I am horrible the product,complaint
I am unacceptable the quality Fix this.,complaint
Sir yeh ghatiya service hai Kaun khayega yeh?,complaint
What a unacceptable the delivery !,complaint
Ekdam bekar order tha Mood kharab kar diya.,complaint
I am unacceptable my recent order Late by 3 days.,complaint
This is horrible the product !,complaint
I am unacceptable the quality It was broken.,complaint
Kya bakwas ghatiya service hai Refund chahiye.,complaint
I am frustrated by service,complaint
Bhai maine kharaab product bhej diya Kaun khayega yeh?,complaint
I feel frustrated by customer support !,complaint
Absolutely awful the quality !,complaint
Absolutely awful the product !,complaint
Ekdam faltu delivery kiya hai Refund chahiye.,complaint
I am worst the quality,complaint
I feel worst service Late by 3 days.,complaint
I feel very angry about service Fix this.,complaint
I feel terrible experience !,complaint
I feel horrible customer support Late by 3 days.,complaint
Absolutely unacceptable experience Never again.,complaint
What a horrible customer support Never again.,complaint
Absolutely frustrated by experience,complaint
This is very disappointed with customer support Never again.,complaint
This is horrible the product,complaint
Kya bakwas bekar order tha Aisa thodi hota hai.,complaint
This is terrible the delivery,complaint
Absolutely worst customer support,complaint
Sir yeh damage khana tha !,complaint
This is very disappointed with the quality I want a refund.,complaint
What a very angry about the product Fix this.,complaint
This is terrible the delivery,complaint
Absolutely horrible experience Fix this.,complaint
Sir yeh damage product bhej diya Aisa thodi hota hai.,complaint
Kya bakwas ghatiya order tha Refund chahiye.,complaint
Bhai maine faltu delivery kiya hai Mood kharab kar diya.,complaint
What a horrible the quality Fix this.,complaint
I feel horrible the quality It was broken.,complaint
What a worst service I want a refund.,complaint
I feel very disappointed with the quality I want a refund.,complaint
Bhai maine ghatiya delivery kiya hai Mood kharab kar diya.,complaint
Sir yeh faltu khana tha Aisa thodi hota hai.,complaint
Ekdam bekar delivery kiya hai Aisa thodi hota hai.,complaint
Sir yeh bekar order tha Paisa wapas karo.,complaint
Absolutely very angry about my recent order Late by 3 days.,complaint
I feel very angry about service It was broken.,complaint
This is horrible the delivery Fix this.,complaint
I feel awful my recent order I want a refund.,complaint
I feel horrible experience,complaint
This is very disappointed with my recent order,complaint
What a unacceptable the quality It was broken.,complaint
Bahut hi ghatiya order tha Refund chahiye.,complaint
Bahut hi late khana tha !,complaint
Bhai maine ghatiya order tha Mood kharab kar diya.,complaint
I am terrible service Late by 3 days.,complaint
Absolutely horrible service,complaint
Ekdam faltu delivery kiya hai Mood kharab kar diya.,complaint
I feel terrible the delivery Never again.,complaint
Bahut hi ghatiya order tha Mood kharab kar diya.,complaint
Ekdam bekar order tha Paisa wapas karo.,complaint
I feel very disappointed with the product I want a refund.,complaint
Absolutely awful service It was broken.,complaint
Absolutely very angry about the product Never again.,complaint
What a horrible my recent order Never again.,complaint
What a terrible service Late by 3 days.,complaint
I am unacceptable customer support Late by 3 days.,complaint
Sir yeh damage product bhej diya Kaun khayega yeh?,complaint
Sir yeh ghatiya khana tha Aisa thodi hota hai.,complaint
Ekdam bekar service hai Aisa thodi hota hai.,complaint
This is terrible customer support Late by 3 days.,complaint
I feel very disappointed with service Never again.,complaint
This is unacceptable the quality It was broken.,complaint
Kya bakwas faltu product bhej diya Refund chahiye.,complaint
I feel horrible service !,complaint
What a worst customer support I want a refund.,complaint
Absolutely horrible the delivery,complaint
I feel frustrated by the delivery I want a refund.,complaint
Absolutely horrible my recent order Fix this.,complaint
This is awful my recent order Never again.,complaint
What a terrible customer support Late by 3 days.,complaint
Bhai maine faltu delivery kiya hai Kaun khayega yeh?,complaint
Bhai maine faltu delivery kiya hai !,complaint
Sir yeh damage product bhej diya Aisa thodi hota hai.,complaint
Ekdam damage order tha Paisa wapas karo.,complaint
Bhai maine kharaab khana tha Aisa thodi hota hai.,complaint
Bahut hi damage product bhej diya Kaun khayega yeh?,complaint
I feel worst experience !,complaint
I am horrible the delivery It was broken.,complaint
I am terrible the delivery I want a refund.,complaint
What a very angry about the delivery I want a refund.,complaint
Absolutely worst the delivery It was broken.,complaint
Ekdam damage order tha Aisa thodi hota hai.,complaint
What a very disappointed with the product Never again.,complaint
This is frustrated by the product Never again.,complaint
Kya bakwas damage product bhej diya !,complaint
I feel worst the quality !,complaint
Absolutely frustrated by experience,complaint
Absolutely terrible service Never again.,complaint
Bhai maine bekar service hai Refund chahiye.,complaint
I am worst my recent order It was broken.,complaint
What a unacceptable service Fix this.,complaint
This is very angry about my recent order Never again.,complaint
Absolutely very angry about the quality Late by 3 days.,complaint
I am very angry about service Fix this.,complaint
I am awful the delivery I want a refund.,complaint
Kya bakwas bekar delivery kiya hai Kaun khayega yeh?,complaint
Absolutely very angry about the product I want a refund.,complaint
This is very disappointed with experience I want a refund.,complaint
What a worst the delivery It was broken.,complaint
Bahut hi kharaab khana tha Mood kharab kar diya.,complaint
I am worst the delivery I want a refund.,complaint
Bhai maine faltu order tha !,complaint
Bhai maine kharaab product bhej diya Mood kharab kar diya.,complaint
Kya bakwas ghatiya product bhej diya Mood kharab kar diya.,complaint
I am awful customer support !,complaint
I am frustrated by service Never again.,complaint
What a horrible my recent order It was broken.,complaint
Bhai maine kharaab order tha !,complaint
This is frustrated by experience Fix this.,complaint
This is frustrated by customer support I want a refund.,complaint
What a frustrated by experience Fix this.,complaint
Bahut hi late khana tha !,complaint
This is very disappointed with experience,complaint
Bahut hi bekar product bhej diya !,complaint
Ekdam faltu product bhej diya Paisa wapas karo.,complaint
Bhai maine faltu delivery kiya hai Kaun khayega yeh?,complaint
Kya bakwas ghatiya product bhej diya Mood kharab kar diya.,complaint
Absolutely horrible service Fix this.,complaint
Absolutely very disappointed with the quality !,complaint
I feel very angry about service !,complaint
Bahut hi late service hai Refund chahiye.,complaint
Bahut hi damage khana tha !,complaint
I feel very angry about experience,complaint
Absolutely very disappointed with the product Fix this.,complaint
Absolutely terrible my recent order It was broken.,complaint
Ekdam damage order tha Kaun khayega yeh?,complaint
Kya bakwas faltu product bhej diya Aisa thodi hota hai.,complaint
I am very disappointed with service Fix this.,complaint
This is very angry about my recent order Never again.,complaint
This is very disappointed with service Late by 3 days.,complaint
This is very disappointed with experience Fix this.,complaint
Bahut hi faltu order tha Kaun khayega yeh?,complaint
Sir yeh bekar service hai !,complaint
Bahut hi faltu product bhej diya Refund chahiye.,complaint
This is very angry about my recent order I want a refund.,complaint
I feel very disappointed with the product Never again.,complaint
Ekdam damage service hai !,complaint
Sir yeh ghatiya product bhej diya !,complaint
Absolutely worst the quality It was broken.,complaint
This is terrible service It was broken.,complaint
This is horrible the quality Never again.,complaint
What a frustrated by experience Late by 3 days.,complaint
Ekdam late delivery kiya hai !,complaint
Sir yeh damage service hai Kaun khayega yeh?,complaint
I feel unacceptable the quality It was broken.,complaint
I feel very disappointed with the delivery !,complaint
Absolutely frustrated by the quality I want a refund.,complaint
Kya bakwas damage product bhej diya !,complaint
What a very angry about the delivery Fix this.,complaint
Absolutely horrible service Late by 3 days.,complaint
I am awful customer support Late by 3 days.,complaint
I feel frustrated by service I want a refund.,complaint
What a frustrated by the delivery,complaint
What a unacceptable customer support Never again.,complaint
I am terrible the product !,complaint
Sir yeh bekar delivery kiya hai Aisa thodi hota hai.,complaint
Ekdam kharaab delivery kiya hai Kaun khayega yeh?,complaint
What a very disappointed with experience Never again.,complaint
What a unacceptable the quality Never again.,complaint
Absolutely horrible service Late by 3 days.,complaint
I am terrible the product It was broken.,complaint
Absolutely very angry about my recent order Late by 3 days.,complaint
Kya bakwas faltu service hai Refund chahiye.,complaint
Bahut hi ghatiya product bhej diya Kaun khayega yeh?,complaint
Absolutely unacceptable customer support It was broken.,complaint
I feel unacceptable service Never again.,complaint
Sir yeh faltu service hai Kaun khayega yeh?,complaint
This is frustrated by experience I want a refund.,complaint
Sir yeh faltu product bhej diya Kaun khayega yeh?,complaint
Bahut hi kharaab service hai !,complaint
What a horrible customer support Fix this.,complaint
Ekdam ghatiya product bhej diya Kaun khayega yeh?,complaint
What a awful customer support Never again.,complaint
Bahut hi ghatiya product bhej diya Paisa wapas karo.,complaint
I feel very disappointed with customer support,complaint
Sir yeh damage order tha !,complaint
I feel horrible the product !,complaint
Ekdam ghatiya delivery kiya hai Paisa wapas karo.,complaint
I am awful the delivery !,complaint
Bahut hi damage delivery kiya hai Mood kharab kar diya.,complaint
Kya bakwas faltu khana tha Mood kharab kar diya.,complaint
Bahut hi ghatiya delivery kiya hai Refund chahiye.,complaint
This is horrible service I want a refund.,complaint
Ekdam faltu service hai Paisa wapas karo.,complaint
I am unacceptable the product !,complaint
What a awful the product Never again.,complaint
I feel very angry about customer support !,complaint
Sir yeh damage delivery kiya hai Mood kharab kar diya.,complaint
Absolutely very angry about the product Fix this.,complaint
Ekdam late delivery kiya hai Aisa thodi hota hai.,complaint
Sir yeh faltu service hai Aisa thodi hota hai.,complaint
What a frustrated by customer support,complaint
I feel horrible the quality Late by 3 days.,complaint
Absolutely frustrated by the product,complaint
Sir yeh faltu service hai Kaun khayega yeh?,complaint
Kya bakwas bekar khana tha Mood kharab kar diya.,complaint
I feel very angry about my recent order Late by 3 days.,complaint
What a very angry about my recent order It was broken.,complaint
I feel terrible the product It was broken.,complaint
Bahut hi ghatiya service hai Refund chahiye.,complaint
I am horrible the delivery It was broken.,complaint
Ekdam damage order tha Kaun khayega yeh?,complaint
I feel very angry about customer support,complaint
This is frustrated by the quality I want a refund.,complaint
Kya bakwas bekar order tha Paisa wapas karo.,complaint
Absolutely worst customer support !,complaint
Kya bakwas faltu delivery kiya hai !,complaint
Ekdam late product bhej diya Kaun khayega yeh?,complaint
Bahut hi kharaab order tha Mood kharab kar diya.,complaint
What a unacceptable the quality,complaint
I am worst the product,complaint
I am terrible service Never again.,complaint
Bahut hi ghatiya service hai !,complaint
I feel terrible customer support,complaint
I am terrible the product Never again.,complaint
I am awful my recent order !,complaint
Kya bakwas bekar service hai !,complaint
Bahut hi damage product bhej diya Paisa wapas karo.,complaint
This is terrible the product Late by 3 days.,complaint
Bahut hi late khana tha Kaun khayega yeh?,complaint
Absolutely worst the quality Never again.,complaint
Absolutely frustrated by the quality !,complaint
Sir yeh damage khana tha Mood kharab kar diya.,complaint
I am terrible the quality Fix this.,complaint
Sir yeh ghatiya order tha Kaun khayega yeh?,complaint
What a terrible customer support I want a refund.,complaint
Ekdam kharaab khana tha Mood kharab kar diya.,complaint
Bhai maine damage khana tha Aisa thodi hota hai.,complaint
This is very disappointed with the quality Never again.,complaint
Sir yeh late delivery kiya hai Aisa thodi hota hai.,complaint
I am unacceptable the product Fix this.,complaint
This is horrible service I want a refund.,complaint
Sir yeh damage service hai Mood kharab kar diya.,complaint
Absolutely very disappointed with customer support It was broken.,complaint
Absolutely unacceptable the quality I want a refund.,complaint
Sir yeh late service hai Mood kharab kar diya.,complaint
Absolutely awful the quality Never again.,complaint
I feel frustrated by the quality !,complaint
This is worst customer support,complaint
I am very angry about service Fix this.,complaint
What a awful the product It was broken.,complaint
Bahut hi bekar order tha Refund chahiye.,complaint
Sir yeh ghatiya product bhej diya Kaun khayega yeh?,complaint
Absolutely very angry about service It was broken.,complaint
I feel very disappointed with customer support Fix this.,complaint
Bahut hi bekar product bhej diya !,complaint
Kya bakwas damage delivery kiya hai Kaun khayega yeh?,complaint
Absolutely very angry about the product !,complaint
Kya bakwas kharaab khana tha !,complaint
Ekdam faltu service hai Mood kharab kar diya.,complaint
Absolutely very disappointed with customer support It was broken.,complaint
I feel terrible service I want a refund.,complaint
Absolutely very angry about service,complaint
I feel very disappointed with the product !,complaint
This is frustrated by service !,complaint
This is awful my recent order Late by 3 days.,complaint
What a awful the product,complaint
Absolutely frustrated by service Never again.,complaint
What a very disappointed with my recent order Never again.,complaint
This is worst the delivery Fix this.,complaint
Absolutely worst the product !,complaint
Absolutely worst the delivery,complaint
I am frustrated by customer support Late by 3 days.,complaint
Bahut hi faltu product bhej diya Mood kharab kar diya.,complaint
Kya bakwas damage order tha Paisa wapas karo.,complaint
I am unacceptable the product,complaint
What a awful experience Late by 3 days.,complaint
Absolutely very disappointed with the quality Fix this.,complaint
What a worst the delivery Never again.,complaint
Absolutely worst the delivery I want a refund.,complaint
This is very disappointed with my recent order It was broken.,complaint
This is horrible the quality,complaint
Bhai maine late order tha Mood kharab kar diya.,complaint
Kya bakwas damage delivery kiya hai Kaun khayega yeh?,complaint
I am unacceptable my recent order I want a refund.,complaint
Ekdam bekar service hai Aisa thodi hota hai.,complaint
This is worst experience !,complaint
Absolutely terrible the product Never again.,complaint
What a frustrated by the delivery Never again.,complaint
Ekdam bekar service hai Kaun khayega yeh?,complaint
What a awful the product It was broken.,complaint
What a very angry about the delivery !,complaint
Absolutely unacceptable service,complaint
Bahut hi kharaab product bhej diya Mood kharab kar diya.,complaint
Kya bakwas late khana tha Paisa wapas karo.,complaint
This is frustrated by experience It was broken.,complaint
Kya bakwas bekar delivery kiya hai Refund chahiye.,complaint
Sir yeh kharaab product bhej diya Mood kharab kar diya.,complaint
Bhai maine kharaab order tha Refund chahiye.,complaint
I am unacceptable the product Late by 3 days.,complaint
Absolutely unacceptable customer support Late by 3 days.,complaint
I am unacceptable the product I want a refund.,complaint
Absolutely terrible the delivery It was broken.,complaint
Kya bakwas damage khana tha Paisa wapas karo.,complaint
This is frustrated by experience Never again.,complaint
This is frustrated by the product It was broken.,complaint
I am awful service Never again.,complaint
I am worst the delivery,complaint
Absolutely terrible my recent order Late by 3 days.,complaint
Ekdam late khana tha Refund chahiye.,complaint
This is unacceptable service Fix this.,complaint
Sir yeh damage service hai Kaun khayega yeh?,complaint
What a very disappointed with the product Late by 3 days.,complaint
I feel very disappointed with experience I want a refund.,complaint
What a frustrated by my recent order I want a refund.,complaint
What a terrible the quality Late by 3 days.,complaint
Sir yeh bekar product bhej diya Paisa wapas karo.,complaint
This is terrible service !,complaint
I feel worst the product Late by 3 days.,complaint
Sir yeh bekar khana tha Kaun khayega yeh?,complaint
What a very angry about the delivery Never again.,complaint
Kya bakwas late order tha Kaun khayega yeh?,complaint
Absolutely very angry about the product Fix this.,complaint
What a worst customer support Late by 3 days.,complaint
Absolutely worst the quality Late by 3 days.,complaint
Bahut hi bekar khana tha Mood kharab kar diya.,complaint
What a very angry about the product I want a refund.,complaint
Sir yeh damage product bhej diya Kaun khayega yeh?,complaint
I feel awful the product,complaint
What a frustrated by the delivery,complaint
I am awful experience Late by 3 days.,complaint
This is very disappointed with my recent order I want a refund.,complaint
Ekdam bekar khana tha !,complaint
I am very disappointed with my recent order,complaint
I am unacceptable customer support Late by 3 days.,complaint
I feel worst the product I want a refund.,complaint
Ekdam kharaab service hai Refund chahiye.,complaint
Sir yeh ghatiya khana tha Aisa thodi hota hai.,complaint
Absolutely horrible experience !,complaint
I am awful the quality Never again.,complaint
I feel awful customer support It was broken.,complaint
This is frustrated by the product I want a refund.,complaint
Absolutely awful the delivery Never again.,complaint
This is awful the delivery Fix this.,complaint
I am very angry about customer support Never again.,complaint
I feel very angry about experience,complaint
Bhai maine kharaab khana tha !,complaint
I feel frustrated by the delivery I want a refund.,complaint
This is awful customer support !,complaint
I am very angry about my recent order Late by 3 days.,complaint
What a terrible my recent order Late by 3 days.,complaint
Bahut hi bekar khana tha Kaun khayega yeh?,complaint
What a frustrated by experience,complaint
This is awful service Late by 3 days.,complaint
Bahut hi damage delivery kiya hai Mood kharab kar diya.,complaint
Sir yeh faltu delivery kiya hai Aisa thodi hota hai.,complaint
Bahut hi ghatiya service hai Kaun khayega yeh?,complaint
I am horrible experience It was broken.,complaint
I feel very disappointed with my recent order !,complaint
Absolutely very angry about the delivery I want a refund.,complaint
Ekdam bekar khana tha Kaun khayega yeh?,complaint
Absolutely horrible the delivery Never again.,complaint
What a terrible the product I want a refund.,complaint
I am terrible customer support It was broken.,complaint
Sir yeh faltu order tha Kaun khayega yeh?,complaint
What a worst the delivery Never again.,complaint
This is worst the product It was broken.,complaint
Absolutely horrible experience It was broken.,complaint
This is awful the product It was broken.,complaint
This is frustrated by experience,complaint
This is very angry about the delivery,complaint
Absolutely terrible service !,complaint
This is horrible my recent order,complaint
Absolutely very disappointed with the delivery I want a refund.,complaint
I feel very disappointed with experience Never again.,complaint
I feel horrible the product Never again.,complaint
I am frustrated by customer support It was broken.,complaint
Ekdam faltu delivery kiya hai Kaun khayega yeh?,complaint
I am very disappointed with experience Never again.,complaint
This is terrible the quality !,complaint
I feel very angry about service !,complaint
Sir yeh late service hai !,complaint
I feel very angry about service It was broken.,complaint
This is very angry about service,complaint
Bhai maine damage khana tha Mood kharab kar diya.,complaint
I am unacceptable experience Late by 3 days.,complaint
Bahut hi damage service hai Mood kharab kar diya.,complaint
I feel worst customer support Never again.,complaint
Ekdam bekar khana tha Paisa wapas karo.,complaint
What a awful the quality !,complaint
What a very angry about customer support !,complaint
Bahut hi ghatiya delivery kiya hai Refund chahiye.,complaint
Ekdam faltu service hai Paisa wapas karo.,complaint
Absolutely terrible experience Fix this.,complaint
Absolutely horrible the product Never again.,complaint
Bhai maine kharaab service hai Aisa thodi hota hai.,complaint
I am worst customer support Late by 3 days.,complaint
Sir yeh bekar khana tha Mood kharab kar diya.,complaint
I feel very angry about my recent order Never again.,complaint
I feel awful experience !,complaint
Bahut hi faltu order tha Aisa thodi hota hai.,complaint
Sir yeh kharaab khana tha Aisa thodi hota hai.,complaint
What a frustrated by service Never again.,complaint
Absolutely unacceptable the quality,complaint
Ekdam late product bhej diya Refund chahiye.,complaint
What a horrible my recent order Late by 3 days.,complaint
This is frustrated by the product !,complaint
This is terrible the product,complaint
What a very disappointed with customer support Late by 3 days.,complaint
I am worst service I want a refund.,complaint
This is frustrated by the delivery It was broken.,complaint
I feel very angry about service Late by 3 days.,complaint
Bahut hi damage product bhej diya Paisa wapas karo.,complaint
This is horrible service It was broken.,complaint
Bahut hi late khana tha !,complaint
Sir yeh late delivery kiya hai Paisa wapas karo.,complaint
Bahut hi kharaab service hai Mood kharab kar diya.,complaint
I am very angry about the product Late by 3 days.,complaint
Absolutely horrible the product It was broken.,complaint
Bahut hi kharaab service hai Refund chahiye.,complaint
I am unacceptable the quality Late by 3 days.,complaint
Sir yeh damage product bhej diya Kaun khayega yeh?,complaint
Kya bakwas damage product bhej diya Paisa wapas karo.,complaint
What a very disappointed with the delivery Never again.,complaint
I feel terrible service It was broken.,complaint
What a terrible customer support Late by 3 days.,complaint
Sir yeh bekar delivery kiya hai Refund chahiye.,complaint
Bhai maine bekar product bhej diya Kaun khayega yeh?,complaint
Ekdam bekar order tha Kaun khayega yeh?,complaint
I feel worst my recent order It was broken.,complaint
Ekdam damage delivery kiya hai Refund chahiye.,complaint
Sir yeh bekar khana tha Paisa wapas karo.,complaint
I feel frustrated by my recent order !,complaint
I feel unacceptable experience Late by 3 days.,complaint
This is very disappointed with experience Late by 3 days.,complaint
This is awful the quality I want a refund.,complaint
Bahut hi damage order tha Refund chahiye.,complaint
Sir yeh bekar product bhej diya Aisa thodi hota hai.,complaint
I am worst the quality I want a refund.,complaint
This is horrible the delivery I want a refund.,complaint
Bahut hi faltu delivery kiya hai Aisa thodi hota hai.,complaint
Absolutely terrible the delivery Fix this.,complaint
What a awful my recent order Fix this.,complaint
Bhai maine bekar service hai !,complaint
Sir yeh kharaab order tha Paisa wapas karo.,complaint
What a terrible my recent order Never again.,complaint
What a very disappointed with the quality Late by 3 days.,complaint
Bahut hi damage order tha Aisa thodi hota hai.,complaint
What a horrible customer support,complaint
What a very angry about service Fix this.,complaint
Sir yeh faltu khana tha !,complaint
Bhai maine ghatiya order tha Mood kharab kar diya.,complaint
Bahut hi ghatiya service hai Paisa wapas karo.,complaint
I feel frustrated by the quality It was broken.,complaint
Absolutely horrible customer support Late by 3 days.,complaint
Bhai maine late delivery kiya hai Mood kharab kar diya.,complaint
Bahut hi faltu product bhej diya Paisa wapas karo.,complaint
Bahut hi kharaab product bhej diya Aisa thodi hota hai.,complaint
Bahut hi ghatiya product bhej diya Refund chahiye.,complaint
Kya bakwas bekar service hai Aisa thodi hota hai.,complaint
I am very angry about experience Late by 3 days.,complaint
Bahut hi faltu service hai Mood kharab kar diya.,complaint
Sir yeh ghatiya order tha Mood kharab kar diya.,complaint
Ekdam ghatiya service hai Aisa thodi hota hai.,complaint
Bhai maine bekar delivery kiya hai Paisa wapas karo.,complaint
What a very angry about my recent order Late by 3 days.,complaint
Absolutely horrible the product,complaint
Absolutely horrible the product Never again.,complaint
Sir yeh kharaab product bhej diya !,complaint
Absolutely frustrated by the delivery It was broken.,complaint
Bhai maine bekar product bhej diya Aisa thodi hota hai.,complaint
What a very angry about the product,complaint
I am very disappointed with service,complaint
This is awful the delivery It was broken.,complaint
Ekdam kharaab product bhej diya Kaun khayega yeh?,complaint
What a very disappointed with customer support,complaint
Sir yeh ghatiya delivery kiya hai Kaun khayega yeh?,complaint
What a terrible the quality It was broken.,complaint
I feel very angry about service,complaint
I feel very disappointed with my recent order I want a refund.,complaint
This is very angry about the quality Never again.,complaint
Bhai maine late khana tha !,complaint
I am very angry about the quality !,complaint
What a frustrated by the product Never again.,complaint
Kya bakwas ghatiya product bhej diya Mood kharab kar diya.,complaint
This is very angry about customer support Never again.,complaint
I feel worst the product Never again.,complaint
I feel worst service,complaint
I am awful the product !,complaint
Bahut hi faltu service hai !,complaint
Absolutely worst experience Fix this.,complaint
I am awful the quality Late by 3 days.,complaint
I feel worst my recent order I want a refund.,complaint
Bhai maine faltu product bhej diya !,complaint
Absolutely very disappointed with the product It was broken.,complaint
Ekdam ghatiya order tha Paisa wapas karo.,complaint
This is unacceptable service I want a refund.,complaint
What a horrible service Never again.,complaint
Absolutely awful service Fix this.,complaint
What a awful the product I want a refund.,complaint
I feel awful my recent order Fix this.,complaint
Absolutely horrible customer support I want a refund.,complaint
I feel horrible experience Never again.,complaint
I feel awful the quality It was broken.,complaint
This is terrible the delivery !,complaint
Bhai maine ghatiya delivery kiya hai Mood kharab kar diya.,complaint
I am unacceptable customer support !,complaint
I feel awful the quality Late by 3 days.,complaint
This is very disappointed with customer support Fix this.,complaint
What a awful my recent order !,complaint
This is awful customer support It was broken.,complaint
What a very angry about service !,complaint
I am terrible customer support Late by 3 days.,complaint
This is frustrated by experience It was broken.,complaint
What a awful the product !,complaint
I am worst service It was broken.,complaint
Absolutely very angry about the delivery Never again.,complaint
I am very disappointed with experience Fix this.,complaint
I feel frustrated by service I want a refund.,complaint
I feel worst the product Never again.,complaint
What a worst service !,complaint
I am unacceptable the quality I want a refund.,complaint
Ekdam bekar service hai Refund chahiye.,complaint
This is very angry about the delivery Fix this.,complaint
What a worst the quality Never again.,complaint
Ekdam kharaab product bhej diya Kaun khayega yeh?,complaint
I am worst the product !,complaint
I feel awful the quality I want a refund.,complaint
What a worst the delivery Fix this.,complaint
I feel awful customer support Late by 3 days.,complaint
Ekdam faltu product bhej diya Refund chahiye.,complaint
I am horrible the quality !,complaint
I am horrible service I want a refund.,complaint
This is unacceptable the delivery I want a refund.,complaint
I feel frustrated by service Never again.,complaint
Bahut hi faltu delivery kiya hai Paisa wapas karo.,complaint
Bhai maine kharaab delivery kiya hai Aisa thodi hota hai.,complaint
I am worst the delivery I want a refund.,complaint
I am horrible the quality Fix this.,complaint
What a horrible customer support Late by 3 days.,complaint
Absolutely very angry about my recent order Late by 3 days.,complaint
I am frustrated by the product It was broken.,complaint
What a terrible the quality !,complaint
Absolutely terrible service Late by 3 days.,complaint
Kya bakwas damage khana tha Mood kharab kar diya.,complaint
Bahut hi kharaab product bhej diya Aisa thodi hota hai.,complaint
I feel unacceptable customer support Late by 3 days.,complaint
Kya bakwas ghatiya delivery kiya hai Aisa thodi hota hai.,complaint
Bhai maine bekar product bhej diya Mood kharab kar diya.,complaint
What a very disappointed with the delivery !,complaint
Bhai maine damage product bhej diya Mood kharab kar diya.,complaint
Ekdam late service hai Refund chahiye.,complaint
I feel very angry about the quality,complaint
This is very angry about the delivery Late by 3 days.,complaint
This is very angry about the delivery !,complaint
This is worst experience It was broken.,complaint
I am worst service I want a refund.,complaint
What a very disappointed with experience Fix this.,complaint
Kya bakwas ghatiya khana tha !,complaint
I am very disappointed with my recent order It was broken.,complaint
Absolutely frustrated by the quality !,complaint
I feel horrible customer support Late by 3 days.,complaint
Sir yeh late product bhej diya Aisa thodi hota hai.,complaint
Bahut hi damage khana tha Paisa wapas karo.,complaint
What a worst the delivery I want a refund.,complaint
I feel terrible customer support Never again.,complaint
What a awful the delivery I want a refund.,complaint
Kya bakwas ghatiya order tha !,complaint
I am very angry about the product Never again.,complaint
I am terrible customer support Fix this.,complaint
What a very disappointed with my recent order,complaint
I am very angry about the product,complaint
Kya bakwas ghatiya product bhej diya Aisa thodi hota hai.,complaint
Ekdam faltu service hai Refund chahiye.,complaint
Sir yeh faltu delivery kiya hai Refund chahiye.,complaint
I am very angry about the product !,complaint
Ekdam bekar khana tha Kaun khayega yeh?,complaint
I am horrible the quality !,complaint
Bahut hi kharaab service hai !,complaint
Kya bakwas faltu khana tha Kaun khayega yeh?,complaint
Bahut hi ghatiya delivery kiya hai Mood kharab kar diya.,complaint
What a very disappointed with the delivery Never again.,complaint
I am unacceptable the quality !,complaint
Sir yeh faltu order tha Kaun khayega yeh?,complaint
Absolutely unacceptable the product I want a refund.,complaint
Absolutely very disappointed with service Never again.,complaint
I am very disappointed with the delivery Late by 3 days.,complaint
This is frustrated by my recent order !,complaint
This is unacceptable experience It was broken.,complaint
Sir yeh faltu service hai Kaun khayega yeh?,complaint
Bhai maine faltu order tha Refund chahiye.,complaint
What a terrible customer support Never again.,complaint
Absolutely horrible customer support,complaint
This is very disappointed with the delivery Never again.,complaint
This is unacceptable customer support Late by 3 days.,complaint
I feel frustrated by my recent order Fix this.,complaint
I feel worst customer support Never again.,complaint
Absolutely awful customer support Late by 3 days.,complaint
I am very disappointed with the product I want a refund.,complaint
I feel horrible the quality Fix this.,complaint
What a horrible customer support Late by 3 days.,complaint
What a very disappointed with my recent order Fix this.,complaint
Absolutely very disappointed with the quality !,complaint
I feel worst my recent order Fix this.,complaint
I am frustrated by my recent order !,complaint
I feel terrible the delivery It was broken.,complaint
I feel awful the product Fix this.,complaint
What a terrible the delivery Late by 3 days.,complaint
I feel unacceptable the quality It was broken.,complaint
This is unacceptable my recent order I want a refund.,complaint
This is unacceptable the delivery It was broken.,complaint
This is horrible service Fix this.,complaint
Bahut hi faltu product bhej diya Refund chahiye.,complaint
I am awful the delivery It was broken.,complaint
What a horrible the product,complaint
Bhai maine late order tha Kaun khayega yeh?,complaint
This is very disappointed with customer support Never again.,complaint
I am unacceptable my recent order I want a refund.,complaint
Sir yeh ghatiya service hai Kaun khayega yeh?,complaint
I feel very disappointed with experience I want a refund.,complaint
I feel worst my recent order Fix this.,complaint
This is very disappointed with the quality It was broken.,complaint
This is terrible my recent order It was broken.,complaint
Absolutely terrible experience I want a refund.,complaint
Ekdam damage khana tha Refund chahiye.,complaint
I feel horrible the delivery Fix this.,complaint
Bahut hi faltu order tha Aisa thodi hota hai.,complaint
I feel very disappointed with service It was broken.,complaint
Kya bakwas kharaab khana tha Mood kharab kar diya.,complaint
What a very angry about customer support !,complaint
I feel very disappointed with the quality Late by 3 days.,complaint
Absolutely very disappointed with customer support It was broken.,complaint
I am awful experience Late by 3 days.,complaint
I feel very angry about the delivery,complaint
Bhai maine ghatiya order tha Refund chahiye.,complaint
This is frustrated by the quality Fix this.,complaint
Bahut hi faltu delivery kiya hai Refund chahiye.,complaint
This is frustrated by service Never again.,complaint
Absolutely unacceptable experience It was broken.,complaint
Bhai maine late product bhej diya !,complaint
Absolutely very angry about experience Fix this.,complaint
I am horrible service Late by 3 days.,complaint
Bahut hi ghatiya khana tha Refund chahiye.,complaint
Bhai maine damage khana tha Kaun khayega yeh?,complaint
This is awful the delivery It was broken.,complaint
What a frustrated by customer support Fix this.,complaint
I feel awful service !,complaint
Bahut hi late khana tha !,complaint
Sir yeh faltu service hai !,complaint
I am horrible my recent order I want a refund.,complaint
Bahut hi late order tha Paisa wapas karo.,complaint
This is unacceptable the product,complaint
I am horrible experience Fix this.,complaint
Absolutely terrible service,complaint
I am very angry about my recent order Never again.,complaint
Bhai maine bekar order tha Kaun khayega yeh?,complaint
Ekdam damage service hai !,complaint
Bhai maine late service hai Mood kharab kar diya.,complaint
Sir yeh late product bhej diya !,complaint
Bhai maine ghatiya khana tha Paisa wapas karo.,complaint
What a unacceptable experience Never again.,complaint
Bahut hi late service hai Refund chahiye.,complaint
Bhai maine late delivery kiya hai Mood kharab kar diya.,complaint
This is horrible customer support It was broken.,complaint
What a terrible the product Never again.,complaint
Bhai maine faltu delivery kiya hai Refund chahiye.,complaint
What a very disappointed with the delivery,complaint
This is worst experience,complaint
Absolutely unacceptable customer support Late by 3 days.,complaint
Bahut hi ghatiya service hai Kaun khayega yeh?,complaint
This is frustrated by the product It was broken.,complaint
This is unacceptable the quality I want a refund.,complaint
Absolutely worst service Fix this.,complaint
Kya bakwas damage order tha Paisa wapas karo.,complaint
Bahut hi bekar khana tha !,complaint
Bahut hi faltu order tha Kaun khayega yeh?,complaint
I feel frustrated by experience Fix this.,complaint
Absolutely frustrated by customer support Late by 3 days.,complaint
Ekdam faltu product bhej diya !,complaint
Sir yeh late order tha Kaun khayega yeh?,complaint
I am worst the quality It was broken.,complaint
Kya bakwas bekar order tha Refund chahiye.,complaint
I feel very angry about the delivery,complaint
Kya bakwas kharaab khana tha Paisa wapas karo.,complaint
I feel frustrated by the delivery Late by 3 days.,complaint
I am frustrated by my recent order,complaint
I am unacceptable my recent order Never again.,complaint
I am worst the delivery Fix this.,complaint
I am awful the quality,complaint
Bahut hi ghatiya service hai Kaun khayega yeh?,complaint
Bhai maine bekar delivery kiya hai Kaun khayega yeh?,complaint
Kya bakwas damage service hai Refund chahiye.,complaint
What a unacceptable the quality !,complaint
Bahut hi kharaab service hai Aisa thodi hota hai.,complaint
What a very angry about the quality I want a refund.,complaint
I feel worst the quality,complaint
I am awful customer support !,complaint
Bahut hi kharaab service hai Paisa wapas karo.,complaint
Absolutely terrible experience It was broken.,complaint
I am worst customer support,complaint
This is unacceptable the quality It was broken.,complaint
I am very disappointed with customer support Fix this.,complaint
This is unacceptable experience,complaint
I am terrible the quality I want a refund.,complaint
Bhai maine bekar khana tha Mood kharab kar diya.,complaint
Bhai maine faltu service hai Refund chahiye.,complaint
I am frustrated by my recent order I want a refund.,complaint
Kya bakwas damage service hai Refund chahiye.,complaint
Absolutely very disappointed with the product I want a refund.,complaint
I am very angry about the product Late by 3 days.,complaint
Ekdam ghatiya service hai Aisa thodi hota hai.,complaint
What a frustrated by experience Fix this.,complaint
This is terrible service It was broken.,complaint
I feel awful experience,complaint
Absolutely horrible the delivery Never again.,complaint
I feel very disappointed with the product Late by 3 days.,complaint
This is awful customer support !,complaint
Bahut hi ghatiya khana tha Mood kharab kar diya.,complaint
Absolutely terrible service Fix this.,complaint
Bahut hi late delivery kiya hai Mood kharab kar diya.,complaint
I feel frustrated by my recent order Late by 3 days.,complaint
Absolutely horrible the quality Late by 3 days.,complaint
I feel unacceptable customer support It was broken.,complaint
This is horrible the delivery Fix this.,complaint
Ekdam bekar delivery kiya hai Refund chahiye.,complaint
Ekdam ghatiya order tha !,complaint
I am awful my recent order It was broken.,complaint
Sir yeh kharaab product bhej diya Kaun khayega yeh?,complaint
I am unacceptable the delivery Never again.,complaint
Sir yeh late order tha Kaun khayega yeh?,complaint
What a frustrated by the delivery I want a refund.,complaint
Sir yeh late khana tha Paisa wapas karo.,complaint
Kya bakwas kharaab khana tha Refund chahiye.,complaint
Kya bakwas late service hai Kaun khayega yeh?,complaint
This is very angry about experience I want a refund.,complaint
Bahut hi faltu product bhej diya Aisa thodi hota hai.,complaint
I feel very angry about the delivery !,complaint
Absolutely very angry about experience !,complaint
Ekdam faltu product bhej diya !,complaint
Absolutely very disappointed with service Never again.,complaint
Absolutely terrible experience !,complaint
Ekdam bekar delivery kiya hai Aisa thodi hota hai.,complaint
I am awful customer support Never again.,complaint
I am frustrated by the quality Late by 3 days.,complaint
Absolutely worst customer support It was broken.,complaint
Kya bakwas faltu product bhej diya Kaun khayega yeh?,complaint
Kya bakwas bekar delivery kiya hai Refund chahiye.,complaint
I am worst service It was broken.,complaint
I am very disappointed with the product It was broken.,complaint
Bahut hi late khana tha Mood kharab kar diya.,complaint
I feel very disappointed with the product It was broken.,complaint
Bhai maine kharaab product bhej diya Kaun khayega yeh?,complaint
This is very disappointed with the product Never again.,complaint
I am unacceptable the quality Never again.,complaint
I am unacceptable my recent order It was broken.,complaint
Ekdam damage khana tha Kaun khayega yeh?,complaint
I am horrible service Never again.,complaint
What a awful the quality Fix this.,complaint
Bahut hi damage order tha !,complaint
Absolutely very disappointed with my recent order It was broken.,complaint
This is worst experience It was broken.,complaint
I am worst the product I want a refund.,complaint
I am unacceptable the delivery It was broken.,complaint
I feel frustrated by service !,complaint
Absolutely horrible the product Fix this.,complaint
This is awful service Fix this.,complaint
This is awful experience I want a refund.,complaint
I am very angry about the delivery Never again.,complaint
Bhai maine late order tha Aisa thodi hota hai.,complaint
Sir yeh late service hai Paisa wapas karo.,complaint
This is very disappointed with my recent order,complaint
What a very angry about my recent order Never again.,complaint
Bahut hi late khana tha Aisa thodi hota hai.,complaint
Kya bakwas faltu product bhej diya Kaun khayega yeh?,complaint
Absolutely horrible experience I want a refund.,complaint
I feel very angry about service Fix this.,complaint
This is worst experience I want a refund.,complaint
Ekdam ghatiya delivery kiya hai Refund chahiye.,complaint
Kya bakwas ghatiya delivery kiya hai Refund chahiye.,complaint
Absolutely very disappointed with the quality Fix this.,complaint
This is unacceptable the product,complaint
I am very angry about the product I want a refund.,complaint
This is awful customer support Never again.,complaint
I am terrible the delivery Never again.,complaint
Absolutely awful the quality Fix this.,complaint
This is terrible my recent order I want a refund.,complaint
Sir yeh kharaab product bhej diya Paisa wapas karo.,complaint
Sir yeh ghatiya khana tha Aisa thodi hota hai.,complaint
This is very angry about experience I want a refund.,complaint
Bahut hi damage khana tha Refund chahiye.,complaint
I feel horrible my recent order Never again.,complaint
Bahut hi kharaab service hai Mood kharab kar diya.,complaint
I am horrible my recent order It was broken.,complaint
What a awful service Fix this.,complaint
Absolutely terrible my recent order,complaint
What a worst customer support I want a refund.,complaint
I am worst the product It was broken.,complaint
I feel horrible the delivery I want a refund.,complaint
I am worst service !,complaint
This is horrible experience Late by 3 days.,complaint
Bahut hi bekar product bhej diya Refund chahiye.,complaint
Absolutely awful the quality Fix this.,complaint
This is frustrated by experience Never again.,complaint
Ekdam ghatiya order tha Mood kharab kar diya.,complaint
This is very angry about service !,complaint
I feel worst the delivery Never again.,complaint
What a very disappointed with customer support !,complaint
Ekdam kharaab delivery kiya hai !,complaint
I am terrible experience,complaint
Bhai maine late product bhej diya !,complaint
This is worst the delivery Late by 3 days.,complaint
What a terrible customer support I want a refund.,complaint
I am terrible the quality Never again.,complaint
Absolutely very angry about experience Late by 3 days.,complaint
I am very disappointed with experience Fix this.,complaint
Bhai maine bekar delivery kiya hai Refund chahiye.,complaint
I feel very angry about the product Never again.,complaint
Bhai maine bekar khana tha Aisa thodi hota hai.,complaint
Ekdam ghatiya service hai Mood kharab kar diya.,complaint
This is very angry about the product,complaint
I am worst customer support Never again.,complaint
This is very angry about the delivery,complaint
This is very disappointed with customer support I want a refund.,complaint
Sir yeh ghatiya product bhej diya Paisa wapas karo.,complaint
I feel awful my recent order,complaint
Absolutely horrible customer support I want a refund.,complaint
This is very angry about customer support Fix this.,complaint
Bhai maine damage product bhej diya Kaun khayega yeh?,complaint
Bhai maine damage order tha Aisa thodi hota hai.,complaint
Bhai maine kharaab service hai Refund chahiye.,complaint
Absolutely horrible experience,complaint
I am unacceptable the delivery Late by 3 days.,complaint
What a very angry about customer support Late by 3 days.,complaint
Absolutely unacceptable customer support,complaint
Absolutely frustrated by the quality It was broken.,complaint
I am terrible my recent order Fix this.,complaint
Absolutely very angry about customer support It was broken.,complaint
I feel worst the quality Never again.,complaint
Ekdam bekar product bhej diya !,complaint
I feel awful the delivery Fix this.,complaint
This is very angry about service I want a refund.,complaint
Bhai maine damage service hai !,complaint
Absolutely very angry about the quality Fix this.,complaint
Bhai maine faltu product bhej diya !,complaint
Kya bakwas faltu khana tha Aisa thodi hota hai.,complaint
Bahut hi kharaab delivery kiya hai Kaun khayega yeh?,complaint
This is awful the product Never again.,complaint
This is terrible service,complaint
Bhai maine faltu product bhej diya !,complaint
I am terrible the quality Late by 3 days.,complaint
Absolutely very angry about experience,complaint
I feel unacceptable the quality Late by 3 days.,complaint
I feel very angry about my recent order It was broken.,complaint
Bahut hi late delivery kiya hai Refund chahiye.,complaint
Kya bakwas late delivery kiya hai Aisa thodi hota hai.,complaint
What a horrible customer support I want a refund.,complaint
This is horrible customer support I want a refund.,complaint
Absolutely worst my recent order !,complaint
Sir yeh kharaab service hai Aisa thodi hota hai.,complaint
I feel terrible experience Late by 3 days.,complaint
This is very disappointed with experience,complaint
Sir yeh faltu delivery kiya hai Mood kharab kar diya.,complaint
I am unacceptable the quality Fix this.,complaint
I feel very angry about the product Fix this.,complaint
I feel unacceptable the quality I want a refund.,complaint
What a terrible my recent order Never again.,complaint
Bahut hi bekar product bhej diya Paisa wapas karo.,complaint
What a terrible experience !,complaint
Kya bakwas damage order tha Mood kharab kar diya.,complaint
I feel horrible the product Never again.,complaint
Kya bakwas faltu service hai Aisa thodi hota hai.,complaint
Absolutely very angry about experience Never again.,complaint
I am very angry about the delivery I want a refund.,complaint
What a terrible the product !,complaint
What a very disappointed with service !,complaint
What a frustrated by experience !,complaint
What a frustrated by service I want a refund.,complaint
Ekdam bekar khana tha Paisa wapas karo.,complaint
I feel very angry about the product Never again.,complaint
Absolutely worst customer support Fix this.,complaint
What a terrible the quality Fix this.,complaint
Absolutely worst my recent order !,complaint
Bahut hi bekar product bhej diya Paisa wapas karo.,complaint
Kya bakwas bekar service hai !,complaint
Bahut hi ghatiya product bhej diya Kaun khayega yeh?,complaint
I am very disappointed with my recent order !,complaint
This is terrible experience Never again.,complaint
Sir yeh faltu delivery kiya hai !,complaint
This is worst service !,complaint
Absolutely terrible the quality !,complaint
Sir yeh ghatiya khana tha Aisa thodi hota hai.,complaint
Bhai maine damage delivery kiya hai Refund chahiye.,complaint
This is horrible the product Fix this.,complaint
I feel awful the delivery Late by 3 days.,complaint
Ekdam late delivery kiya hai Paisa wapas karo.,complaint
Ekdam faltu order tha Kaun khayega yeh?,complaint
Ekdam bekar product bhej diya Aisa thodi hota hai.,complaint
I feel worst experience Fix this.,complaint
I am terrible the delivery,complaint
Ekdam damage service hai !,complaint
Sir yeh late order tha Mood kharab kar diya.,complaint
Bhai maine late product bhej diya Mood kharab kar diya.,complaint
I am very angry about experience !,complaint
Ekdam ghatiya delivery kiya hai Paisa wapas karo.,complaint
This is horrible experience Late by 3 days.,complaint
I am terrible service Fix this.,complaint
Sir yeh kharaab order tha Paisa wapas karo.,complaint
Bahut hi ghatiya product bhej diya Paisa wapas karo.,complaint
I feel very angry about service Never again.,complaint
This is worst the product Late by 3 days.,complaint
Sir yeh kharaab product bhej diya Refund chahiye.,complaint
I feel very disappointed with the quality,complaint
Bahut hi ghatiya delivery kiya hai Aisa thodi hota hai.,complaint
Absolutely very angry about the quality Late by 3 days.,complaint
This is awful the delivery !,complaint
Ekdam kharaab delivery kiya hai Mood kharab kar diya.,complaint
Ekdam faltu product bhej diya Refund chahiye.,complaint
This is worst my recent order Fix this.,complaint
I feel very disappointed with the delivery Never again.,complaint
This is awful the quality Never again.,complaint
This is awful the product I want a refund.,complaint
Absolutely worst experience I want a refund.,complaint
Ekdam bekar order tha Refund chahiye.,complaint
I am terrible my recent order Never again.,complaint
I am unacceptable the quality I want a refund.,complaint
Bahut hi faltu delivery kiya hai Aisa thodi hota hai.,complaint
Bahut hi faltu khana tha Paisa wapas karo.,complaint
Bahut hi ghatiya order tha Refund chahiye.,complaint
I feel worst the product Fix this.,complaint
What a terrible service !,complaint
I feel horrible the quality Late by 3 days.,complaint
Kya bakwas late service hai Aisa thodi hota hai.,complaint
Bahut hi bekar khana tha Aisa thodi hota hai.,complaint
I feel terrible my recent order Never again.,complaint
I am worst service It was broken.,complaint
Bhai maine bekar product bhej diya Kaun khayega yeh?,complaint
This is worst customer support !,complaint
Kya bakwas bekar order tha Kaun khayega yeh?,complaint
What a very disappointed with the delivery It was broken.,complaint
This is terrible the quality I want a refund.,complaint
Ekdam kharaab service hai Refund chahiye.,complaint
Absolutely frustrated by the quality Late by 3 days.,complaint
Bhai maine bekar service hai Paisa wapas karo.,complaint
Absolutely terrible the delivery Fix this.,complaint
Ekdam ghatiya product bhej diya Aisa thodi hota hai.,complaint
Bhai maine damage order tha Kaun khayega yeh?,complaint
What a very disappointed with the delivery !,complaint
Bahut hi kharaab order tha Kaun khayega yeh?,complaint
What a terrible my recent order !,complaint
I am worst experience !,complaint
Sir yeh late delivery kiya hai Refund chahiye.,complaint
What a very angry about the product !,complaint
Sir yeh late khana tha Kaun khayega yeh?,complaint
This is frustrated by the delivery !,complaint
I am awful the delivery I want a refund.,complaint
Absolutely awful service,complaint
I am awful my recent order I want a refund.,complaint
I am unacceptable my recent order !,complaint
Bahut hi faltu product bhej diya Paisa wapas karo.,complaint
Absolutely terrible the quality I want a refund.,complaint
Ekdam kharaab khana tha Mood kharab kar diya.,complaint
Ekdam bekar delivery kiya hai Mood kharab kar diya.,complaint
What a horrible the delivery Fix this.,complaint
I feel unacceptable experience,complaint
Absolutely very disappointed with the product Never again.,complaint
Ekdam ghatiya delivery kiya hai Mood kharab kar diya.,complaint
I am worst the quality Fix this.,complaint
Kya bakwas faltu order tha Refund chahiye.,complaint
Absolutely very disappointed with my recent order Never again.,complaint
I am horrible the delivery I want a refund.,complaint
This is very angry about the delivery Fix this.,complaint
This is awful the product Late by 3 days.,complaint
Absolutely horrible experience I want a refund.,complaint
Ekdam late order tha Paisa wapas karo.,complaint
This is worst the quality I want a refund.,complaint
I feel terrible the product Fix this.,complaint
What a frustrated by the quality Never again.,complaint
This is horrible my recent order It was broken.,complaint
Absolutely unacceptable my recent order,complaint
Kya bakwas bekar product bhej diya Paisa wapas karo.,complaint
I feel unacceptable service Fix this.,complaint
Absolutely terrible experience Fix this.,complaint
Absolutely very disappointed with experience Late by 3 days.,complaint
This is worst customer support Never again.,complaint
I am frustrated by the quality,complaint
Sir yeh late product bhej diya Paisa wapas karo.,complaint
Absolutely terrible customer support Late by 3 days.,complaint
Absolutely terrible customer support Fix this.,complaint
Kya bakwas damage service hai !,complaint
This is unacceptable the quality It was broken.,complaint
I feel unacceptable the delivery I want a refund.,complaint
Sir yeh bekar product bhej diya !,complaint
This is terrible the product I want a refund.,complaint
I feel awful my recent order Late by 3 days.,complaint
I feel terrible the product Fix this.,complaint
I feel frustrated by experience It was broken.,complaint
I am horrible the delivery It was broken.,complaint
Kya bakwas bekar order tha Aisa thodi hota hai.,complaint
Bahut hi late khana tha Refund chahiye.,complaint
Sir yeh late delivery kiya hai Mood kharab kar diya.,complaint
Bahut hi ghatiya product bhej diya Refund chahiye.,complaint
This is very disappointed with the quality Late by 3 days.,complaint
I feel frustrated by my recent order Fix this.,complaint
Bahut hi faltu order tha Aisa thodi hota hai.,complaint
This is very disappointed with customer support Never again.,complaint
Kya bakwas faltu product bhej diya Refund chahiye.,complaint
I am terrible my recent order Fix this.,complaint
Absolutely unacceptable experience,complaint
I feel very angry about the delivery !,complaint
We enjoyed the package 😊,feedback
Bohot response maza aa gaya 👌,feedback
Just wanted to say I really like this product so amazing!,feedback
Absolutely love everything great job,feedback
"Overall, the am impressed by the service will buy again",feedback
Ek number service maza aa gaya thank u,feedback
I appreciate this product they are good,feedback
Bhai response zabardast bhai,feedback
Ek number khana superb 😍,feedback
Bohot khana mast tha phir se order karunga,feedback
We highly recommend everything will buy again,feedback
Sir delivery superb keep it up,feedback
Absolutely really like this product 👍,feedback
Sach mein service superb thank u,feedback
"Overall, the highly recommend the quality it is good",feedback
Sir cakes badhiya hai keep it up,feedback
We highly recommend the package will buy again,feedback
Ek number response superb 😍,feedback
Just wanted to say I am impressed by the quality it is good,feedback
Sir response mast tha 👌,feedback
Just wanted to say I am impressed by your support team they are good,feedback
Just wanted to say I appreciate the delivery speed 👍,feedback
Bohot response badhiya hai 👌,feedback
"Overall, the really like the quality 😊",feedback
Ek number service zabardast bhai,feedback
Sir quality badhiya hai thank u,feedback
Just wanted to say I highly recommend the quality 👍,feedback
Absolutely am impressed by your support team great job,feedback
We am impressed by everything will buy again,feedback
I am impressed by the delivery speed great job,feedback
Absolutely love everything ❤️,feedback
We appreciate the quality ❤️,feedback
"Overall, the appreciate the package they are good",feedback
Bohot khana maza aa gaya bhai,feedback
Absolutely love your support team so amazing!,feedback
Ek number cakes acha laga phir se order karunga,feedback
We really like the cakes thank you!,feedback
Sach mein delivery badhiya hai bhai,feedback
Sir quality superb 👌,feedback
I am impressed by everything 👍,feedback
I appreciate this product great job,feedback
Just wanted to say I enjoyed this product ❤️,feedback
Sach mein cakes mast tha 😍,feedback
Absolutely really like the delivery speed they are good,feedback
Just wanted to say I love the package will buy again,feedback
Just wanted to say I appreciate the quality it is good,feedback
I appreciate the cakes 5 stars,feedback
Absolutely enjoyed the service 5 stars,feedback
Sir quality maza aa gaya 👌,feedback
Absolutely highly recommend the package great job,feedback
"Overall, the am impressed by the quality thank you!",feedback
Absolutely highly recommend the quality 😊,feedback
Ek number khana mast tha 😍,feedback
We highly recommend the package they are good,feedback
Absolutely love the delivery speed great job,feedback
I highly recommend the quality thank you!,feedback
We enjoyed the cakes so amazing!,feedback
I really like the package great job,feedback
Bohot response acha laga phir se order karunga,feedback
"Overall, the love this product ❤️",feedback
Bohot response zabardast phir se order karunga,feedback
Ek number quality acha laga 👌,feedback
I highly recommend everything so amazing!,feedback
Just wanted to say I appreciate the package so amazing!,feedback
Bohot quality zabardast bhai,feedback
Sach mein khana superb thank u,feedback
Just wanted to say I highly recommend the cakes ❤️,feedback
Bhai service badhiya hai bhai,feedback
"Overall, the highly recommend the service so amazing!",feedback
Just wanted to say I love the cakes so amazing!,feedback
Ek number khana mast tha thank u,feedback
Bhai service badhiya hai thank u,feedback
We appreciate the delivery speed so amazing!,feedback
We highly recommend the delivery speed 😊,feedback
Sir khana badhiya hai 😍,feedback
Absolutely highly recommend the service 5 stars,feedback
Bohot service badhiya hai 😍,feedback
I love this product 👍,feedback
Bohot response mast tha keep it up,feedback
Just wanted to say I really like this product great job,feedback
Absolutely really like the service 👍,feedback
"Overall, the love this product so amazing!",feedback
I am impressed by this product 😊,feedback
Just wanted to say I highly recommend the package they are good,feedback
"Overall, the am impressed by the service so amazing!",feedback
I appreciate this product so amazing!,feedback
"Overall, the am impressed by this product 5 stars",feedback
We highly recommend the delivery speed so amazing!,feedback
Ek number delivery badhiya hai bhai,feedback
"Overall, the am impressed by this product so amazing!",feedback
I am impressed by everything great job,feedback
Sir cakes zabardast 👌,feedback
Ek number quality superb bhai,feedback
Ek number response mast tha 😍,feedback
Sir delivery superb bhai,feedback
Absolutely am impressed by the service it is good,feedback
Just wanted to say I am impressed by the cakes thank you!,feedback
Just wanted to say I enjoyed your support team they are good,feedback
Sach mein response acha laga keep it up,feedback
"Overall, the appreciate this product it is good",feedback
Bhai quality maza aa gaya phir se order karunga,feedback
"Overall, the am impressed by the package thank you!",feedback
Just wanted to say I love the quality 👍,feedback
I really like the package it is good,feedback
Absolutely really like the service it is good,feedback
"Overall, the am impressed by your support team they are good",feedback
We highly recommend this product great job,feedback
Just wanted to say I enjoyed the quality so amazing!,feedback
I really like the delivery speed great job,feedback
We am impressed by your support team they are good,feedback
Just wanted to say I highly recommend the delivery speed so amazing!,feedback
Sach mein cakes zabardast bhai,feedback
Just wanted to say I appreciate your support team thank you!,feedback
"Overall, the really like the quality will buy again",feedback
"Overall, the am impressed by the quality thank you!",feedback
I enjoyed the delivery speed ❤️,feedback
Ek number cakes zabardast thank u,feedback
Sach mein khana superb phir se order karunga,feedback
Bhai service badhiya hai 😍,feedback
Just wanted to say I love this product ❤️,feedback
We highly recommend the cakes 😊,feedback
I am impressed by the package 5 stars,feedback
I am impressed by the service thank you!,feedback
"Overall, the love your support team thank you!",feedback
Just wanted to say I really like the quality so amazing!,feedback
Bhai quality superb 😍,feedback
Ek number cakes acha laga 👌,feedback
We love the cakes they are good,feedback
Bhai khana mast tha phir se order karunga,feedback
Absolutely highly recommend everything it is good,feedback
Bohot delivery mast tha dil khush kar diya,feedback
I appreciate the service ❤️,feedback
Ek number delivery badhiya hai 😍,feedback
Just wanted to say I am impressed by the quality so amazing!,feedback
Sir service zabardast thank u,feedback
Absolutely really like your support team so amazing!,feedback
Just wanted to say I am impressed by everything 👍,feedback
"Overall, the really like the service great job",feedback
"Overall, the am impressed by the package they are good",feedback
Bhai service superb phir se order karunga,feedback
Absolutely really like this product ❤️,feedback
Bhai delivery zabardast dil khush kar diya,feedback
Just wanted to say I appreciate the service ❤️,feedback
Bhai delivery mast tha dil khush kar diya,feedback
Just wanted to say I highly recommend the package will buy again,feedback
I love the delivery speed 5 stars,feedback
Sir response maza aa gaya 😍,feedback
We am impressed by this product 5 stars,feedback
I am impressed by your support team great job,feedback
Bhai khana maza aa gaya dil khush kar diya,feedback
We appreciate the service 😊,feedback
Just wanted to say I enjoyed the package will buy again,feedback
Sach mein quality superb thank u,feedback
Sach mein cakes acha laga keep it up,feedback
Sir khana zabardast 😍,feedback
Sir khana maza aa gaya phir se order karunga,feedback
Just wanted to say I enjoyed the delivery speed 👍,feedback
Absolutely love everything they are good,feedback
"Overall, the enjoyed everything 👍",feedback
Absolutely love the package it is good,feedback
Ek number cakes mast tha keep it up,feedback
I highly recommend the service 5 stars,feedback
Sach mein delivery badhiya hai dil khush kar diya,feedback
"Overall, the love your support team ❤️",feedback
"Overall, the highly recommend the package 5 stars",feedback
I love the service thank you!,feedback
"Overall, the enjoyed your support team 👍",feedback
Bohot delivery badhiya hai dil khush kar diya,feedback
I highly recommend the package it is good,feedback
"Overall, the enjoyed your support team will buy again",feedback
Sach mein delivery badhiya hai keep it up,feedback
I appreciate the delivery speed 5 stars,feedback
Absolutely appreciate the cakes it is good,feedback
Sach mein quality mast tha keep it up,feedback
"Overall, the really like the service ❤️",feedback
We love everything 👍,feedback
Absolutely really like your support team ❤️,feedback
Just wanted to say I highly recommend this product so amazing!,feedback
Just wanted to say I am impressed by everything great job,feedback
Sach mein khana superb keep it up,feedback
Sach mein delivery zabardast phir se order karunga,feedback
We enjoyed the delivery speed so amazing!,feedback
I love the quality so amazing!,feedback
Bohot khana acha laga 👌,feedback
I love the quality 👍,feedback
Ek number delivery maza aa gaya thank u,feedback
"Overall, the appreciate everything ❤️",feedback
Ek number cakes zabardast bhai,feedback
Bhai delivery acha laga 👌,feedback
We highly recommend the quality 5 stars,feedback
"Overall, the enjoyed the package 👍",feedback
"Overall, the love the package so amazing!",feedback
Just wanted to say I appreciate the cakes 👍,feedback
We love the package 5 stars,feedback
"Overall, the highly recommend everything will buy again",feedback
Sir delivery zabardast keep it up,feedback
I highly recommend the service will buy again,feedback
Absolutely enjoyed the cakes thank you!,feedback
"Overall, the really like your support team ❤️",feedback
Absolutely enjoyed the cakes 😊,feedback
We am impressed by the service ❤️,feedback
We love the package 😊,feedback
Just wanted to say I highly recommend the delivery speed 😊,feedback
Bohot quality zabardast thank u,feedback
Bhai service superb keep it up,feedback
"Overall, the enjoyed the cakes so amazing!",feedback
Just wanted to say I love everything 😊,feedback
We appreciate the delivery speed they are good,feedback
Ek number response zabardast bhai,feedback
Bohot response zabardast phir se order karunga,feedback
Sach mein response zabardast 👌,feedback
Bohot khana maza aa gaya 😍,feedback
I appreciate the package it is good,feedback
We highly recommend the quality ❤️,feedback
We appreciate the service 5 stars,feedback
"Overall, the love the package 5 stars",feedback
"Overall, the appreciate the quality 😊",feedback
Sir service badhiya hai keep it up,feedback
Ek number response acha laga thank u,feedback
I appreciate your support team will buy again,feedback
"Overall, the enjoyed this product 5 stars",feedback
We enjoyed your support team ❤️,feedback
I really like the delivery speed 👍,feedback
Just wanted to say I really like this product they are good,feedback
"Overall, the really like this product it is good",feedback
Absolutely appreciate the service 5 stars,feedback
"Overall, the enjoyed the package great job",feedback
Just wanted to say I highly recommend the delivery speed will buy again,feedback
Absolutely enjoyed everything 5 stars,feedback
"Overall, the am impressed by the delivery speed 👍",feedback
I highly recommend the quality will buy again,feedback
Sach mein delivery mast tha keep it up,feedback
Ek number quality zabardast keep it up,feedback
"Overall, the love everything so amazing!",feedback
Bohot service badhiya hai keep it up,feedback
Bhai quality mast tha keep it up,feedback
Sir khana badhiya hai 👌,feedback
I love this product 😊,feedback
Just wanted to say I highly recommend the service they are good,feedback
Absolutely appreciate this product it is good,feedback
Just wanted to say I love everything ❤️,feedback
Ek number khana zabardast keep it up,feedback
Just wanted to say I love the cakes ❤️,feedback
Bohot delivery superb 😍,feedback
Bohot cakes mast tha bhai,feedback
"Overall, the love everything ❤️",feedback
Absolutely highly recommend the cakes great job,feedback
Ek number delivery badhiya hai bhai,feedback
"Overall, the love everything ❤️",feedback
I love the quality 5 stars,feedback
Absolutely really like the cakes they are good,feedback
Just wanted to say I highly recommend the service they are good,feedback
Bohot service maza aa gaya keep it up,feedback
Bohot service badhiya hai bhai,feedback
We am impressed by the delivery speed 😊,feedback
Just wanted to say I am impressed by this product 😊,feedback
Sach mein service badhiya hai 👌,feedback
Sach mein response badhiya hai phir se order karunga,feedback
Absolutely highly recommend the cakes will buy again,feedback
Sach mein delivery acha laga keep it up,feedback
Absolutely enjoyed the package will buy again,feedback
We highly recommend the delivery speed 👍,feedback
Bohot delivery maza aa gaya dil khush kar diya,feedback
Bohot cakes acha laga keep it up,feedback
We enjoyed the delivery speed 5 stars,feedback
I highly recommend everything they are good,feedback
We highly recommend the service it is good,feedback
Sach mein quality maza aa gaya phir se order karunga,feedback
Absolutely really like everything 5 stars,feedback
Ek number delivery acha laga thank u,feedback
"Overall, the highly recommend the quality great job",feedback
"Overall, the enjoyed the cakes they are good",feedback
I appreciate your support team great job,feedback
Bohot cakes acha laga thank u,feedback
"Overall, the highly recommend the cakes 5 stars",feedback
We appreciate everything so amazing!,feedback
Sir response mast tha phir se order karunga,feedback
Bohot quality badhiya hai thank u,feedback
We appreciate the quality 😊,feedback
Absolutely highly recommend everything so amazing!,feedback
We really like this product great job,feedback
Sach mein khana zabardast phir se order karunga,feedback
Absolutely am impressed by this product 5 stars,feedback
I appreciate this product they are good,feedback
"Overall, the enjoyed the cakes they are good",feedback
We appreciate the package thank you!,feedback
We am impressed by the service so amazing!,feedback
I really like this product they are good,feedback
Bhai quality zabardast keep it up,feedback
Ek number response maza aa gaya 😍,feedback
I am impressed by your support team ❤️,feedback
Just wanted to say I highly recommend your support team it is good,feedback
Sir khana zabardast phir se order karunga,feedback
I highly recommend everything ❤️,feedback
"Overall, the enjoyed the package they are good",feedback
We appreciate everything so amazing!,feedback
Just wanted to say I appreciate the delivery speed they are good,feedback
Absolutely appreciate everything 😊,feedback
Ek number delivery maza aa gaya 👌,feedback
Just wanted to say I really like your support team 😊,feedback
We love your support team it is good,feedback
Absolutely highly recommend the service ❤️,feedback
Sir quality superb thank u,feedback
Sir response badhiya hai keep it up,feedback
Sir quality maza aa gaya thank u,feedback
Bhai cakes badhiya hai bhai,feedback
Just wanted to say I love your support team 5 stars,feedback
Sach mein cakes badhiya hai thank u,feedback
We appreciate the quality 😊,feedback
We highly recommend the service 😊,feedback
We enjoyed your support team they are good,feedback
I appreciate the quality ❤️,feedback
"Overall, the am impressed by the cakes they are good",feedback
We am impressed by this product so amazing!,feedback
I appreciate everything so amazing!,feedback
Just wanted to say I love everything great job,feedback
Ek number service superb thank u,feedback
I appreciate the service 👍,feedback
"Overall, the appreciate your support team 👍",feedback
Just wanted to say I appreciate your support team thank you!,feedback
Bohot delivery superb dil khush kar diya,feedback
Just wanted to say I highly recommend everything they are good,feedback
"Overall, the appreciate the delivery speed ❤️",feedback
I really like the cakes it is good,feedback
I am impressed by this product 👍,feedback
Sach mein service badhiya hai 👌,feedback
I am impressed by the delivery speed 👍,feedback
Bhai service acha laga 😍,feedback
Just wanted to say I highly recommend the service great job,feedback
Just wanted to say I enjoyed this product ❤️,feedback
Ek number quality maza aa gaya keep it up,feedback
Bohot khana badhiya hai bhai,feedback
Absolutely enjoyed the service ❤️,feedback
I love the delivery speed 😊,feedback
Absolutely enjoyed the service great job,feedback
We really like everything 😊,feedback
We am impressed by the package they are good,feedback
I really like the delivery speed will buy again,feedback
Sach mein delivery superb dil khush kar diya,feedback
Sach mein response zabardast bhai,feedback
"Overall, the appreciate the service so amazing!",feedback
We appreciate the cakes ❤️,feedback
We really like the cakes they are good,feedback
Absolutely really like this product it is good,feedback
Sir khana zabardast thank u,feedback
Ek number response zabardast 👌,feedback
Absolutely enjoyed the package 5 stars,feedback
I really like this product ❤️,feedback
I really like the cakes great job,feedback
"Overall, the highly recommend the delivery speed great job",feedback
Absolutely love everything 😊,feedback
Ek number cakes badhiya hai dil khush kar diya,feedback
I highly recommend this product it is good,feedback
Absolutely am impressed by everything great job,feedback
Just wanted to say I enjoyed everything 👍,feedback
Absolutely appreciate the cakes great job,feedback
Sir cakes mast tha 😍,feedback
Sach mein cakes acha laga 😍,feedback
Just wanted to say I love the service 👍,feedback
"Overall, the appreciate the cakes thank you!",feedback
Sach mein khana superb 😍,feedback
Just wanted to say I am impressed by everything 5 stars,feedback
We really like the service 👍,feedback
Just wanted to say I really like the delivery speed 😊,feedback
Sir khana acha laga 👌,feedback
"Overall, the appreciate the quality will buy again",feedback
"Overall, the highly recommend the delivery speed 😊",feedback
"Overall, the love this product great job",feedback
Absolutely enjoyed the package 5 stars,feedback
Absolutely really like everything thank you!,feedback
Bhai service acha laga dil khush kar diya,feedback
Ek number service mast tha keep it up,feedback
Just wanted to say I love the package 👍,feedback
Just wanted to say I highly recommend everything ❤️,feedback
We enjoyed the quality 😊,feedback
Sir delivery acha laga bhai,feedback
Just wanted to say I enjoyed this product they are good,feedback
Bohot cakes maza aa gaya phir se order karunga,feedback
Sach mein service maza aa gaya bhai,feedback
"Overall, the appreciate this product 5 stars",feedback
Ek number khana superb bhai,feedback
"Overall, the really like the delivery speed they are good",feedback
Sir khana superb 👌,feedback
Bohot khana superb 👌,feedback
We appreciate your support team they are good,feedback
We am impressed by the package thank you!,feedback
"Overall, the really like the quality so amazing!",feedback
We really like everything 5 stars,feedback
Just wanted to say I highly recommend the cakes 👍,feedback
We appreciate everything 5 stars,feedback
I enjoyed everything will buy again,feedback
Absolutely really like the quality so amazing!,feedback
I really like your support team thank you!,feedback
"Overall, the highly recommend the delivery speed so amazing!",feedback
We enjoyed the package 👍,feedback
Just wanted to say I really like the delivery speed great job,feedback
Bohot service superb dil khush kar diya,feedback
We highly recommend your support team so amazing!,feedback
Sach mein delivery maza aa gaya bhai,feedback
Just wanted to say I appreciate the cakes 👍,feedback
I really like this product 👍,feedback
Absolutely enjoyed the service ❤️,feedback
Just wanted to say I enjoyed the package they are good,feedback
Sir response acha laga 👌,feedback
Just wanted to say I appreciate the delivery speed it is good,feedback
I am impressed by this product 5 stars,feedback
Bhai cakes maza aa gaya 😍,feedback
Just wanted to say I highly recommend the cakes so amazing!,feedback
Sir quality acha laga 👌,feedback
I highly recommend your support team 😊,feedback
Just wanted to say I enjoyed your support team 5 stars,feedback
I love the delivery speed 👍,feedback
Just wanted to say I am impressed by the cakes great job,feedback
"Overall, the am impressed by this product great job",feedback
Bohot cakes mast tha thank u,feedback
Ek number delivery mast tha keep it up,feedback
We really like the quality 5 stars,feedback
Just wanted to say I highly recommend the quality so amazing!,feedback
We am impressed by your support team thank you!,feedback
We love the service it is good,feedback
I appreciate the quality 5 stars,feedback
Just wanted to say I love the quality ❤️,feedback
We am impressed by the package 5 stars,feedback
Ek number khana superb thank u,feedback
Bohot response superb bhai,feedback
I am impressed by the delivery speed great job,feedback
Ek number service acha laga bhai,feedback
"Overall, the really like this product great job",feedback
Sir service acha laga 😍,feedback
Just wanted to say I enjoyed your support team thank you!,feedback
Just wanted to say I enjoyed the quality so amazing!,feedback
Absolutely am impressed by the cakes they are good,feedback
Bohot cakes superb bhai,feedback
"Overall, the appreciate the package 5 stars",feedback
Sach mein response mast tha thank u,feedback
"Overall, the really like this product so amazing!",feedback
I highly recommend the quality great job,feedback
Absolutely really like the package 5 stars,feedback
Just wanted to say I enjoyed everything 😊,feedback
Just wanted to say I highly recommend your support team so amazing!,feedback
We enjoyed the delivery speed it is good,feedback
Just wanted to say I really like the cakes thank you!,feedback
We highly recommend the delivery speed 😊,feedback
Bohot response zabardast bhai,feedback
Sach mein quality superb 👌,feedback
Ek number quality badhiya hai bhai,feedback
Just wanted to say I really like the cakes they are good,feedback
Bohot quality mast tha phir se order karunga,feedback
"Overall, the love the delivery speed will buy again",feedback
Ek number service superb 😍,feedback
Ek number quality superb keep it up,feedback
I really like the package thank you!,feedback
We highly recommend your support team they are good,feedback
I am impressed by the service great job,feedback
I appreciate this product ❤️,feedback
Bohot cakes acha laga 👌,feedback
Bhai response superb phir se order karunga,feedback
Just wanted to say I love your support team will buy again,feedback
Sir service zabardast phir se order karunga,feedback
"Overall, the love this product 5 stars",feedback
We really like the delivery speed 😊,feedback
Just wanted to say I enjoyed this product 5 stars,feedback
We appreciate the cakes so amazing!,feedback
"Overall, the love the cakes it is good",feedback
Bhai delivery zabardast phir se order karunga,feedback
"Overall, the enjoyed the package great job",feedback
Bohot quality superb bhai,feedback
Sach mein delivery mast tha bhai,feedback
I highly recommend your support team great job,feedback
Just wanted to say I highly recommend the cakes 👍,feedback
We appreciate this product thank you!,feedback
I really like this product 😊,feedback
I enjoyed the service will buy again,feedback
I love the delivery speed ❤️,feedback
I appreciate the package will buy again,feedback
Just wanted to say I enjoyed the package so amazing!,feedback
Bhai service acha laga 😍,feedback
"Overall, the really like everything will buy again",feedback
Absolutely really like the package thank you!,feedback
Absolutely enjoyed the package it is good,feedback
Ek number delivery zabardast thank u,feedback
Just wanted to say I appreciate everything it is good,feedback
Ek number delivery zabardast phir se order karunga,feedback
Sach mein response maza aa gaya 😍,feedback
Sach mein cakes mast tha 😍,feedback
Ek number cakes zabardast thank u,feedback
Absolutely highly recommend everything it is good,feedback
Sir response mast tha 😍,feedback
I highly recommend the cakes will buy again,feedback
Sach mein khana badhiya hai dil khush kar diya,feedback
I am impressed by the delivery speed great job,feedback
Just wanted to say I am impressed by the cakes 5 stars,feedback
We appreciate the cakes thank you!,feedback
Bohot khana acha laga thank u,feedback
Just wanted to say I love this product ❤️,feedback
Absolutely really like the package thank you!,feedback
Absolutely love this product great job,feedback
"Overall, the am impressed by the cakes 😊",feedback
I highly recommend the package so amazing!,feedback
Ek number cakes maza aa gaya bhai,feedback
Sir service zabardast bhai,feedback
Ek number service mast tha dil khush kar diya,feedback
Sach mein delivery maza aa gaya keep it up,feedback
"Overall, the love everything thank you!",feedback
"Overall, the enjoyed the delivery speed 5 stars",feedback
I highly recommend your support team ❤️,feedback
We love the service so amazing!,feedback
We enjoyed the delivery speed 5 stars,feedback
Bhai cakes zabardast bhai,feedback
Sach mein delivery superb 👌,feedback
Just wanted to say I enjoyed the quality ❤️,feedback
Sir cakes zabardast phir se order karunga,feedback
Absolutely appreciate this product 5 stars,feedback
Just wanted to say I love the cakes 5 stars,feedback
Just wanted to say I really like your support team great job,feedback
I am impressed by the package thank you!,feedback
We really like your support team will buy again,feedback
Ek number cakes superb 😍,feedback
Bhai cakes badhiya hai thank u,feedback
Sir cakes superb 😍,feedback
Absolutely am impressed by the delivery speed thank you!,feedback
I am impressed by your support team will buy again,feedback
Sach mein delivery zabardast phir se order karunga,feedback
I enjoyed the package it is good,feedback
I love your support team ❤️,feedback
Absolutely am impressed by everything they are good,feedback
Bohot service mast tha keep it up,feedback
Absolutely enjoyed your support team ❤️,feedback
I appreciate the package so amazing!,feedback
Absolutely am impressed by your support team great job,feedback
We am impressed by the cakes so amazing!,feedback
We love the service so amazing!,feedback
Bohot response acha laga thank u,feedback
Sir delivery maza aa gaya 👌,feedback
Just wanted to say I enjoyed this product they are good,feedback
"Overall, the enjoyed the package so amazing!",feedback
Absolutely really like the cakes thank you!,feedback
"Overall, the highly recommend the cakes 😊",feedback
Ek number quality zabardast keep it up,feedback
Absolutely appreciate the cakes they are good,feedback
Just wanted to say I appreciate the quality they are good,feedback
Sach mein delivery superb thank u,feedback
Ek number cakes zabardast thank u,feedback
"Overall, the highly recommend your support team it is good",feedback
Sir quality superb thank u,feedback
Absolutely enjoyed your support team ❤️,feedback
Just wanted to say I love the quality 😊,feedback
Absolutely really like your support team they are good,feedback
Just wanted to say I enjoyed the cakes great job,feedback
Ek number cakes acha laga thank u,feedback
We highly recommend the quality great job,feedback
Absolutely love the quality 👍,feedback
Ek number khana mast tha phir se order karunga,feedback
Sir khana acha laga 👌,feedback
Absolutely highly recommend the cakes it is good,feedback
Ek number service acha laga 👌,feedback
Absolutely enjoyed your support team great job,feedback
I really like this product great job,feedback
Bhai cakes zabardast keep it up,feedback
"Overall, the enjoyed the quality 😊",feedback
Just wanted to say I love the service so amazing!,feedback
Ek number response acha laga bhai,feedback
I am impressed by the package 😊,feedback
"Overall, the really like the package it is good",feedback
Absolutely love everything they are good,feedback
"Overall, the appreciate everything 👍",feedback
"Overall, the highly recommend this product it is good",feedback
I enjoyed the delivery speed great job,feedback
Just wanted to say I love the delivery speed ❤️,feedback
I appreciate the delivery speed ❤️,feedback
We highly recommend the quality will buy again,feedback
Sir cakes acha laga bhai,feedback
"Overall, the really like this product 😊",feedback
Just wanted to say I really like the delivery speed 5 stars,feedback
"Overall, the love the delivery speed great job",feedback
We am impressed by the service will buy again,feedback
We love the service 👍,feedback
"Overall, the appreciate your support team 😊",feedback
"Overall, the really like the package 😊",feedback
Bhai service mast tha phir se order karunga,feedback
We highly recommend your support team 5 stars,feedback
Sach mein service badhiya hai 😍,feedback
Absolutely appreciate the cakes great job,feedback
I enjoyed the delivery speed great job,feedback
I really like the quality it is good,feedback
Just wanted to say I love the service great job,feedback
I am impressed by the cakes they are good,feedback
I appreciate your support team 👍,feedback
Absolutely appreciate this product 👍,feedback
We appreciate the delivery speed they are good,feedback
Bhai response mast tha dil khush kar diya,feedback
Just wanted to say I highly recommend everything will buy again,feedback
I appreciate the quality it is good,feedback
Sir cakes superb bhai,feedback
Ek number khana zabardast thank u,feedback
Just wanted to say I love this product so amazing!,feedback
Absolutely am impressed by the delivery speed thank you!,feedback
Sir response badhiya hai thank u,feedback
Just wanted to say I am impressed by everything thank you!,feedback
Just wanted to say I really like the service great job,feedback
We am impressed by this product thank you!,feedback
Sir cakes superb bhai,feedback
I appreciate this product will buy again,feedback
"Overall, the highly recommend the cakes so amazing!",feedback
Bhai delivery superb dil khush kar diya,feedback
"Overall, the am impressed by the package will buy again",feedback
Just wanted to say I really like everything ❤️,feedback
Ek number delivery superb phir se order karunga,feedback
Absolutely appreciate everything thank you!,feedback
Just wanted to say I enjoyed the delivery speed thank you!,feedback
I am impressed by the service great job,feedback
Absolutely enjoyed your support team 5 stars,feedback
Ek number delivery mast tha 👌,feedback
Absolutely love the delivery speed 👍,feedback
I love your support team 5 stars,feedback
"Overall, the am impressed by the quality 😊",feedback
Just wanted to say I am impressed by this product thank you!,feedback
Absolutely enjoyed the service it is good,feedback
Just wanted to say I love the cakes 5 stars,feedback
I am impressed by your support team they are good,feedback
Bhai service maza aa gaya phir se order karunga,feedback
Bohot response mast tha phir se order karunga,feedback
We am impressed by the service will buy again,feedback
Sach mein delivery badhiya hai keep it up,feedback
We enjoyed the quality will buy again,feedback
"Overall, the appreciate this product ❤️",feedback
Absolutely highly recommend this product 5 stars,feedback
I highly recommend the cakes it is good,feedback
Bohot service mast tha phir se order karunga,feedback
We really like everything 😊,feedback
Sach mein response mast tha thank u,feedback
Bohot delivery acha laga thank u,feedback
We love the cakes thank you!,feedback
Absolutely really like the quality so amazing!,feedback
Absolutely love the quality 5 stars,feedback
I appreciate this product thank you!,feedback
Just wanted to say I really like everything will buy again,feedback
Sir khana maza aa gaya thank u,feedback
"Overall, the enjoyed the quality 😊",feedback
Sir cakes superb phir se order karunga,feedback
Sach mein response maza aa gaya 👌,feedback
Absolutely highly recommend the package so amazing!,feedback
"Overall, the appreciate this product they are good",feedback
Just wanted to say I appreciate the quality great job,feedback
I love your support team 👍,feedback
Just wanted to say I appreciate the service they are good,feedback
Bhai quality acha laga dil khush kar diya,feedback
Ek number service zabardast phir se order karunga,feedback
Sir quality badhiya hai keep it up,feedback
Bohot response zabardast phir se order karunga,feedback
Ek number delivery zabardast bhai,feedback
We am impressed by this product they are good,feedback
I highly recommend the service so amazing!,feedback
Bhai service zabardast 👌,feedback
Sir cakes badhiya hai bhai,feedback
I love everything will buy again,feedback
Sach mein quality mast tha bhai,feedback
Bohot response zabardast bhai,feedback
Bhai cakes badhiya hai bhai,feedback
Absolutely love the delivery speed ❤️,feedback
"Overall, the appreciate the package thank you!",feedback
Absolutely highly recommend the service great job,feedback
Sir khana badhiya hai 😍,feedback
Sach mein delivery acha laga keep it up,feedback
Just wanted to say I appreciate the delivery speed 5 stars,feedback
Sir khana acha laga phir se order karunga,feedback
Absolutely enjoyed the package 👍,feedback
Sach mein service maza aa gaya dil khush kar diya,feedback
We highly recommend the service 👍,feedback
Sach mein delivery maza aa gaya thank u,feedback
Ek number khana badhiya hai bhai,feedback
Bhai service maza aa gaya thank u,feedback
Ek number delivery mast tha phir se order karunga,feedback
"Overall, the enjoyed your support team will buy again",feedback
Sach mein service badhiya hai phir se order karunga,feedback
We love the cakes 👍,feedback
Just wanted to say I love the service they are good,feedback
Bhai service maza aa gaya keep it up,feedback
Ek number service mast tha dil khush kar diya,feedback
Just wanted to say I highly recommend everything they are good,feedback
"Overall, the really like the cakes ❤️",feedback
Sach mein response zabardast bhai,feedback
Just wanted to say I enjoyed the service so amazing!,feedback
I really like everything it is good,feedback
"Overall, the highly recommend the package great job",feedback
Just wanted to say I am impressed by the quality 😊,feedback
We appreciate the cakes so amazing!,feedback
"Overall, the really like the package 😊",feedback
"Overall, the enjoyed the package 5 stars",feedback
Sach mein delivery mast tha dil khush kar diya,feedback
Sir response superb dil khush kar diya,feedback
Just wanted to say I really like the service 5 stars,feedback
Sach mein delivery badhiya hai keep it up,feedback
"Overall, the appreciate the package 😊",feedback
Bhai service zabardast 😍,feedback
"Overall, the am impressed by this product 😊",feedback
Absolutely love everything it is good,feedback
Sach mein delivery maza aa gaya 😍,feedback
We appreciate your support team great job,feedback
Bhai cakes acha laga dil khush kar diya,feedback
Just wanted to say I really like everything they are good,feedback
Just wanted to say I really like the service will buy again,feedback
Bohot cakes zabardast phir se order karunga,feedback
I love the quality 😊,feedback
I really like the package 👍,feedback
Just wanted to say I love everything 5 stars,feedback
We am impressed by the service they are good,feedback
I enjoyed the delivery speed great job,feedback
Just wanted to say I really like everything 👍,feedback
"Overall, the really like the quality will buy again",feedback
Bhai cakes badhiya hai phir se order karunga,feedback
I love the cakes so amazing!,feedback
Absolutely highly recommend your support team it is good,feedback
Just wanted to say I appreciate the cakes so amazing!,feedback
Just wanted to say I love everything 😊,feedback
Bohot response acha laga phir se order karunga,feedback
Bhai cakes superb thank u,feedback
Sir delivery superb keep it up,feedback
Absolutely really like the cakes 😊,feedback
I am impressed by everything great job,feedback
Just wanted to say I love the delivery speed they are good,feedback
Sach mein response acha laga thank u,feedback
Absolutely am impressed by the cakes it is good,feedback
We enjoyed the package thank you!,feedback
I am impressed by the quality will buy again,feedback
Absolutely appreciate the cakes they are good,feedback
"Overall, the am impressed by the quality so amazing!",feedback
Just wanted to say I appreciate the service ❤️,feedback
Bohot khana zabardast 😍,feedback
We highly recommend the service so amazing!,feedback
"Overall, the really like this product 😊",feedback
Sach mein delivery maza aa gaya 👌,feedback
I appreciate the delivery speed 👍,feedback
Absolutely highly recommend everything 5 stars,feedback
Just wanted to say I really like the package 5 stars,feedback
Just wanted to say I enjoyed the service 😊,feedback
We really like the package will buy again,feedback
Bhai service maza aa gaya keep it up,feedback
Just wanted to say I enjoyed the package it is good,feedback
We enjoyed the delivery speed 😊,feedback
Bhai service badhiya hai dil khush kar diya,feedback
Absolutely am impressed by the service it is good,feedback
Absolutely love the service 5 stars,feedback
We really like this product 👍,feedback
Just wanted to say I really like the package so amazing!,feedback
I am impressed by everything thank you!,feedback
We really like everything will buy again,feedback
We appreciate the package it is good,feedback
We love everything ❤️,feedback
Just wanted to say I highly recommend the service 5 stars,feedback
Ek number khana mast tha keep it up,feedback
"Overall, the really like everything 👍",feedback
Absolutely love this product 😊,feedback
"Overall, the enjoyed the service ❤️",feedback
Just wanted to say I enjoyed this product 😊,feedback
Sach mein cakes badhiya hai thank u,feedback
Bhai quality superb 👌,feedback
"Overall, the am impressed by the delivery speed will buy again",feedback
"Overall, the really like your support team 5 stars",feedback
"Overall, the really like the service 👍",feedback
"Overall, the love the package so amazing!",feedback
I really like this product they are good,feedback
We really like your support team 5 stars,feedback
Sach mein service badhiya hai bhai,feedback
"Overall, the really like this product they are good",feedback
Sir service acha laga phir se order karunga,feedback
We appreciate the service so amazing!,feedback
Just wanted to say I really like the package 😊,feedback
Absolutely highly recommend the cakes ❤️,feedback
"Overall, the highly recommend the delivery speed will buy again",feedback
I highly recommend the package 5 stars,feedback
We love the package 👍,feedback
We really like everything they are good,feedback
Just wanted to say I really like the delivery speed great job,feedback
Sir service acha laga keep it up,feedback
Just wanted to say I highly recommend everything 😊,feedback
"Overall, the love the delivery speed will buy again",feedback
I love this product they are good,feedback
Bohot khana mast tha phir se order karunga,feedback
Ek number khana maza aa gaya 😍,feedback
"Overall, the am impressed by the cakes will buy again",feedback
I enjoyed the delivery speed 👍,feedback
I enjoyed your support team it is good,feedback
Bohot delivery mast tha keep it up,feedback
We highly recommend the quality 👍,feedback
Just wanted to say I am impressed by this product they are good,feedback
I appreciate the delivery speed 5 stars,feedback
Just wanted to say I really like this product great job,feedback
"Overall, the appreciate the cakes thank you!",feedback
Just wanted to say I am impressed by the service thank you!,feedback
I enjoyed the package so amazing!,feedback
Sir khana badhiya hai phir se order karunga,feedback
Bhai khana zabardast 👌,feedback
Sir khana mast tha 👌,feedback
I enjoyed the delivery speed great job,feedback
Absolutely am impressed by the delivery speed it is good,feedback
Absolutely love your support team 😊,feedback
Sir khana badhiya hai phir se order karunga,feedback
"Overall, the appreciate the quality thank you!",feedback
Absolutely appreciate the service ❤️,feedback
Bhai khana acha laga dil khush kar diya,feedback
Bohot response maza aa gaya 👌,feedback
Just wanted to say I really like the package they are good,feedback
Just wanted to say I enjoyed the service ❤️,feedback
Sach mein response maza aa gaya dil khush kar diya,feedback
I love this product thank you!,feedback
"Overall, the appreciate the service will buy again",feedback
Bhai service acha laga 👌,feedback
I highly recommend this product it is good,feedback
I love the cakes it is good,feedback
We am impressed by the quality they are good,feedback
I highly recommend your support team thank you!,feedback
I appreciate the delivery speed great job,feedback
Absolutely am impressed by this product ❤️,feedback
"Overall, the am impressed by the quality great job",feedback
Bohot delivery badhiya hai 😍,feedback
"Overall, the enjoyed this product will buy again",feedback
I enjoyed your support team thank you!,feedback
I highly recommend your support team 5 stars,feedback
"Overall, the love your support team they are good",feedback
Sach mein quality zabardast thank u,feedback
Bohot service badhiya hai thank u,feedback
Bohot quality mast tha phir se order karunga,feedback
We really like the cakes so amazing!,feedback
Bohot service zabardast bhai,feedback
Bhai service mast tha phir se order karunga,feedback
Bohot response acha laga dil khush kar diya,feedback
We appreciate this product it is good,feedback
"Overall, the really like the package thank you!",feedback
We highly recommend the cakes 👍,feedback
Absolutely enjoyed the delivery speed 5 stars,feedback
Bohot service mast tha keep it up,feedback
Bhai cakes mast tha bhai,feedback
Absolutely really like the package will buy again,feedback
Sir khana zabardast bhai,feedback
We really like the cakes they are good,feedback
"Overall, the am impressed by the package thank you!",feedback
Just wanted to say I really like this product so amazing!,feedback
Bhai khana maza aa gaya keep it up,feedback
Sach mein service badhiya hai 👌,feedback
"Overall, the appreciate your support team will buy again",feedback
Bhai khana maza aa gaya phir se order karunga,feedback
Just wanted to say I highly recommend everything so amazing!,feedback
Bhai delivery acha laga bhai,feedback
I appreciate everything thank you!,feedback
"Overall, the really like the cakes 5 stars",feedback
"Overall, the really like the delivery speed will buy again",feedback
I really like this product so amazing!,feedback
"Overall, the enjoyed everything thank you!",feedback
We really like the package 5 stars,feedback
I love your support team it is good,feedback
Just wanted to say I really like the package ❤️,feedback
We highly recommend your support team so amazing!,feedback
Ek number service acha laga keep it up,feedback
We appreciate this product 👍,feedback
I really like everything 5 stars,feedback
Ek number delivery superb dil khush kar diya,feedback
Sach mein service acha laga 😍,feedback
"Overall, the am impressed by the delivery speed thank you!",feedback
Bhai response superb keep it up,feedback
Just wanted to say I love the quality great job,feedback
Sach mein quality badhiya hai 😍,feedback
Just wanted to say I appreciate the delivery speed it is good,feedback
Bohot response badhiya hai 👌,feedback
"Overall, the highly recommend the cakes so amazing!",feedback
Just wanted to say I am impressed by everything 😊,feedback
Bhai quality badhiya hai dil khush kar diya,feedback
Just wanted to say I highly recommend everything it is good,feedback
I enjoyed the package 👍,feedback
Bhai cakes maza aa gaya thank u,feedback
Just wanted to say I appreciate the cakes ❤️,feedback
Bhai response zabardast keep it up,feedback
Just wanted to say I am impressed by your support team so amazing!,feedback
Bhai response mast tha thank u,feedback
Sir response badhiya hai dil khush kar diya,feedback
Just wanted to say I love the quality 👍,feedback
Sir delivery badhiya hai bhai,feedback
Just wanted to say I really like the package 👍,feedback
"Overall, the love the cakes so amazing!",feedback
Ek number quality acha laga keep it up,feedback
We highly recommend your support team so amazing!,feedback
Just wanted to say I highly recommend the service ❤️,feedback
"Overall, the am impressed by your support team 😊",feedback
Bhai cakes mast tha 👌,feedback
We enjoyed this product 👍,feedback
Ek number response acha laga keep it up,feedback
Sir quality badhiya hai 😍,feedback
We love the cakes great job,feedback
I highly recommend everything thank you!,feedback
Just wanted to say I enjoyed the package 5 stars,feedback
Sach mein service maza aa gaya 😍,feedback
Just wanted to say I am impressed by everything great job,feedback
We appreciate this product they are good,feedback
"Overall, the love the delivery speed ❤️",feedback
I enjoyed the cakes great job,feedback
Bohot response maza aa gaya 👌,feedback
Absolutely really like this product so amazing!,feedback
I appreciate the delivery speed thank you!,feedback
I appreciate the package ❤️,feedback
Sach mein cakes mast tha 👌,feedback
"Overall, the am impressed by the package great job",feedback
Sir delivery maza aa gaya dil khush kar diya,feedback
Sach mein quality badhiya hai phir se order karunga,feedback
Bohot khana badhiya hai bhai,feedback
Sir cakes acha laga keep it up,feedback
Absolutely appreciate the package 5 stars,feedback
Ek number delivery mast tha 👌,feedback
Absolutely really like everything 😊,feedback
Ek number service acha laga bhai,feedback
Sir service acha laga phir se order karunga,feedback
"Overall, the really like the service ❤️",feedback
I enjoyed everything will buy again,feedback
We appreciate the cakes it is good,feedback
I highly recommend the service 👍,feedback
Bohot quality acha laga bhai,feedback
I am impressed by this product 5 stars,feedback
Sir delivery badhiya hai phir se order karunga,feedback
We am impressed by the package they are good,feedback
Bohot quality maza aa gaya 👌,feedback
Ek number response badhiya hai keep it up,feedback
Just wanted to say I enjoyed the quality 5 stars,feedback
Bhai delivery acha laga dil khush kar diya,feedback
Just wanted to say I highly recommend this product so amazing!,feedback
Sach mein response maza aa gaya phir se order karunga,feedback
We enjoyed this product they are good,feedback
Absolutely am impressed by the service they are good,feedback
Absolutely highly recommend your support team great job,feedback
"Overall, the enjoyed the cakes so amazing!",feedback
Just wanted to say I really like the cakes 😊,feedback
Absolutely am impressed by the service 5 stars,feedback
Absolutely really like the delivery speed thank you!,feedback
Bohot khana acha laga 👌,feedback
Bohot khana badhiya hai thank u,feedback
Absolutely enjoyed the package great job,feedback
We enjoyed the quality they are good,feedback
We appreciate the package thank you!,feedback
Bhai khana maza aa gaya 👌,feedback
Absolutely am impressed by this product will buy again,feedback
Bohot khana badhiya hai 👌,feedback
Ek number service acha laga phir se order karunga,feedback
Just wanted to say I appreciate the delivery speed 5 stars,feedback
"Overall, the love the quality great job",feedback
We really like the cakes they are good,feedback
I am impressed by this product thank you!,feedback
Absolutely enjoyed the delivery speed ❤️,feedback
Sir cakes zabardast bhai,feedback
Ek number quality mast tha 😍,feedback
We highly recommend the delivery speed they are good,feedback
"Overall, the appreciate the quality 5 stars",feedback
Bohot delivery badhiya hai dil khush kar diya,feedback
We enjoyed the cakes ❤️,feedback
"Overall, the am impressed by the quality great job",feedback
Just wanted to say I appreciate the cakes 👍,feedback
We appreciate this product great job,feedback
We really like your support team will buy again,feedback
Absolutely love this product great job,feedback
I am impressed by the cakes will buy again,feedback
"Overall, the really like your support team will buy again",feedback
Just wanted to say I highly recommend the service 😊,feedback
I am impressed by the service 👍,feedback
I am impressed by your support team 5 stars,feedback
Sir response maza aa gaya phir se order karunga,feedback
Just wanted to say I really like the quality so amazing!,feedback
I highly recommend the delivery speed they are good,feedback
Absolutely appreciate your support team great job,feedback
We am impressed by your support team so amazing!,feedback
Just wanted to say I am impressed by the service they are good,feedback
Absolutely appreciate this product it is good,feedback
Sach mein cakes superb thank u,feedback
Ek number response mast tha dil khush kar diya,feedback
Absolutely highly recommend your support team it is good,feedback
Bhai quality mast tha bhai,feedback
I am impressed by the cakes ❤️,feedback
Ek number cakes superb bhai,feedback
Sach mein delivery mast tha dil khush kar diya,feedback
I am impressed by the delivery speed thank you!,feedback
We enjoyed this product 5 stars,feedback
Bohot response mast tha phir se order karunga,feedback
Sach mein cakes maza aa gaya dil khush kar diya,feedback
"Overall, the appreciate everything they are good",feedback
"Overall, the love this product they are good",feedback
I enjoyed your support team 😊,feedback
Bhai delivery acha laga bhai,feedback
I highly recommend the cakes 5 stars,feedback
"Overall, the am impressed by your support team great job",feedback
Ek number quality superb bhai,feedback
Just wanted to say I love the cakes thank you!,feedback
I really like this product 👍,feedback
Just wanted to say I am impressed by the delivery speed 😊,feedback
Absolutely highly recommend everything will buy again,feedback
Just wanted to say I am impressed by this product will buy again,feedback
Sir delivery zabardast thank u,feedback
Absolutely love the delivery speed it is good,feedback
We really like the cakes thank you!,feedback
Sir cakes superb bhai,feedback
Ek number response badhiya hai dil khush kar diya,feedback
Bhai cakes acha laga thank u,feedback
Ek number khana badhiya hai dil khush kar diya,feedback
Absolutely appreciate the package so amazing!,feedback
I am impressed by this product 😊,feedback
Sach mein khana zabardast bhai,feedback
Ek number delivery acha laga thank u,feedback
Bhai quality maza aa gaya 👌,feedback
Sir delivery zabardast dil khush kar diya,feedback
I really like your support team 👍,feedback
Sach mein quality badhiya hai keep it up,feedback
Sach mein khana acha laga bhai,feedback
We am impressed by the delivery speed it is good,feedback
We appreciate the cakes so amazing!,feedback
I am impressed by the quality will buy again,feedback
We really like the service 👍,feedback
Sach mein khana badhiya hai keep it up,feedback
Just wanted to say I love the delivery speed it is good,feedback
I really like everything so amazing!,feedback
I really like the quality it is good,feedback
"Overall, the highly recommend the service ❤️",feedback
We highly recommend the package they are good,feedback
"Overall, the really like the package it is good",feedback
Just wanted to say I really like everything they are good,feedback
Bohot quality superb 😍,feedback
Sach mein delivery zabardast keep it up,feedback
I love everything ❤️,feedback
I enjoyed your support team so amazing!,feedback
Sir quality mast tha 😍,feedback
Bohot khana zabardast dil khush kar diya,feedback
We love the delivery speed 5 stars,feedback
Bohot response superb thank u,feedback
Bhai service mast tha 👌,feedback
Sir khana mast tha thank u,feedback
We really like this product thank you!,feedback
I enjoyed the delivery speed it is good,feedback
Sir delivery zabardast dil khush kar diya,feedback
Bhai delivery badhiya hai 👌,feedback
"Overall, the really like the quality thank you!",feedback
"Overall, the really like your support team thank you!",feedback
Absolutely love this product great job,feedback
"Overall, the enjoyed the cakes thank you!",feedback
Ek number delivery maza aa gaya phir se order karunga,feedback
Sach mein quality zabardast thank u,feedback
Just wanted to say I appreciate the package 5 stars,feedback
Absolutely enjoyed the package 👍,feedback
"Overall, the really like everything ❤️",feedback
I enjoyed the quality so amazing!,feedback
Absolutely appreciate your support team 👍,feedback
We enjoyed everything will buy again,feedback
Absolutely appreciate the delivery speed they are good,feedback
Sir service maza aa gaya thank u,feedback
Ek number service mast tha 👌,feedback
Bohot cakes maza aa gaya bhai,feedback
We enjoyed the cakes it is good,feedback
Sach mein response mast tha phir se order karunga,feedback
I love the quality great job,feedback
Bhai response zabardast 😍,feedback
Bohot khana acha laga thank u,feedback
I am impressed by your support team it is good,feedback
I highly recommend the package great job,feedback
Absolutely enjoyed this product they are good,feedback
I enjoyed the cakes it is good,feedback
Just wanted to say I appreciate the cakes it is good,feedback
We highly recommend everything 👍,feedback
Absolutely highly recommend the service great job,feedback
Just wanted to say I really like the delivery speed it is good,feedback
We am impressed by the quality 👍,feedback
"Overall, the am impressed by everything thank you!",feedback
I highly recommend your support team ❤️,feedback
I am impressed by your support team they are good,feedback
Absolutely highly recommend the delivery speed 5 stars,feedback
We love everything it is good,feedback
"Overall, the appreciate the quality so amazing!",feedback
Sir cakes superb 😍,feedback
Just wanted to say I appreciate this product 😊,feedback
Ek number quality zabardast 👌,feedback
Absolutely appreciate the cakes 5 stars,feedback
Bhai response maza aa gaya thank u,feedback
Sach mein cakes superb dil khush kar diya,feedback
Sir quality superb keep it up,feedback
Just wanted to say I really like the delivery speed they are good,feedback
We highly recommend everything thank you!,feedback
We love the cakes 👍,feedback
Just wanted to say I love the service 👍,feedback
Bhai delivery acha laga thank u,feedback
"Overall, the highly recommend the cakes thank you!",feedback
I enjoyed the delivery speed 😊,feedback
Ek number delivery badhiya hai thank u,feedback
Bhai quality badhiya hai thank u,feedback
We appreciate the delivery speed 😊,feedback
Just wanted to say I love the package great job,feedback
Absolutely am impressed by this product will buy again,feedback
Absolutely love this product so amazing!,feedback
Sach mein delivery superb dil khush kar diya,feedback
Absolutely appreciate your support team great job,feedback
Sir khana zabardast thank u,feedback
Absolutely am impressed by the quality they are good,feedback
Just wanted to say I highly recommend the cakes thank you!,feedback
Bohot service maza aa gaya thank u,feedback
Absolutely love the delivery speed 👍,feedback
Sach mein quality maza aa gaya 😍,feedback
Bhai delivery acha laga phir se order karunga,feedback
We highly recommend the quality 👍,feedback
"Overall, the enjoyed the package they are good",feedback
I highly recommend the service ❤️,feedback
"Overall, the appreciate the package 5 stars",feedback
I really like your support team thank you!,feedback
Just wanted to say I love the quality 😊,feedback
Just wanted to say I highly recommend your support team 5 stars,feedback
Bohot service superb 👌,feedback
I am impressed by the package 👍,feedback
Just wanted to say I love the package so amazing!,feedback
We am impressed by everything so amazing!,feedback
"Overall, the appreciate the quality thank you!",feedback
Ek number cakes maza aa gaya phir se order karunga,feedback
Just wanted to say I highly recommend your support team ❤️,feedback
I enjoyed the cakes so amazing!,feedback
Absolutely am impressed by the delivery speed thank you!,feedback
Absolutely enjoyed the delivery speed will buy again,feedback
"Overall, the really like the quality ❤️",feedback
I enjoyed the delivery speed they are good,feedback
Just wanted to say I really like everything 😊,feedback
We love the package thank you!,feedback
Just wanted to say I am impressed by everything thank you!,feedback
I really like the service will buy again,feedback
We am impressed by the package 👍,feedback
Ek number service acha laga keep it up,feedback
Ek number response mast tha 😍,feedback
Ek number delivery superb 👌,feedback
Bohot khana zabardast bhai,feedback
We am impressed by the cakes great job,feedback
Sir service superb keep it up,feedback
Just wanted to say I am impressed by your support team ❤️,feedback
Bohot delivery maza aa gaya 👌,feedback
"Overall, the really like the package 👍",feedback
"Overall, the really like your support team will buy again",feedback
Sir cakes badhiya hai dil khush kar diya,feedback
Sir cakes superb 👌,feedback
I enjoyed your support team 👍,feedback
I appreciate everything 👍,feedback
Just wanted to say I highly recommend the package they are good,feedback
Bhai response acha laga phir se order karunga,feedback
Bhai khana superb 😍,feedback
Bohot response acha laga thank u,feedback
Sach mein cakes zabardast 😍,feedback
"Overall, the am impressed by the service 😊",feedback
We enjoyed the service 5 stars,feedback
We enjoyed the cakes they are good,feedback
"Overall, the highly recommend the package it is good",feedback
Absolutely really like the delivery speed will buy again,feedback
Just wanted to say I highly recommend the delivery speed 5 stars,feedback
Sir khana superb thank u,feedback
Ek number response badhiya hai 👌,feedback
Absolutely love the cakes so amazing!,feedback
I love the quality will buy again,feedback
Bohot cakes zabardast phir se order karunga,feedback
Sach mein khana acha laga dil khush kar diya,feedback
I am impressed by everything thank you!,feedback
Absolutely highly recommend the delivery speed will buy again,feedback
We love the package 😊,feedback
Just wanted to say I am impressed by the delivery speed 5 stars,feedback
"Overall, the love the cakes will buy again",feedback
We appreciate the service great job,feedback
Just wanted to say I appreciate your support team great job,feedback
Bhai cakes badhiya hai bhai,feedback
Sir response maza aa gaya phir se order karunga,feedback
Bohot khana zabardast bhai,feedback
We am impressed by the package 5 stars,feedback
I highly recommend the quality will buy again,feedback
We enjoyed the cakes they are good,feedback
Just wanted to say I enjoyed the quality will buy again,feedback
Just wanted to say I love the cakes ❤️,feedback
Absolutely enjoyed the service great job,feedback
"Overall, the am impressed by the service great job",feedback
"Overall, the enjoyed the service it is good",feedback
"Overall, the am impressed by this product ❤️",feedback
Sach mein delivery maza aa gaya phir se order karunga,feedback
"Overall, the am impressed by everything ❤️",feedback
Bohot quality badhiya hai 😍,feedback
Absolutely am impressed by everything 😊,feedback
I enjoyed the quality great job,feedback
Sach mein cakes acha laga keep it up,feedback
Just wanted to say I love the quality so amazing!,feedback
We am impressed by everything will buy again,feedback
Just wanted to say I enjoyed this product 👍,feedback
I enjoyed everything great job,feedback
Absolutely enjoyed the service ❤️,feedback
Sir delivery zabardast 👌,feedback
Just wanted to say I love the quality they are good,feedback
Ek number cakes zabardast 😍,feedback
I highly recommend the package will buy again,feedback
We appreciate the package ❤️,feedback
Absolutely love the quality 😊,feedback
We appreciate this product so amazing!,feedback
I enjoyed this product they are good,feedback
I highly recommend the service 👍,feedback
I really like the package it is good,feedback
Bhai service zabardast thank u,feedback
Bohot response superb keep it up,feedback
We enjoyed your support team thank you!,feedback
I really like everything thank you!,feedback
Bhai response badhiya hai keep it up,feedback
I enjoyed the package so amazing!,feedback
Bhai response maza aa gaya 👌,feedback
Absolutely highly recommend the package ❤️,feedback
Absolutely highly recommend the package so amazing!,feedback
Bhai service maza aa gaya bhai,feedback
Bohot response zabardast 😍,feedback
Just wanted to say I appreciate the service thank you!,feedback
Bhai response badhiya hai 👌,feedback
We am impressed by the delivery speed 👍,feedback
Just wanted to say I appreciate the cakes it is good,feedback
I am impressed by your support team thank you!,feedback
"Overall, the enjoyed this product will buy again",feedback
"Overall, the highly recommend the delivery speed they are good",feedback
Absolutely appreciate the package 😊,feedback
Just wanted to say I enjoyed everything thank you!,feedback
Just wanted to say I appreciate everything 👍,feedback
Bohot service zabardast phir se order karunga,feedback
"Overall, the really like the cakes thank you!",feedback
We highly recommend the delivery speed it is good,feedback
Ek number khana mast tha keep it up,feedback
Absolutely love your support team thank you!,feedback
Just wanted to say I enjoyed everything will buy again,feedback
Sir response zabardast phir se order karunga,feedback
Just wanted to say I am impressed by this product 5 stars,feedback
"Overall, the love the quality great job",feedback
We highly recommend the package 😊,feedback
"Overall, the am impressed by your support team thank you!",feedback
Sach mein delivery acha laga keep it up,feedback
We appreciate the delivery speed 😊,feedback
Absolutely really like this product 😊,feedback
I enjoyed the cakes thank you!,feedback
Ek number response superb 😍,feedback
Ek number quality badhiya hai thank u,feedback
I really like the service thank you!,feedback
We am impressed by everything it is good,feedback
Bohot khana mast tha 👌,feedback
"Overall, the highly recommend the delivery speed it is good",feedback
Sir quality superb dil khush kar diya,feedback
"Overall, the highly recommend this product it is good",feedback
We enjoyed your support team 👍,feedback
Just wanted to say I am impressed by the quality 👍,feedback
Absolutely am impressed by the package 5 stars,feedback
Bohot delivery mast tha 😍,feedback
I really like the delivery speed 👍,feedback
Sir cakes mast tha bhai,feedback
Just wanted to say I highly recommend the delivery speed will buy again,feedback
Sach mein response superb thank u,feedback
I am impressed by your support team 😊,feedback
I am impressed by your support team thank you!,feedback
Sach mein cakes badhiya hai phir se order karunga,feedback
Absolutely appreciate this product so amazing!,feedback
"Overall, the highly recommend the cakes thank you!",feedback
We enjoyed this product thank you!,feedback
We really like the cakes 😊,feedback
"Overall, the really like the service they are good",feedback
Sir cakes acha laga dil khush kar diya,feedback
Bohot quality acha laga phir se order karunga,feedback
We love the service so amazing!,feedback
I enjoyed this product ❤️,feedback
"Overall, the am impressed by your support team 👍",feedback
We love the cakes it is good,feedback
"Overall, the enjoyed the service will buy again",feedback
Just wanted to say I love this product will buy again,feedback
Bohot delivery acha laga phir se order karunga,feedback
Just wanted to say I really like the delivery speed thank you!,feedback
Absolutely highly recommend the service thank you!,feedback
Absolutely highly recommend the service it is good,feedback
Sir delivery acha laga 😍,feedback
Just wanted to say I appreciate your support team will buy again,feedback
"Overall, the enjoyed the package 👍",feedback
Sir service maza aa gaya phir se order karunga,feedback
I highly recommend this product so amazing!,feedback
Absolutely highly recommend the cakes so amazing!,feedback
Sir cakes acha laga phir se order karunga,feedback
Ek number khana zabardast dil khush kar diya,feedback
Just wanted to say I appreciate your support team will buy again,feedback
Just wanted to say I appreciate the cakes ❤️,feedback
"Overall, the highly recommend the service they are good",feedback
Ek number quality zabardast dil khush kar diya,feedback
We highly recommend everything so amazing!,feedback
We am impressed by the quality 5 stars,feedback
"Overall, the enjoyed your support team great job",feedback
"Overall, the really like the service thank you!",feedback
We enjoyed the cakes great job,feedback
Bohot service superb dil khush kar diya,feedback
I highly recommend the quality ❤️,feedback
We love your support team ❤️,feedback
Sir quality zabardast keep it up,feedback
"Overall, the love the quality so amazing!",feedback
We enjoyed the package they are good,feedback
Absolutely love this product will buy again,feedback
Absolutely highly recommend everything thank you!,feedback
Just wanted to say I really like the service it is good,feedback
Just wanted to say I enjoyed this product 👍,feedback
I am impressed by the quality ❤️,feedback
"Overall, the really like this product they are good",feedback
Sach mein quality zabardast phir se order karunga,feedback
We enjoyed this product 👍,feedback
We appreciate everything 5 stars,feedback
Sir quality mast tha keep it up,feedback
Ek number delivery mast tha 👌,feedback
Ek number khana mast tha dil khush kar diya,feedback
I love the quality 5 stars,feedback
I highly recommend your support team so amazing!,feedback
Just wanted to say I love the cakes great job,feedback
We really like the delivery speed it is good,feedback
Ek number response superb 😍,feedback
Sir khana zabardast 😍,feedback
I highly recommend the package so amazing!,feedback
I really like your support team great job,feedback
"Overall, the really like the quality 👍",feedback
Bhai delivery maza aa gaya bhai,feedback
Sach mein response mast tha bhai,feedback
Absolutely love the cakes great job,feedback
Ek number cakes badhiya hai dil khush kar diya,feedback
Ek number quality superb dil khush kar diya,feedback
Ek number delivery acha laga thank u,feedback
Just wanted to say I appreciate the service 😊,feedback
"Overall, the love the delivery speed thank you!",feedback
We really like the delivery speed 👍,feedback
Bhai quality superb dil khush kar diya,feedback
I highly recommend the delivery speed will buy again,feedback
Ek number delivery maza aa gaya dil khush kar diya,feedback
Ek number delivery mast tha bhai,feedback
We am impressed by the cakes will buy again,feedback
We appreciate the service ❤️,feedback
Sach mein response zabardast thank u,feedback
I enjoyed the cakes will buy again,feedback
Sir khana mast tha dil khush kar diya,feedback
Just wanted to say I appreciate the service 👍,feedback
"Overall, the enjoyed your support team thank you!",feedback
"Overall, the love the quality 😊",feedback
"Overall, the enjoyed your support team 5 stars",feedback
Bohot delivery zabardast 👌,feedback
Just wanted to say I really like the service 👍,feedback
"Overall, the am impressed by the package 😊",feedback
Absolutely love the service so amazing!,feedback
Absolutely enjoyed the delivery speed they are good,feedback
Sir delivery zabardast 😍,feedback
Ek number quality acha laga phir se order karunga,feedback
Sach mein cakes zabardast bhai,feedback
I am impressed by the package 5 stars,feedback
Ek number service superb dil khush kar diya,feedback
We am impressed by the service thank you!,feedback
Just wanted to say I appreciate everything great job,feedback
We highly recommend the quality ❤️,feedback
Just wanted to say I highly recommend this product 👍,feedback
"Overall, the enjoyed the cakes 5 stars",feedback
"Overall, the highly recommend this product so amazing!",feedback
We enjoyed everything thank you!,feedback
Sach mein khana mast tha keep it up,feedback
I appreciate the delivery speed great job,feedback
Just wanted to say I really like your support team ❤️,feedback
Just wanted to say I am impressed by your support team 👍,feedback
We really like the package will buy again,feedback
Ek number delivery maza aa gaya phir se order karunga,feedback
We enjoyed your support team thank you!,feedback
Bohot quality badhiya hai dil khush kar diya,feedback
"Overall, the really like your support team so amazing!",feedback
Just wanted to say I enjoyed the package so amazing!,feedback
Just wanted to say I enjoyed your support team 5 stars,feedback
Absolutely enjoyed the service thank you!,feedback
Absolutely love your support team great job,feedback
Bohot khana acha laga 👌,feedback
Sir cakes superb phir se order karunga,feedback
Sach mein response maza aa gaya dil khush kar diya,feedback
Absolutely am impressed by the quality they are good,feedback
"Overall, the highly recommend the package they are good",feedback
We enjoyed this product 5 stars,feedback
We appreciate the service thank you!,feedback
I appreciate your support team great job,feedback
Just wanted to say I really like the cakes so amazing!,feedback
I highly recommend the delivery speed great job,feedback
Just wanted to say I love your support team so amazing!,feedback
"Overall, the enjoyed the cakes 😊",feedback
Ek number service maza aa gaya keep it up,feedback
Just wanted to say I really like the service 5 stars,feedback
Ek number quality superb thank u,feedback
Sach mein response maza aa gaya phir se order karunga,feedback
Sir service zabardast keep it up,feedback
Ek number response badhiya hai 😍,feedback
Bhai cakes superb 😍,feedback
Absolutely love the delivery speed 5 stars,feedback
Absolutely am impressed by the delivery speed 😊,feedback
Bohot delivery superb 👌,feedback
Sir service acha laga bhai,feedback
I really like this product it is good,feedback
Ek number delivery zabardast keep it up,feedback
Sach mein service zabardast thank u,feedback
We love the quality 5 stars,feedback
Bohot cakes zabardast bhai,feedback
I love this product great job,feedback
Bohot delivery badhiya hai dil khush kar diya,feedback
I really like the service great job,feedback
Absolutely am impressed by this product thank you!,feedback
Sach mein cakes superb 😍,feedback
We enjoyed the service they are good,feedback
Sir cakes acha laga bhai,feedback
"Overall, the highly recommend the package 😊",feedback
Bohot delivery mast tha 👌,feedback
Just wanted to say I really like your support team it is good,feedback
I highly recommend the cakes they are good,feedback
Bhai quality badhiya hai dil khush kar diya,feedback
Bohot quality zabardast bhai,feedback
"Overall, the enjoyed this product 😊",feedback
"Overall, the really like the package so amazing!",feedback
Just wanted to say I love the cakes thank you!,feedback
Ek number cakes mast tha keep it up,feedback
Sach mein response badhiya hai dil khush kar diya,feedback
Sir cakes zabardast 👌,feedback
I highly recommend this product 5 stars,feedback
Just wanted to say I appreciate the service will buy again,feedback
I am impressed by your support team 👍,feedback
Bohot cakes maza aa gaya thank u,feedback
Sir cakes mast tha dil khush kar diya,feedback
Just wanted to say I enjoyed everything 😊,feedback
"Overall, the highly recommend the service 5 stars",feedback
Just wanted to say I love the quality they are good,feedback
We appreciate the package 👍,feedback
"Overall, the highly recommend the delivery speed ❤️",feedback
Sir quality zabardast dil khush kar diya,feedback
Bhai quality badhiya hai 👌,feedback
Just wanted to say I enjoyed the delivery speed so amazing!,feedback
Ek number response badhiya hai 👌,feedback
"Overall, the really like the package 😊",feedback
Sach mein cakes maza aa gaya 👌,feedback
Bohot cakes maza aa gaya dil khush kar diya,feedback
Just wanted to say I enjoyed your support team so amazing!,feedback
Bohot quality mast tha keep it up,feedback
Bhai cakes zabardast bhai,feedback
Ek number khana badhiya hai thank u,feedback
I really like the quality it is good,feedback
We highly recommend the cakes thank you!,feedback
I love this product 👍,feedback
Absolutely love this product they are good,feedback
Just wanted to say I highly recommend the service 😊,feedback
Sach mein khana maza aa gaya phir se order karunga,feedback
Bhai khana zabardast keep it up,feedback
Just wanted to say I love the service they are good,feedback
Absolutely love everything great job,feedback
Bohot khana acha laga 👌,feedback
Sir cakes acha laga 👌,feedback
Just wanted to say I love everything great job,feedback
Absolutely am impressed by the cakes 😊,feedback
Ek number khana mast tha keep it up,feedback
Sach mein khana acha laga phir se order karunga,feedback
Bohot response zabardast phir se order karunga,feedback
Sir service mast tha thank u,feedback
I love the service they are good,feedback
I am impressed by the cakes 5 stars,feedback
We really like your support team so amazing!,feedback
Absolutely am impressed by your support team thank you!,feedback
Absolutely enjoyed the service so amazing!,feedback
"Overall, the really like the service they are good",feedback
Just wanted to say I love the cakes thank you!,feedback
Just wanted to say I highly recommend the delivery speed so amazing!,feedback
We enjoyed the quality ❤️,feedback
We highly recommend the service will buy again,feedback
"Overall, the appreciate the service thank you!",feedback
Bhai cakes maza aa gaya 😍,feedback
Absolutely enjoyed the service 👍,feedback
Just wanted to say I really like the quality ❤️,feedback
Absolutely appreciate your support team 👍,feedback
Just wanted to say I really like this product 👍,feedback
"Overall, the appreciate the service 5 stars",feedback
Bohot cakes mast tha 👌,feedback
Just wanted to say I highly recommend everything 5 stars,feedback
Just wanted to say I appreciate this product 😊,feedback
"Overall, the appreciate the cakes they are good",feedback
I appreciate the delivery speed thank you!,feedback
I highly recommend the service they are good,feedback
Ek number khana zabardast 👌,feedback
Sir service acha laga bhai,feedback
Just wanted to say I really like the service they are good,feedback
Sach mein delivery badhiya hai thank u,feedback
Just wanted to say I enjoyed everything they are good,feedback
Bhai cakes zabardast dil khush kar diya,feedback
I highly recommend this product great job,feedback
"Overall, the am impressed by this product they are good",feedback
Just wanted to say I enjoyed your support team 😊,feedback
I highly recommend the service will buy again,feedback
Bhai delivery zabardast 😍,feedback
Bhai quality mast tha 👌,feedback
Sir quality mast tha 👌,feedback
"Overall, the appreciate the service they are good",feedback
Bohot khana maza aa gaya bhai,feedback
"Overall, the appreciate the delivery speed they are good",feedback
"Overall, the love the package ❤️",feedback
Absolutely appreciate the package it is good,feedback
Just wanted to say I really like this product will buy again,feedback
"Overall, the highly recommend the service ❤️",feedback
Ek number service badhiya hai dil khush kar diya,feedback
Sir response maza aa gaya dil khush kar diya,feedback
I enjoyed the package so amazing!,feedback
Sir quality maza aa gaya 👌,feedback
Absolutely highly recommend everything 😊,feedback
Just wanted to say I enjoyed your support team thank you!,feedback
Just wanted to say I highly recommend everything thank you!,feedback
"Overall, the enjoyed the service ❤️",feedback
"Overall, the love the service 👍",feedback
Ek number quality badhiya hai phir se order karunga,feedback
Just wanted to say I love this product so amazing!,feedback
Sir cakes badhiya hai bhai,feedback
Just wanted to say I am impressed by your support team great job,feedback
Bohot service mast tha keep it up,feedback
Just wanted to say I enjoyed the cakes 👍,feedback
"Overall, the love the package it is good",feedback
We enjoyed the service 5 stars,feedback
Absolutely really like your support team 👍,feedback
Absolutely am impressed by the delivery speed will buy again,feedback
We appreciate your support team 👍,feedback
Sach mein khana zabardast bhai,feedback
We appreciate the cakes will buy again,feedback
Just wanted to say I am impressed by the cakes 😊,feedback
We am impressed by the quality will buy again,feedback
I love everything so amazing!,feedback
Bhai response acha laga 👌,feedback
Bohot cakes acha laga 👌,feedback
I appreciate the service it is good,feedback
Bhai quality mast tha 😍,feedback
Ek number quality badhiya hai keep it up,feedback
Sir delivery acha laga keep it up,feedback
We really like this product great job,feedback
We highly recommend everything ❤️,feedback
"Overall, the highly recommend the quality 👍",feedback
Just wanted to say I appreciate your support team 5 stars,feedback
Absolutely am impressed by the cakes 5 stars,feedback
Absolutely really like the service great job,feedback
We love your support team they are good,feedback
Bohot response acha laga 👌,feedback
Absolutely appreciate the delivery speed 👍,feedback
Bohot cakes acha laga keep it up,feedback
Ek number quality mast tha phir se order karunga,feedback
Just wanted to say I am impressed by the service thank you!,feedback
Absolutely am impressed by the package 👍,feedback
Sir cakes acha laga 😍,feedback
Sach mein cakes acha laga 👌,feedback
I really like the quality so amazing!,feedback
I love everything thank you!,feedback
Sach mein cakes superb bhai,feedback
I appreciate the quality will buy again,feedback
"Overall, the love the service 😊",feedback
"Overall, the appreciate the service will buy again",feedback
Absolutely really like the service great job,feedback
Just wanted to say I really like the package thank you!,feedback
Absolutely appreciate your support team so amazing!,feedback
Sir quality mast tha thank u,feedback
Absolutely highly recommend this product will buy again,feedback
Just wanted to say I love the delivery speed 😊,feedback
I highly recommend the quality so amazing!,feedback
Sir response mast tha keep it up,feedback
We highly recommend everything 👍,feedback
Absolutely love the cakes it is good,feedback
Sir khana badhiya hai phir se order karunga,feedback
Just wanted to say I love this product ❤️,feedback
I am impressed by everything it is good,feedback
I am impressed by the delivery speed it is good,feedback
Bhai response acha laga 👌,feedback
Sir delivery mast tha 👌,feedback
"Overall, the really like the cakes they are good",feedback
I love the quality thank you!,feedback
Bohot delivery mast tha phir se order karunga,feedback
We am impressed by the quality will buy again,feedback
Absolutely love everything 5 stars,feedback
Sir khana maza aa gaya bhai,feedback
Sir response superb 😍,feedback
Absolutely enjoyed everything they are good,feedback
We am impressed by the quality ❤️,feedback
Just wanted to say I enjoyed this product thank you!,feedback
Just wanted to say I enjoyed the package will buy again,feedback
"Overall, the highly recommend the delivery speed 5 stars",feedback
I really like the cakes will buy again,feedback
Just wanted to say I love your support team thank you!,feedback
Absolutely am impressed by this product so amazing!,feedback
Just wanted to say I love the cakes 😊,feedback
Bhai cakes maza aa gaya keep it up,feedback
"Overall, the am impressed by your support team 5 stars",feedback
Just wanted to say I really like this product 5 stars,feedback
I appreciate this product it is good,feedback
Sach mein delivery maza aa gaya 👌,feedback
We really like the quality great job,feedback
"Overall, the appreciate the service it is good",feedback
Ek number delivery superb 👌,feedback
We love the delivery speed so amazing!,feedback
Absolutely highly recommend the service will buy again,feedback
I love the package thank you!,feedback
"Overall, the appreciate the package it is good",feedback
"Overall, the love the cakes they are good",feedback
Just wanted to say I highly recommend the cakes great job,feedback
We really like the cakes they are good,feedback
I appreciate everything 5 stars,feedback
Absolutely appreciate this product it is good,feedback
Sach mein delivery superb keep it up,feedback
"Overall, the love the service will buy again",feedback
Absolutely appreciate the quality it is good,feedback
Just wanted to say I appreciate everything great job,feedback
We really like the package so amazing!,feedback
We highly recommend the delivery speed great job,feedback
Just wanted to say I am impressed by the service 😊,feedback
Bohot khana badhiya hai 😍,feedback
Sach mein delivery superb dil khush kar diya,feedback
I appreciate this product 👍,feedback
Absolutely really like the quality 👍,feedback
Ek number cakes mast tha phir se order karunga,feedback
"Overall, the appreciate the delivery speed thank you!",feedback
Absolutely highly recommend the delivery speed will buy again,feedback
Absolutely love the delivery speed 😊,feedback
We appreciate the service 😊,feedback
"Overall, the am impressed by the quality great job",feedback
Bhai response superb keep it up,feedback
We really like everything will buy again,feedback
Absolutely appreciate the quality they are good,feedback
Sir delivery acha laga dil khush kar diya,feedback
Absolutely highly recommend your support team so amazing!,feedback
Just wanted to say I enjoyed this product it is good,feedback
Just wanted to say I am impressed by the delivery speed 😊,feedback
Absolutely love everything they are good,feedback
Just wanted to say I enjoyed the quality 😊,feedback
We really like everything it is good,feedback
"Overall, the love your support team ❤️",feedback
I love this product it is good,feedback
Bhai delivery maza aa gaya keep it up,feedback
Sir service acha laga bhai,feedback
Bohot cakes maza aa gaya 👌,feedback
We love everything 😊,feedback
Just wanted to say I enjoyed this product 5 stars,feedback
We highly recommend the package 😊,feedback
Just wanted to say I enjoyed the quality ❤️,feedback
Bhai quality zabardast 👌,feedback
"Overall, the highly recommend your support team thank you!",feedback
Bohot response acha laga keep it up,feedback
Sach mein response badhiya hai phir se order karunga,feedback
I am impressed by the quality ❤️,feedback
I appreciate the package great job,feedback
Bhai delivery acha laga 👌,feedback
Just wanted to say I highly recommend the service will buy again,feedback
Sir service superb bhai,feedback
Absolutely really like the delivery speed thank you!,feedback
Sir service maza aa gaya phir se order karunga,feedback
Absolutely really like your support team ❤️,feedback
"Overall, the enjoyed the cakes so amazing!",feedback
Sach mein delivery zabardast dil khush kar diya,feedback
I really like the package thank you!,feedback
"Overall, the really like the delivery speed thank you!",feedback
Absolutely really like the package will buy again,feedback
Bohot cakes superb keep it up,feedback
"Overall, the appreciate this product great job",feedback
Sir service maza aa gaya 👌,feedback
We really like the cakes thank you!,feedback
"Overall, the love this product so amazing!",feedback
Just wanted to say I really like your support team 5 stars,feedback
"Overall, the really like everything great job",feedback
Just wanted to say I really like the delivery speed 😊,feedback
Ek number response mast tha phir se order karunga,feedback
Bhai khana superb thank u,feedback
"Overall, the highly recommend everything thank you!",feedback
We appreciate the service so amazing!,feedback
Just wanted to say I highly recommend the cakes it is good,feedback
We highly recommend the package they are good,feedback
Absolutely love the delivery speed ❤️,feedback
"Overall, the highly recommend everything 5 stars",feedback
Absolutely am impressed by this product ❤️,feedback
We appreciate the cakes ❤️,feedback
Bhai response maza aa gaya 👌,feedback
"Overall, the highly recommend the package they are good",feedback
Absolutely highly recommend your support team it is good,feedback
"Overall, the am impressed by the service will buy again",feedback
Sach mein cakes badhiya hai 👌,feedback
Ek number response acha laga bhai,feedback
Bhai response zabardast 👌,feedback
Bohot response mast tha bhai,feedback
Absolutely love the service will buy again,feedback
We love the cakes it is good,feedback
Bohot delivery mast tha bhai,feedback
I love the delivery speed will buy again,feedback
"Overall, the really like the cakes great job",feedback
Absolutely love everything it is good,feedback
I am impressed by the cakes will buy again,feedback
Sach mein quality maza aa gaya thank u,feedback
Just wanted to say I enjoyed this product they are good,feedback
Absolutely enjoyed your support team 😊,feedback
Bhai delivery badhiya hai thank u,feedback
We love your support team 👍,feedback
Just wanted to say I am impressed by the service so amazing!,feedback
I enjoyed the package thank you!,feedback
"Overall, the am impressed by the delivery speed 5 stars",feedback
Absolutely really like the service so amazing!,feedback
Just wanted to say I appreciate the cakes thank you!,feedback
We really like your support team 😊,feedback
Absolutely appreciate this product 😊,feedback
We appreciate the package so amazing!,feedback
Ek number response acha laga phir se order karunga,feedback
Just wanted to say I love your support team will buy again,feedback
Bohot service badhiya hai phir se order karunga,feedback
Ek number cakes zabardast thank u,feedback
We enjoyed the package it is good,feedback
Just wanted to say I really like everything 👍,feedback
We appreciate your support team 5 stars,feedback
"Overall, the love the delivery speed 5 stars",feedback
Absolutely highly recommend the quality so amazing!,feedback
We love the package they are good,feedback
Bhai cakes badhiya hai bhai,feedback
I am impressed by your support team thank you!,feedback
Absolutely love everything ❤️,feedback
Sir cakes zabardast keep it up,feedback
Just wanted to say I love the package will buy again,feedback
Just wanted to say I love the cakes so amazing!,feedback
I appreciate the quality great job,feedback
Bohot cakes badhiya hai bhai,feedback
We enjoyed everything it is good,feedback
Sir delivery zabardast 👌,feedback
Just wanted to say I am impressed by the cakes 👍,feedback
Sir quality maza aa gaya 👌,feedback
We am impressed by the cakes ❤️,feedback
Just wanted to say I love the quality will buy again,feedback
Bohot khana mast tha phir se order karunga,feedback
Ek number cakes acha laga 👌,feedback
Bhai khana maza aa gaya 👌,feedback
"Overall, the am impressed by the quality thank you!",feedback
Absolutely really like the quality will buy again,feedback
Sir response maza aa gaya 👌,feedback
Sach mein response maza aa gaya dil khush kar diya,feedback
I appreciate the service great job,feedback
Bohot cakes superb keep it up,feedback
Absolutely love the quality 5 stars,feedback
Absolutely really like your support team thank you!,feedback
Ek number khana maza aa gaya dil khush kar diya,feedback
Just wanted to say I enjoyed the package great job,feedback
Ek number service superb 😍,feedback
I enjoyed the delivery speed they are good,feedback
"Overall, the highly recommend the delivery speed thank you!",feedback
"Overall, the enjoyed the service it is good",feedback
Bhai cakes acha laga 👌,feedback
Just wanted to say I enjoyed everything 😊,feedback
"Overall, the appreciate everything so amazing!",feedback
I highly recommend this product 👍,feedback
We really like the quality they are good,feedback
Just wanted to say I highly recommend this product they are good,feedback
Just wanted to say I highly recommend the quality they are good,feedback
"Overall, the am impressed by the quality 😊",feedback
Just wanted to say I enjoyed this product they are good,feedback
"Overall, the highly recommend everything they are good",feedback
We love this product thank you!,feedback
Ek number khana superb thank u,feedback
Bohot quality mast tha 😍,feedback
Sach mein service maza aa gaya 👌,feedback
Sach mein khana mast tha 😍,feedback
Bohot delivery zabardast thank u,feedback
Bhai quality superb thank u,feedback
Bohot quality maza aa gaya phir se order karunga,feedback
We really like the quality so amazing!,feedback
"Overall, the appreciate the delivery speed great job",feedback
Sir response zabardast 👌,feedback
Bhai service zabardast dil khush kar diya,feedback
We really like your support team thank you!,feedback
"Overall, the really like everything great job",feedback
Just wanted to say I am impressed by everything will buy again,feedback
I really like the service so amazing!,feedback
Just wanted to say I appreciate the quality 👍,feedback
"Overall, the am impressed by this product 5 stars",feedback
Bhai khana mast tha dil khush kar diya,feedback
Sir cakes badhiya hai thank u,feedback
Absolutely am impressed by the package so amazing!,feedback
We really like your support team 👍,feedback
Sach mein response superb thank u,feedback
Sach mein cakes acha laga dil khush kar diya,feedback
Just wanted to say I highly recommend your support team it is good,feedback
Absolutely enjoyed the service will buy again,feedback
Sir service maza aa gaya thank u,feedback
I love the delivery speed 👍,feedback
"Overall, the enjoyed the service ❤️",feedback
We love the cakes 5 stars,feedback
I love this product it is good,feedback
Just wanted to say I enjoyed the service 5 stars,feedback
I appreciate this product great job,feedback
Just wanted to say I appreciate everything it is good,feedback
Absolutely highly recommend your support team 👍,feedback
Ek number response mast tha thank u,feedback
We am impressed by the package so amazing!,feedback
I really like your support team so amazing!,feedback
Just wanted to say I love your support team 5 stars,feedback
"Overall, the am impressed by everything thank you!",feedback
I enjoyed the cakes it is good,feedback
Bhai delivery badhiya hai 👌,feedback
Absolutely highly recommend your support team 5 stars,feedback
We appreciate your support team 👍,feedback
Sach mein delivery zabardast thank u,feedback
Bohot service zabardast 👌,feedback
Ek number cakes maza aa gaya dil khush kar diya,feedback
Ek number response acha laga keep it up,feedback
Sach mein response acha laga 😍,feedback
We appreciate everything will buy again,feedback
"Overall, the appreciate the delivery speed will buy again",feedback
"Overall, the am impressed by the quality thank you!",feedback
Ek number khana maza aa gaya 👌,feedback
Sir service mast tha 😍,feedback
Bohot khana mast tha phir se order karunga,feedback
I really like the quality 👍,feedback
I really like this product will buy again,feedback
Ek number service acha laga 👌,feedback
Absolutely really like the cakes it is good,feedback
Sir khana maza aa gaya thank u,feedback
Ek number cakes acha laga 😍,feedback
Absolutely love the cakes so amazing!,feedback
"Overall, the really like the service 5 stars",feedback
Bohot quality zabardast dil khush kar diya,feedback
I enjoyed your support team will buy again,feedback
We highly recommend the service great job,feedback
I enjoyed the package ❤️,feedback
I appreciate the delivery speed 5 stars,feedback
We love everything so amazing!,feedback
Sach mein quality zabardast dil khush kar diya,feedback
Absolutely enjoyed everything they are good,feedback
We appreciate the cakes ❤️,feedback
I love the package they are good,feedback
Bohot delivery superb thank u,feedback
Bohot quality acha laga 👌,feedback
Just wanted to say I enjoyed the delivery speed ❤️,feedback
Bhai quality acha laga thank u,feedback
Ek number delivery acha laga 👌,feedback
We enjoyed the package 👍,feedback
Sach mein khana mast tha thank u,feedback
"Overall, the highly recommend the quality it is good",feedback
Sach mein cakes superb thank u,feedback
"Overall, the love the delivery speed 5 stars",feedback
Bohot delivery superb keep it up,feedback
Bhai khana mast tha phir se order karunga,feedback
I enjoyed everything 😊,feedback
Bohot service acha laga 😍,feedback
"Overall, the appreciate everything 5 stars",feedback
Sir cakes badhiya hai phir se order karunga,feedback
I am impressed by the package 😊,feedback
"Overall, the enjoyed this product thank you!",feedback
Just wanted to say I love your support team ❤️,feedback
Absolutely am impressed by the cakes 😊,feedback
"Overall, the highly recommend the service they are good",feedback
Absolutely really like everything thank you!,feedback
Sir khana superb 😍,feedback
Bohot delivery superb phir se order karunga,feedback
I love the service they are good,feedback
Just wanted to say I love your support team so amazing!,feedback
Just wanted to say I appreciate the cakes great job,feedback
Just wanted to say I am impressed by the quality it is good,feedback
We enjoyed the cakes it is good,feedback
Bhai delivery zabardast keep it up,feedback
We really like everything thank you!,feedback
"Overall, the am impressed by the service will buy again",feedback
I highly recommend this product will buy again,feedback
I appreciate the service they are good,feedback
Sir cakes badhiya hai 😍,feedback
Absolutely enjoyed the delivery speed 👍,feedback
We am impressed by the cakes great job,feedback
Sach mein delivery maza aa gaya keep it up,feedback
Sir delivery acha laga thank u,feedback
Sir response zabardast 😍,feedback
Absolutely am impressed by everything 5 stars,feedback
Just wanted to say I highly recommend the service they are good,feedback
I am impressed by the quality 😊,feedback
Sir cakes maza aa gaya bhai,feedback
Absolutely highly recommend this product thank you!,feedback
Bohot delivery superb thank u,feedback
We highly recommend the delivery speed so amazing!,feedback
Ek number delivery badhiya hai 😍,feedback
Absolutely enjoyed the quality 👍,feedback
Sir service acha laga phir se order karunga,feedback
Absolutely love the cakes 5 stars,feedback
I enjoyed the delivery speed will buy again,feedback
Bhai quality badhiya hai phir se order karunga,feedback
Absolutely enjoyed the service they are good,feedback
Absolutely love the delivery speed great job,feedback
Just wanted to say I enjoyed the delivery speed will buy again,feedback
Absolutely appreciate this product 😊,feedback
Absolutely enjoyed your support team 👍,feedback
Ek number khana superb keep it up,feedback
Absolutely enjoyed the cakes ❤️,feedback
Just wanted to say I really like your support team it is good,feedback
Bhai delivery acha laga bhai,feedback
Just wanted to say I love the cakes ❤️,feedback
"Overall, the appreciate the delivery speed thank you!",feedback
We enjoyed the delivery speed 👍,feedback
Just wanted to say I am impressed by everything 😊,feedback
We highly recommend the delivery speed it is good,feedback
"Overall, the enjoyed your support team 5 stars",feedback
We appreciate everything it is good,feedback
Bohot delivery badhiya hai thank u,feedback
I really like the quality great job,feedback
Bohot delivery zabardast 😍,feedback
Just wanted to say I highly recommend the quality so amazing!,feedback
We love your support team 👍,feedback
Absolutely am impressed by the quality they are good,feedback
Bhai quality maza aa gaya phir se order karunga,feedback
Just wanted to say I am impressed by everything it is good,feedback
Bohot khana zabardast keep it up,feedback
Bohot cakes mast tha dil khush kar diya,feedback
Absolutely am impressed by the delivery speed 👍,feedback
Bhai delivery superb thank u,feedback
"Overall, the highly recommend the cakes great job",feedback
Bohot delivery mast tha thank u,feedback
Bohot cakes maza aa gaya dil khush kar diya,feedback
I appreciate the service so amazing!,feedback
Sir quality mast tha 😍,feedback
Absolutely highly recommend the package will buy again,feedback
"Overall, the am impressed by the delivery speed so amazing!",feedback
I really like the delivery speed will buy again,feedback
I highly recommend this product so amazing!,feedback
Bhai cakes mast tha phir se order karunga,feedback
Absolutely enjoyed your support team so amazing!,feedback
Absolutely love the delivery speed so amazing!,feedback
We enjoyed the package ❤️,feedback
Just wanted to say I highly recommend the cakes thank you!,feedback
Just wanted to say I highly recommend this product thank you!,feedback
We enjoyed everything great job,feedback
I really like your support team thank you!,feedback
Bhai quality maza aa gaya bhai,feedback
We appreciate the package will buy again,feedback
Ek number cakes zabardast 👌,feedback
I love this product ❤️,feedback
"Overall, the really like this product thank you!",feedback
Just wanted to say I am impressed by this product will buy again,feedback
We highly recommend the quality so amazing!,feedback
I appreciate your support team 5 stars,feedback
Ek number quality badhiya hai 😍,feedback
Just wanted to say I enjoyed the cakes they are good,feedback
"Overall, the am impressed by this product 👍",feedback
Absolutely enjoyed your support team they are good,feedback
I love everything 👍,feedback
Bohot khana badhiya hai phir se order karunga,feedback
"Overall, the enjoyed everything they are good",feedback
We enjoyed this product 👍,feedback
"Overall, the really like everything so amazing!",feedback
"Overall, the love this product so amazing!",feedback
Bohot delivery zabardast phir se order karunga,feedback
Absolutely highly recommend your support team great job,feedback
Just wanted to say I highly recommend the cakes 5 stars,feedback
Just wanted to say I am impressed by the delivery speed 😊,feedback
Bhai service maza aa gaya bhai,feedback
Just wanted to say I really like the quality 👍,feedback
Sach mein delivery badhiya hai 👌,feedback
Ek number khana badhiya hai thank u,feedback
Sir delivery badhiya hai keep it up,feedback
Ek number delivery badhiya hai keep it up,feedback
"Overall, the highly recommend the service 5 stars",feedback
"Overall, the really like this product they are good",feedback
Sir quality badhiya hai bhai,feedback
Sach mein service maza aa gaya thank u,feedback
"Overall, the love this product 😊",feedback
I really like this product great job,feedback
"Overall, the highly recommend the delivery speed will buy again",feedback
Ek number response mast tha dil khush kar diya,feedback
Ek number service maza aa gaya 👌,feedback
Sach mein delivery maza aa gaya bhai,feedback
Sach mein khana maza aa gaya keep it up,feedback
Absolutely am impressed by the cakes 5 stars,feedback
Sach mein delivery zabardast 👌,feedback
Sir service badhiya hai phir se order karunga,feedback
I highly recommend everything will buy again,feedback
Just wanted to say I am impressed by the service 👍,feedback
Sach mein service zabardast keep it up,feedback
Sach mein delivery badhiya hai 😍,feedback
Just wanted to say I enjoyed the service so amazing!,feedback
Sir delivery zabardast 😍,feedback
Bohot cakes acha laga phir se order karunga,feedback
"Overall, the enjoyed everything 👍",feedback
Absolutely really like your support team will buy again,feedback
I love the cakes thank you!,feedback
Absolutely love the package it is good,feedback
Ek number khana superb bhai,feedback
Just wanted to say I really like the package thank you!,feedback
I am impressed by the quality great job,feedback
Absolutely appreciate the package great job,feedback
Absolutely am impressed by this product great job,feedback
I appreciate the service it is good,feedback
Absolutely highly recommend the service 5 stars,feedback
Bhai service zabardast keep it up,feedback
Bohot quality zabardast phir se order karunga,feedback
Just wanted to say I highly recommend the service it is good,feedback
"Overall, the am impressed by the package ❤️",feedback
Just wanted to say I am impressed by the package so amazing!,feedback
"Overall, the am impressed by your support team great job",feedback
Bhai service acha laga phir se order karunga,feedback
Bhai delivery acha laga dil khush kar diya,feedback
Ek number quality badhiya hai dil khush kar diya,feedback
Bhai khana maza aa gaya 😍,feedback
Bohot delivery badhiya hai bhai,feedback
Bhai quality badhiya hai dil khush kar diya,feedback
Sir delivery badhiya hai keep it up,feedback
I appreciate the delivery speed it is good,feedback
I highly recommend everything it is good,feedback
Sir delivery badhiya hai keep it up,feedback
Absolutely love the cakes ❤️,feedback
Sir quality mast tha dil khush kar diya,feedback
Ek number delivery maza aa gaya 👌,feedback
Bohot service badhiya hai bhai,feedback
Sir cakes zabardast thank u,feedback
"Overall, the really like the delivery speed great job",feedback
"Overall, the love the cakes so amazing!",feedback
I am impressed by this product so amazing!,feedback
"Overall, the appreciate this product ❤️",feedback
Sir khana badhiya hai phir se order karunga,feedback
We enjoyed the package 😊,feedback
Absolutely appreciate the service they are good,feedback
We am impressed by the package ❤️,feedback
Sir delivery acha laga 😍,feedback
Just wanted to say I appreciate everything they are good,feedback
Just wanted to say I am impressed by your support team great job,feedback
Bohot service zabardast 😍,feedback
We am impressed by everything will buy again,feedback
Sir service badhiya hai keep it up,feedback
Ek number quality zabardast dil khush kar diya,feedback
We highly recommend your support team great job,feedback
Absolutely love this product will buy again,feedback
Absolutely enjoyed your support team ❤️,feedback
Absolutely am impressed by the quality thank you!,feedback
"Overall, the really like everything great job",feedback
Just wanted to say I am impressed by your support team thank you!,feedback
We highly recommend everything will buy again,feedback
"Overall, the really like the delivery speed ❤️",feedback
Just wanted to say I really like the cakes thank you!,feedback
Just wanted to say I highly recommend the quality 5 stars,feedback
Bohot service badhiya hai 😍,feedback
I really like your support team 😊,feedback
Sach mein service badhiya hai dil khush kar diya,feedback
"Overall, the really like this product great job",feedback
Absolutely really like the delivery speed ❤️,feedback
Bhai service badhiya hai bhai,feedback
Bohot delivery zabardast phir se order karunga,feedback
"Overall, the am impressed by this product so amazing!",feedback
I am impressed by the package so amazing!,feedback
Bhai service acha laga bhai,feedback
I appreciate the quality they are good,feedback
Ek number cakes maza aa gaya keep it up,feedback
Bohot cakes superb phir se order karunga,feedback
I love your support team great job,feedback
Just wanted to say I enjoyed your support team ❤️,feedback
We enjoyed this product great job,feedback
Just wanted to say I highly recommend your support team 5 stars,feedback
"Overall, the enjoyed the package will buy again",feedback
"Overall, the appreciate this product it is good",feedback
Sach mein service zabardast keep it up,feedback
"Overall, the love the delivery speed they are good",feedback
Sir quality maza aa gaya dil khush kar diya,feedback
Just wanted to say I really like the package 👍,feedback
Absolutely highly recommend the package 😊,feedback
We highly recommend the cakes so amazing!,feedback
We am impressed by the quality it is good,feedback
Bohot cakes acha laga 👌,feedback
"Overall, the enjoyed your support team ❤️",feedback
Just wanted to say I highly recommend the cakes will buy again,feedback
"Overall, the am impressed by the quality great job",feedback
Just wanted to say I am impressed by this product 😊,feedback
We love the delivery speed 👍,feedback
Just wanted to say I appreciate the quality 5 stars,feedback
Sir response badhiya hai bhai,feedback
Sach mein quality badhiya hai thank u,feedback
We love this product 😊,feedback
Just wanted to say I highly recommend your support team great job,feedback
Bhai khana acha laga bhai,feedback
Absolutely love everything it is good,feedback
Just wanted to say I am impressed by the delivery speed great job,feedback
Sach mein cakes mast tha 😍,feedback
We am impressed by the cakes they are good,feedback
Absolutely am impressed by the cakes thank you!,feedback
Bohot khana acha laga keep it up,feedback
Sir cakes mast tha 😍,feedback
"Overall, the enjoyed the package 5 stars",feedback
I enjoyed the service 😊,feedback
Just wanted to say I love everything they are good,feedback
I highly recommend your support team will buy again,feedback
"Overall, the appreciate the delivery speed so amazing!",feedback
Just wanted to say I appreciate the package great job,feedback
Ek number service badhiya hai keep it up,feedback
Bhai service acha laga thank u,feedback
Absolutely highly recommend your support team great job,feedback
Just wanted to say I am impressed by the delivery speed will buy again,feedback
Just wanted to say I really like your support team great job,feedback
Bohot service mast tha dil khush kar diya,feedback
We love the package 😊,feedback
Absolutely enjoyed the service great job,feedback
Just wanted to say I appreciate this product 5 stars,feedback
I love the package great job,feedback
Just wanted to say I enjoyed the package ❤️,feedback
We highly recommend the cakes ❤️,feedback
We am impressed by this product they are good,feedback
Just wanted to say I appreciate this product ❤️,feedback
I really like the quality great job,feedback
Sir khana mast tha dil khush kar diya,feedback
Absolutely highly recommend the delivery speed it is good,feedback
I am impressed by the package 😊,feedback
I appreciate this product 5 stars,feedback
Sir cakes mast tha keep it up,feedback
We appreciate everything 😊,feedback
"Overall, the really like the quality ❤️",feedback
Just wanted to say I love your support team will buy again,feedback
Sach mein delivery zabardast phir se order karunga,feedback
Bhai service superb dil khush kar diya,feedback
Absolutely highly recommend the service thank you!,feedback
Bohot service superb bhai,feedback
Bohot delivery zabardast 👌,feedback
Sir cakes acha laga phir se order karunga,feedback
"Overall, the highly recommend everything 😊",feedback
"Overall, the enjoyed everything ❤️",feedback
I am impressed by your support team it is good,feedback
Just wanted to say I highly recommend the cakes will buy again,feedback
Absolutely love the quality 😊,feedback
Sach mein quality maza aa gaya thank u,feedback
We highly recommend the service will buy again,feedback
Ek number khana acha laga dil khush kar diya,feedback
Just wanted to say I highly recommend the delivery speed ❤️,feedback
Sach mein quality mast tha 👌,feedback
I am impressed by your support team ❤️,feedback
Ek number response acha laga keep it up,feedback
Sir service mast tha bhai,feedback
"Overall, the really like this product 😊",feedback
I really like the cakes they are good,feedback
Sach mein khana acha laga keep it up,feedback
Absolutely highly recommend the package it is good,feedback
We highly recommend everything it is good,feedback
Ek number khana superb bhai,feedback
Bohot delivery acha laga 👌,feedback
"Overall, the really like the package 😊",feedback
I highly recommend this product 5 stars,feedback
Absolutely enjoyed the package they are good,feedback
Absolutely highly recommend everything will buy again,feedback
Just wanted to say I really like everything it is good,feedback
"Overall, the highly recommend your support team so amazing!",feedback
Bohot response badhiya hai bhai,feedback
Absolutely highly recommend the service so amazing!,feedback
Bohot cakes zabardast bhai,feedback
Just wanted to say I highly recommend the service it is good,feedback
"Overall, the am impressed by the quality they are good",feedback
Sir delivery mast tha bhai,feedback
"Overall, the enjoyed the cakes it is good",feedback
Sir khana superb 👌,feedback
Sir quality acha laga keep it up,feedback
Just wanted to say I love the quality thank you!,feedback
Bhai khana badhiya hai keep it up,feedback
We am impressed by the quality great job,feedback
Ek number quality mast tha bhai,feedback
Bhai khana superb 👌,feedback
Just wanted to say I love the delivery speed ❤️,feedback
"Overall, the love the quality they are good",feedback
I love the package ❤️,feedback
"Overall, the love everything 😊",feedback
I highly recommend everything will buy again,feedback
Just wanted to say I love the service 😊,feedback
We am impressed by the delivery speed thank you!,feedback
Sach mein delivery superb dil khush kar diya,feedback
Just wanted to say I enjoyed your support team will buy again,feedback
Absolutely appreciate the service it is good,feedback
I love the package 5 stars,feedback
Just wanted to say I enjoyed the package ❤️,feedback
I enjoyed everything thank you!,feedback
Just wanted to say I really like the service great job,feedback
Bhai quality superb dil khush kar diya,feedback
Bohot service superb 😍,feedback
We enjoyed everything so amazing!,feedback
We highly recommend the cakes great job,feedback
Just wanted to say I am impressed by the cakes thank you!,feedback
Just wanted to say I highly recommend the package great job,feedback
Ek number response superb dil khush kar diya,feedback
I love your support team 5 stars,feedback
Just wanted to say I am impressed by your support team 😊,feedback
Just wanted to say I am impressed by the package ❤️,feedback
"Overall, the enjoyed this product 😊",feedback
"Overall, the am impressed by the service they are good",feedback
Sir khana zabardast dil khush kar diya,feedback
Absolutely am impressed by the quality they are good,feedback
Bhai delivery acha laga thank u,feedback
Bhai khana zabardast thank u,feedback
Absolutely highly recommend the quality 5 stars,feedback
I really like the delivery speed ❤️,feedback
Bohot response mast tha bhai,feedback
Sach mein delivery mast tha keep it up,feedback
We appreciate everything so amazing!,feedback
We really like the quality will buy again,feedback
Just wanted to say I am impressed by the package great job,feedback
Absolutely am impressed by your support team it is good,feedback
Sach mein quality acha laga keep it up,feedback
Just wanted to say I appreciate everything they are good,feedback
Just wanted to say I really like this product ❤️,feedback
Just wanted to say I enjoyed the delivery speed great job,feedback
Bhai khana acha laga bhai,feedback
I really like this product ❤️,feedback
We appreciate your support team ❤️,feedback
Absolutely really like the quality it is good,feedback
Just wanted to say I appreciate the cakes 😊,feedback
"Overall, the really like the package it is good",feedback
Sach mein response acha laga bhai,feedback
I really like the cakes will buy again,feedback
Sach mein delivery acha laga keep it up,feedback
We really like the delivery speed 😊,feedback
"Overall, the appreciate the delivery speed 😊",feedback
Absolutely appreciate the quality 👍,feedback
Ek number response mast tha bhai,feedback
Absolutely love the cakes so amazing!,feedback
We am impressed by the package thank you!,feedback
Bohot quality superb dil khush kar diya,feedback
I appreciate the delivery speed will buy again,feedback
Absolutely am impressed by everything 👍,feedback
Sach mein response badhiya hai thank u,feedback
We enjoyed the service it is good,feedback
Absolutely enjoyed the service great job,feedback
Absolutely really like this product so amazing!,feedback
Sir quality zabardast 👌,feedback
Sir cakes superb keep it up,feedback
"Overall, the love this product ❤️",feedback
"Overall, the love the quality will buy again",feedback
Sir service badhiya hai thank u,feedback
"Overall, the really like the service they are good",feedback
We am impressed by the delivery speed great job,feedback
Just wanted to say I enjoyed your support team 👍,feedback
Just wanted to say I appreciate your support team 👍,feedback
I appreciate the package 5 stars,feedback
Ek number khana superb 👌,feedback
Sach mein service zabardast phir se order karunga,feedback
Sir delivery mast tha dil khush kar diya,feedback
Just wanted to say I enjoyed your support team thank you!,feedback
We love your support team they are good,feedback
Just wanted to say I highly recommend everything 5 stars,feedback
Bohot response acha laga phir se order karunga,feedback
"Overall, the appreciate the quality so amazing!",feedback
"Overall, the am impressed by the service ❤️",feedback
Bohot service superb keep it up,feedback
"Overall, the enjoyed your support team will buy again",feedback
Ek number response badhiya hai phir se order karunga,feedback
Absolutely enjoyed the service it is good,feedback
Just wanted to say I really like the service 5 stars,feedback
We love the delivery speed it is good,feedback
Just wanted to say I am impressed by this product thank you!,feedback
"Overall, the am impressed by the service 👍",feedback
Absolutely really like everything it is good,feedback
Ek number delivery superb 😍,feedback
Just wanted to say I highly recommend your support team thank you!,feedback
We highly recommend everything they are good,feedback
Sach mein delivery acha laga 😍,feedback
"Overall, the love the package so amazing!",feedback
We highly recommend the service it is good,feedback
We appreciate this product 5 stars,feedback
Absolutely love this product 😊,feedback
We appreciate the delivery speed it is good,feedback
Sach mein response superb 😍,feedback
We am impressed by the delivery speed will buy again,feedback
Sir cakes acha laga thank u,feedback
Sach mein khana mast tha 😍,feedback
Just wanted to say I enjoyed everything it is good,feedback
Absolutely highly recommend the delivery speed will buy again,feedback
We enjoyed the cakes great job,feedback
"Overall, the am impressed by your support team ❤️",feedback
I appreciate the service thank you!,feedback
Just wanted to say I appreciate everything 5 stars,feedback
Sir khana zabardast 😍,feedback
Ek number khana superb keep it up,feedback
We highly recommend everything will buy again,feedback
We really like this product they are good,feedback
Ek number cakes maza aa gaya 😍,feedback
Bohot quality superb 👌,feedback
Absolutely really like the delivery speed it is good,feedback
Just wanted to say I appreciate everything they are good,feedback
Ek number khana maza aa gaya dil khush kar diya,feedback
Absolutely enjoyed the cakes they are good,feedback
Sach mein cakes zabardast keep it up,feedback
Ek number response mast tha thank u,feedback
Just wanted to say I enjoyed the package they are good,feedback
Just wanted to say I really like the delivery speed so amazing!,feedback
Ek number service superb bhai,feedback
Absolutely am impressed by the delivery speed ❤️,feedback
"Overall, the am impressed by the cakes ❤️",feedback
Absolutely highly recommend the service 😊,feedback
We am impressed by your support team 👍,feedback
Sach mein response maza aa gaya 👌,feedback
Bohot cakes mast tha 👌,feedback
Sach mein delivery acha laga bhai,feedback
"Overall, the appreciate everything they are good",feedback
I highly recommend the cakes 😊,feedback
We am impressed by the quality they are good,feedback
Just wanted to say I am impressed by the service thank you!,feedback
Ek number response maza aa gaya phir se order karunga,feedback
Absolutely really like this product thank you!,feedback
"Overall, the am impressed by the service so amazing!",feedback
Sach mein service acha laga dil khush kar diya,feedback
I love this product will buy again,feedback
I really like the delivery speed ❤️,feedback
Bhai khana superb thank u,feedback
Ek number cakes badhiya hai 😍,feedback
Sach mein response zabardast 👌,feedback
Ek number cakes maza aa gaya thank u,feedback
I am impressed by the service 😊,feedback
"Overall, the really like the cakes 😊",feedback
Absolutely highly recommend everything so amazing!,feedback
Bhai response mast tha dil khush kar diya,feedback
I highly recommend your support team thank you!,feedback
Sir quality zabardast keep it up,feedback
We highly recommend your support team 👍,feedback
We love the delivery speed 5 stars,feedback
I really like the cakes 5 stars,feedback
"Overall, the appreciate the cakes it is good",feedback
Sir cakes maza aa gaya 👌,feedback
Just wanted to say I really like the delivery speed so amazing!,feedback
"Overall, the love the service ❤️",feedback
Bohot service zabardast keep it up,feedback
Sir delivery superb keep it up,feedback
Just wanted to say I appreciate the quality it is good,feedback
Bhai response badhiya hai bhai,feedback
"Overall, the highly recommend the delivery speed thank you!",feedback
We highly recommend the quality ❤️,feedback
"Overall, the really like your support team 👍",feedback
I highly recommend the quality great job,feedback
Absolutely love the quality great job,feedback
Just wanted to say I love the cakes they are good,feedback
Bohot service acha laga 😍,feedback
Sir service zabardast keep it up,feedback
I highly recommend the cakes 👍,feedback
Absolutely really like the quality ❤️,feedback
"Overall, the love everything so amazing!",feedback
Just wanted to say I am impressed by your support team great job,feedback
Ek number quality badhiya hai 😍,feedback
Bohot cakes mast tha keep it up,feedback
Absolutely am impressed by your support team 👍,feedback
I appreciate the delivery speed will buy again,feedback
We highly recommend the delivery speed they are good,feedback
I am impressed by the delivery speed they are good,feedback
Ek number delivery mast tha phir se order karunga,feedback
"Overall, the appreciate your support team it is good",feedback
Absolutely highly recommend the service 5 stars,feedback
Absolutely highly recommend everything so amazing!,feedback
Just wanted to say I really like your support team they are good,feedback
"Overall, the enjoyed this product ❤️",feedback
Sir response zabardast bhai,feedback
Bhai delivery superb bhai,feedback
We enjoyed the cakes it is good,feedback
We am impressed by the service 5 stars,feedback
Sir delivery mast tha keep it up,feedback
Absolutely love the package so amazing!,feedback
Just wanted to say I really like the service 5 stars,feedback
Absolutely appreciate the cakes 👍,feedback
Just wanted to say I appreciate everything ❤️,feedback
Just wanted to say I appreciate your support team ❤️,feedback
Just wanted to say I really like this product 5 stars,feedback
Sach mein khana mast tha keep it up,feedback
Absolutely really like the service 👍,feedback
We highly recommend the cakes they are good,feedback
"Overall, the am impressed by the package it is good",feedback
"Overall, the enjoyed the service it is good",feedback
Just wanted to say I really like the delivery speed 👍,feedback
Sir khana acha laga thank u,feedback
Bhai delivery badhiya hai 😍,feedback
Absolutely love the quality 5 stars,feedback
Just wanted to say I really like the delivery speed it is good,feedback
Just wanted to say I highly recommend your support team 😊,feedback
We highly recommend the service they are good,feedback
I really like this product so amazing!,feedback
Absolutely am impressed by the quality will buy again,feedback
Just wanted to say I really like the package 👍,feedback
We enjoyed the quality 👍,feedback
Absolutely highly recommend everything it is good,feedback
Bhai response acha laga keep it up,feedback
Sir khana superb bhai,feedback
Sach mein response acha laga thank u,feedback
"Overall, the love your support team 5 stars",feedback
We appreciate this product great job,feedback
Absolutely really like the package great job,feedback
Just wanted to say I am impressed by the package it is good,feedback
Absolutely really like the service it is good,feedback
Bohot response mast tha thank u,feedback
Just wanted to say I enjoyed the delivery speed it is good,feedback
Just wanted to say I highly recommend the service it is good,feedback
Ek number cakes mast tha 👌,feedback
"Overall, the appreciate the service 5 stars",feedback
Absolutely really like the quality 👍,feedback
We love the cakes thank you!,feedback
Absolutely enjoyed the cakes so amazing!,feedback
Ek number delivery maza aa gaya phir se order karunga,feedback
I love the quality so amazing!,feedback
Sach mein khana badhiya hai phir se order karunga,feedback
Just wanted to say I am impressed by the quality thank you!,feedback
Just wanted to say I enjoyed the service so amazing!,feedback
Absolutely appreciate this product they are good,feedback
Just wanted to say I love the quality 👍,feedback
Sir quality acha laga thank u,feedback
Sir response acha laga bhai,feedback
We highly recommend the package it is good,feedback
Just wanted to say I appreciate this product will buy again,feedback
"Overall, the am impressed by the cakes so amazing!",feedback
Ek number quality badhiya hai dil khush kar diya,feedback
Ek number delivery superb thank u,feedback
Bohot quality maza aa gaya phir se order karunga,feedback
Bohot quality zabardast dil khush kar diya,feedback
Sir response maza aa gaya 😍,feedback
"Overall, the highly recommend everything 👍",feedback
Absolutely appreciate the delivery speed 5 stars,feedback
Absolutely am impressed by this product they are good,feedback
Bhai cakes acha laga dil khush kar diya,feedback
"Overall, the love the service 👍",feedback
I appreciate your support team they are good,feedback
Just wanted to say I am impressed by the cakes 5 stars,feedback
I am impressed by the cakes 5 stars,feedback
We really like this product 5 stars,feedback
We love the delivery speed ❤️,feedback
Sir khana badhiya hai 👌,feedback
Ek number cakes superb dil khush kar diya,feedback
Sach mein delivery badhiya hai 😍,feedback
I enjoyed your support team great job,feedback
We really like everything will buy again,feedback
Absolutely highly recommend this product ❤️,feedback
Absolutely highly recommend the quality 😊,feedback
Sir khana mast tha 👌,feedback
Bhai service superb 👌,feedback
We highly recommend the package thank you!,feedback
Absolutely highly recommend the service 😊,feedback
Bhai service superb 👌,feedback
"Overall, the enjoyed everything it is good",feedback
I really like the package 😊,feedback
We am impressed by everything it is good,feedback
We really like this product they are good,feedback
I appreciate the service great job,feedback
Absolutely enjoyed the quality will buy again,feedback
Bohot delivery mast tha dil khush kar diya,feedback
I enjoyed everything thank you!,feedback
Ek number delivery zabardast dil khush kar diya,feedback
"Overall, the highly recommend everything thank you!",feedback
I enjoyed the package so amazing!,feedback
Absolutely appreciate the delivery speed thank you!,feedback
We enjoyed the package great job,feedback
We enjoyed your support team ❤️,feedback
"Overall, the am impressed by this product it is good",feedback
We love your support team 5 stars,feedback
Sir quality superb 👌,feedback
Just wanted to say I enjoyed your support team 😊,feedback
We highly recommend the cakes they are good,feedback
Absolutely enjoyed everything 👍,feedback
I highly recommend this product 5 stars,feedback
I am impressed by the package will buy again,feedback
Absolutely am impressed by the cakes so amazing!,feedback
We love the package 5 stars,feedback
Absolutely am impressed by the package 😊,feedback
"Overall, the appreciate this product great job",feedback
We enjoyed the cakes great job,feedback
We enjoyed the quality it is good,feedback
Bohot response superb dil khush kar diya,feedback
I highly recommend the cakes ❤️,feedback
Ek number service maza aa gaya 👌,feedback
Sir quality zabardast 😍,feedback
Absolutely enjoyed everything thank you!,feedback
Bohot khana maza aa gaya dil khush kar diya,feedback
We appreciate the cakes 👍,feedback
"Overall, the enjoyed everything it is good",feedback
I love the cakes they are good,feedback
Sir service zabardast 👌,feedback
We am impressed by your support team so amazing!,feedback
"Overall, the appreciate your support team thank you!",feedback
Absolutely enjoyed the cakes 5 stars,feedback
"Overall, the highly recommend the service 😊",feedback
"Overall, the highly recommend your support team thank you!",feedback
Sach mein khana acha laga 👌,feedback
Just wanted to say I really like the quality 😊,feedback
Ek number cakes badhiya hai 😍,feedback
Absolutely highly recommend the delivery speed they are good,feedback
Just wanted to say I love your support team ❤️,feedback
We really like the quality will buy again,feedback
Just wanted to say I enjoyed the service it is good,feedback
"Overall, the enjoyed the service they are good",feedback
Sach mein quality maza aa gaya keep it up,feedback
Sach mein khana mast tha 👌,feedback
"Overall, the appreciate this product will buy again",feedback
Just wanted to say I enjoyed your support team ❤️,feedback
Sach mein delivery acha laga 👌,feedback
"Overall, the am impressed by your support team so amazing!",feedback
Absolutely really like the delivery speed 😊,feedback
I am impressed by the cakes it is good,feedback
"Overall, the really like the package so amazing!",feedback
Just wanted to say I really like everything will buy again,feedback
Ek number response zabardast thank u,feedback
"Overall, the enjoyed this product so amazing!",feedback
We highly recommend the service will buy again,feedback
We love the quality so amazing!,feedback
Absolutely enjoyed this product ❤️,feedback
Sir quality acha laga phir se order karunga,feedback
Sir delivery badhiya hai thank u,feedback
Absolutely am impressed by the package it is good,feedback
"Overall, the appreciate everything 😊",feedback
Just wanted to say I enjoyed the quality they are good,feedback
We love this product so amazing!,feedback
I appreciate the quality 5 stars,feedback
Just wanted to say I really like the quality ❤️,feedback
We am impressed by everything so amazing!,feedback
We enjoyed the service they are good,feedback
Absolutely really like the cakes 5 stars,feedback
Absolutely really like the service so amazing!,feedback
Sir delivery acha laga bhai,feedback
Sir response badhiya hai thank u,feedback
Bohot response mast tha bhai,feedback
We am impressed by everything great job,feedback
Absolutely really like the service will buy again,feedback
Sach mein service mast tha dil khush kar diya,feedback
Sach mein quality badhiya hai keep it up,feedback
We highly recommend everything thank you!,feedback
Sir response zabardast 😍,feedback
Sir quality superb bhai,feedback
Just wanted to say I love this product 5 stars,feedback
Sach mein cakes mast tha thank u,feedback
"Overall, the am impressed by your support team ❤️",feedback
Bohot response zabardast bhai,feedback
Just wanted to say I really like everything they are good,feedback
Absolutely love the quality it is good,feedback
Just wanted to say I am impressed by this product so amazing!,feedback
Just wanted to say I appreciate the service 5 stars,feedback
Sir khana acha laga 👌,feedback
"Overall, the enjoyed your support team 5 stars",feedback
"Overall, the really like the delivery speed 😊",feedback
"Overall, the love the cakes they are good",feedback
"Overall, the really like the cakes 😊",feedback
Sir delivery mast tha 👌,feedback
"Overall, the love the delivery speed 👍",feedback
Sach mein delivery mast tha 👌,feedback
Just wanted to say I appreciate the service great job,feedback
Bohot khana maza aa gaya phir se order karunga,feedback
Sach mein delivery superb thank u,feedback
Sir delivery acha laga keep it up,feedback
I love everything they are good,feedback
Bhai quality mast tha dil khush kar diya,feedback
Absolutely am impressed by your support team thank you!,feedback
Bhai response badhiya hai bhai,feedback
Just wanted to say I really like the delivery speed 👍,feedback
Just wanted to say I highly recommend the cakes 😊,feedback
Just wanted to say I enjoyed the quality ❤️,feedback
Sir response acha laga 👌,feedback
Just wanted to say I enjoyed everything so amazing!,feedback
We really like the quality it is good,feedback
Absolutely am impressed by the service it is good,feedback
Absolutely am impressed by the package 😊,feedback
"Overall, the highly recommend the cakes they are good",feedback
Bohot response zabardast thank u,feedback
I appreciate everything they are good,feedback
Absolutely highly recommend the service it is good,feedback
Just wanted to say I enjoyed everything they are good,feedback
"Overall, the am impressed by everything 5 stars",feedback
Bhai response acha laga phir se order karunga,feedback
"Overall, the am impressed by your support team it is good",feedback
Sach mein delivery zabardast thank u,feedback
I enjoyed the cakes ❤️,feedback
Bhai cakes badhiya hai bhai,feedback
Bhai service acha laga 👌,feedback
Ek number quality maza aa gaya dil khush kar diya,feedback
"Overall, the appreciate this product thank you!",feedback
Just wanted to say I love the package will buy again,feedback
We am impressed by the package they are good,feedback
Just wanted to say I highly recommend the service thank you!,feedback
I appreciate the quality they are good,feedback
We highly recommend this product so amazing!,feedback
Just wanted to say I love the quality it is good,feedback
Just wanted to say I appreciate everything so amazing!,feedback
Ek number response badhiya hai keep it up,feedback
I highly recommend the cakes 5 stars,feedback
Absolutely love the service they are good,feedback
Sir service mast tha keep it up,feedback
Just wanted to say I enjoyed the package ❤️,feedback
Sir quality badhiya hai dil khush kar diya,feedback
"Overall, the love everything will buy again",feedback
Absolutely love everything will buy again,feedback
Absolutely love everything it is good,feedback
Just wanted to say I really like the quality great job,feedback
Absolutely am impressed by the service so amazing!,feedback
I appreciate the cakes so amazing!,feedback
Absolutely highly recommend the service ❤️,feedback
We enjoyed the service 😊,feedback
Sir delivery badhiya hai thank u,feedback
Absolutely highly recommend everything great job,feedback
We love this product great job,feedback
Just wanted to say I really like this product 😊,feedback
I really like the cakes it is good,feedback
Sir quality mast tha bhai,feedback
I am impressed by the cakes 👍,feedback
Sir response badhiya hai thank u,feedback
Bhai quality superb keep it up,feedback
Just wanted to say I enjoyed this product 👍,feedback
Bohot response mast tha dil khush kar diya,feedback
Ek number delivery acha laga dil khush kar diya,feedback
"Overall, the enjoyed the delivery speed so amazing!",feedback
Ek number khana superb 👌,feedback
Absolutely enjoyed the delivery speed great job,feedback
"Overall, the am impressed by the delivery speed will buy again",feedback
"Overall, the am impressed by the cakes 😊",feedback
Just wanted to say I am impressed by the service 👍,feedback
Bhai khana superb dil khush kar diya,feedback
Bhai quality mast tha phir se order karunga,feedback
Absolutely highly recommend the quality will buy again,feedback
Sir service maza aa gaya thank u,feedback
I really like the cakes great job,feedback
I highly recommend the delivery speed 5 stars,feedback
"Overall, the love the package great job",feedback
"Overall, the love the service they are good",feedback
"Overall, the appreciate this product they are good",feedback
I enjoyed the service will buy again,feedback
We love the service great job,feedback
Ek number quality badhiya hai 😍,feedback
"Overall, the highly recommend the delivery speed will buy again",feedback
I love the quality 👍,feedback
"Overall, the enjoyed the cakes they are good",feedback
I really like the delivery speed 😊,feedback
"Overall, the highly recommend the cakes 5 stars",feedback
Bohot cakes badhiya hai 😍,feedback
Sir response acha laga phir se order karunga,feedback
"Overall, the appreciate your support team they are good",feedback
We enjoyed this product great job,feedback
We highly recommend the cakes thank you!,feedback
Sir cakes superb keep it up,feedback
We really like everything it is good,feedback
Sach mein delivery acha laga 😍,feedback
Sir quality superb phir se order karunga,feedback
We love this product 😊,feedback
Bohot cakes badhiya hai 👌,feedback
Bohot quality zabardast 👌,feedback
I appreciate the cakes they are good,feedback
Ek number response mast tha 😍,feedback
We am impressed by everything thank you!,feedback
Sach mein response badhiya hai dil khush kar diya,feedback
Sir service badhiya hai phir se order karunga,feedback
Sir delivery acha laga phir se order karunga,feedback
"Overall, the really like the quality ❤️",feedback
Just wanted to say I love the quality thank you!,feedback
"Overall, the enjoyed the quality so amazing!",feedback
Ek number khana zabardast 😍,feedback
Sir khana mast tha dil khush kar diya,feedback
We highly recommend the package they are good,feedback
I am impressed by this product 😊,feedback
We highly recommend the quality so amazing!,feedback
Just wanted to say I am impressed by your support team great job,feedback
We love the service so amazing!,feedback
Bhai delivery mast tha phir se order karunga,feedback
Bohot service badhiya hai thank u,feedback
"Overall, the really like the package thank you!",feedback
I love everything ❤️,feedback
We enjoyed this product great job,feedback
I love this product thank you!,feedback
Bohot delivery maza aa gaya keep it up,feedback
I love the package 👍,feedback
Absolutely appreciate this product great job,feedback
"Overall, the really like your support team great job",feedback
Absolutely highly recommend the package 😊,feedback
Absolutely appreciate the service 5 stars,feedback
Bhai khana acha laga bhai,feedback
Just wanted to say I enjoyed everything 5 stars,feedback
"Overall, the enjoyed everything 5 stars",feedback
Bhai cakes superb thank u,feedback
Sir delivery superb 👌,feedback
We enjoyed this product thank you!,feedback
Just wanted to say I appreciate the service ❤️,feedback
Ek number khana zabardast dil khush kar diya,feedback
Ek number cakes badhiya hai 😍,feedback
Absolutely love everything ❤️,feedback
Sir quality mast tha phir se order karunga,feedback
Absolutely am impressed by the delivery speed great job,feedback
Absolutely enjoyed this product great job,feedback
I really like the service 5 stars,feedback
We am impressed by your support team great job,feedback
Bohot quality zabardast bhai,feedback
Sir quality acha laga 👌,feedback
We love the quality 😊,feedback
Sach mein service maza aa gaya phir se order karunga,feedback
Just wanted to say I enjoyed everything 👍,feedback
Just wanted to say I enjoyed the delivery speed great job,feedback
Absolutely appreciate your support team so amazing!,feedback
Absolutely am impressed by your support team great job,feedback
Just wanted to say I really like the package 👍,feedback
"Overall, the really like the delivery speed thank you!",feedback
Just wanted to say I love the delivery speed so amazing!,feedback
Sach mein cakes badhiya hai 👌,feedback
Absolutely am impressed by everything will buy again,feedback
Just wanted to say I appreciate this product they are good,feedback
Absolutely love this product so amazing!,feedback
Ek number delivery mast tha keep it up,feedback
"Overall, the enjoyed the cakes 👍",feedback
Bohot delivery zabardast phir se order karunga,feedback
Just wanted to say I highly recommend the service thank you!,feedback
"Overall, the enjoyed this product will buy again",feedback
Sir khana acha laga keep it up,feedback
Sir khana badhiya hai thank u,feedback
Just wanted to say I highly recommend the delivery speed thank you!,feedback
"Overall, the enjoyed the delivery speed 5 stars",feedback
"Overall, the love this product they are good",feedback
Absolutely am impressed by the delivery speed thank you!,feedback
Just wanted to say I highly recommend the delivery speed thank you!,feedback
Bohot khana superb thank u,feedback
I appreciate this product it is good,feedback
Absolutely enjoyed the cakes they are good,feedback
Ek number quality badhiya hai 👌,feedback
Sir cakes maza aa gaya thank u,feedback
I highly recommend your support team will buy again,feedback
Sir service acha laga 👌,feedback
I highly recommend your support team it is good,feedback
"Overall, the appreciate the delivery speed they are good",feedback
We am impressed by the quality great job,feedback
Sir service mast tha keep it up,feedback
Just wanted to say I enjoyed your support team it is good,feedback
Absolutely enjoyed the quality 👍,feedback
Sach mein quality acha laga phir se order karunga,feedback
Bohot cakes zabardast phir se order karunga,feedback
Just wanted to say I appreciate the delivery speed 😊,feedback
Absolutely highly recommend the quality great job,feedback
I highly recommend the service it is good,feedback
"Overall, the enjoyed everything thank you!",feedback
I love this product 5 stars,feedback
Bohot cakes superb phir se order karunga,feedback
"Overall, the love this product will buy again",feedback
Bohot response zabardast 😍,feedback
Just wanted to say I appreciate the service ❤️,feedback
Sach mein khana mast tha 👌,feedback
Bohot delivery acha laga 😍,feedback
"Overall, the really like the package 👍",feedback
Bohot quality acha laga dil khush kar diya,feedback
Just wanted to say I really like the package they are good,feedback
the cakes are good,feedback
I am impressed by the package 👍,feedback
We highly recommend the delivery speed 5 stars,feedback
Just wanted to say I highly recommend the package 😊,feedback
"Overall, the am impressed by your support team 5 stars",feedback
Sach mein khana acha laga 😍,feedback
Just wanted to say I love your support team 5 stars,feedback
We highly recommend the quality it is good,feedback
Just wanted to say I enjoyed the package thank you!,feedback
Absolutely love the delivery speed will buy again,feedback
Absolutely highly recommend the delivery speed they are good,feedback
We really like the package 😊,feedback
I highly recommend the package ❤️,feedback
Absolutely really like the service it is good,feedback
Bhai delivery badhiya hai 😍,feedback
Sir delivery mast tha 👌,feedback
I enjoyed the package great job,feedback
Bohot cakes acha laga 👌,feedback
Ek number cakes badhiya hai keep it up,feedback
Bhai cakes badhiya hai 👌,feedback
Just wanted to say I highly recommend the cakes they are good,feedback
"Overall, the love everything 👍",feedback
Absolutely really like the service 5 stars,feedback
Absolutely really like everything they are good,feedback
Sach mein cakes badhiya hai 👌,feedback
Sach mein delivery maza aa gaya bhai,feedback
Sir khana zabardast keep it up,feedback
Bohot khana zabardast bhai,feedback
Absolutely enjoyed this product will buy again,feedback
Ek number khana zabardast bhai,feedback
I highly recommend the cakes it is good,feedback
Absolutely really like the delivery speed great job,feedback
"Overall, the appreciate the package so amazing!",feedback
Just wanted to say I enjoyed the cakes it is good,feedback
We appreciate your support team 👍,feedback
Ek number quality maza aa gaya dil khush kar diya,feedback
Just wanted to say I love the service they are good,feedback
Just wanted to say I enjoyed the quality will buy again,feedback
Sir response maza aa gaya 👌,feedback
Just wanted to say I am impressed by the service great job,feedback
Ek number service badhiya hai bhai,feedback
I really like your support team will buy again,feedback
Ek number cakes superb keep it up,feedback
Ek number quality zabardast bhai,feedback
I enjoyed the service it is good,feedback
Just wanted to say I highly recommend this product it is good,feedback
We am impressed by the delivery speed they are good,feedback
We love the cakes thank you!,feedback
Absolutely really like the service 👍,feedback
I love the quality great job,feedback
Ek number delivery maza aa gaya phir se order karunga,feedback
I appreciate the service 😊,feedback
Sach mein response maza aa gaya bhai,feedback
I highly recommend the service they are good,feedback
"Overall, the am impressed by the package they are good",feedback
Sach mein quality zabardast dil khush kar diya,feedback
Bohot response zabardast bhai,feedback
We love your support team will buy again,feedback
Absolutely love the service so amazing!,feedback
We am impressed by your support team 👍,feedback
We highly recommend the service so amazing!,feedback
Just wanted to say I enjoyed this product it is good,feedback
"Overall, the am impressed by the delivery speed 👍",feedback
Ek number delivery zabardast phir se order karunga,feedback
I highly recommend the package 👍,feedback
Bhai cakes maza aa gaya phir se order karunga,feedback
Just wanted to say I appreciate the quality ❤️,feedback
We appreciate the cakes 😊,feedback
Bhai response mast tha 👌,feedback
"Overall, the am impressed by the package 👍",feedback
Sir service maza aa gaya 😍,feedback
Bohot response maza aa gaya 😍,feedback
Absolutely enjoyed everything ❤️,feedback
Absolutely appreciate the cakes thank you!,feedback
I highly recommend everything will buy again,feedback
Sach mein khana maza aa gaya bhai,feedback
Absolutely appreciate this product will buy again,feedback
I am impressed by the package it is good,feedback
I appreciate this product 😊,feedback
"Overall, the love the delivery speed ❤️",feedback
Ek number service mast tha bhai,feedback
I appreciate the package will buy again,feedback
Absolutely appreciate this product ❤️,feedback
Absolutely enjoyed the delivery speed 5 stars,feedback
Bhai cakes badhiya hai bhai,feedback
Just wanted to say I am impressed by the cakes thank you!,feedback
Sach mein delivery acha laga dil khush kar diya,feedback
Bhai khana maza aa gaya 😍,feedback
"Overall, the highly recommend the package thank you!",feedback
We enjoyed the delivery speed thank you!,feedback
Ek number khana superb keep it up,feedback
Sir delivery maza aa gaya dil khush kar diya,feedback
Absolutely love the cakes so amazing!,feedback
"Overall, the really like this product will buy again",feedback
Bhai cakes zabardast bhai,feedback
We enjoyed your support team they are good,feedback
Sach mein cakes badhiya hai bhai,feedback
I really like your support team will buy again,feedback
Ek number delivery superb bhai,feedback
Just wanted to say I highly recommend your support team 👍,feedback
I enjoyed the service will buy again,feedback
Absolutely am impressed by the cakes great job,feedback
Absolutely enjoyed this product 😊,feedback
Absolutely love your support team thank you!,feedback
I really like your support team great job,feedback
Bohot cakes maza aa gaya 👌,feedback
Absolutely really like the delivery speed so amazing!,feedback
Just wanted to say I enjoyed the package they are good,feedback
We enjoyed the service great job,feedback
"Overall, the appreciate the service they are good",feedback
Just wanted to say I am impressed by the quality 👍,feedback
We appreciate the package so amazing!,feedback
Bohot service maza aa gaya phir se order karunga,feedback
We enjoyed the delivery speed thank you!,feedback
"Overall, the enjoyed the quality will buy again",feedback
Absolutely am impressed by the package 5 stars,feedback
We appreciate the delivery speed will buy again,feedback
We love everything 👍,feedback
I highly recommend the delivery speed they are good,feedback
Just wanted to say I love the package so amazing!,feedback
Sir delivery superb thank u,feedback
Ek number response badhiya hai phir se order karunga,feedback
Just wanted to say I am impressed by the delivery speed will buy again,feedback
Ek number service acha laga bhai,feedback
Absolutely highly recommend the quality great job,feedback
Bohot khana mast tha keep it up,feedback
"Overall, the appreciate this product great job",feedback
We really like the service it is good,feedback
Bhai cakes acha laga bhai,feedback
Bhai khana maza aa gaya dil khush kar diya,feedback
Just wanted to say I am impressed by the quality thank you!,feedback
"Overall, the highly recommend the package it is good",feedback
I enjoyed everything they are good,feedback
Just wanted to say I appreciate the quality ❤️,feedback
We highly recommend the delivery speed so amazing!,feedback
Sach mein service superb 😍,feedback
I highly recommend the package so amazing!,feedback
Absolutely appreciate the delivery speed they are good,feedback
"Overall, the enjoyed everything will buy again",feedback
I highly recommend the cakes 5 stars,feedback
We really like the service will buy again,feedback
Just wanted to say I really like your support team so amazing!,feedback
Ek number khana maza aa gaya bhai,feedback
Just wanted to say I enjoyed the cakes great job,feedback
"Overall, the really like everything 😊",feedback
Sach mein quality acha laga bhai,feedback
I am impressed by the package thank you!,feedback
Ek number cakes badhiya hai dil khush kar diya,feedback
"Overall, the highly recommend the cakes ❤️",feedback
"Overall, the love the service will buy again",feedback
Sach mein cakes superb phir se order karunga,feedback
Sach mein response superb phir se order karunga,feedback
Absolutely enjoyed everything thank you!,feedback
Bohot quality maza aa gaya dil khush kar diya,feedback
Absolutely appreciate the service so amazing!,feedback
I love the package they are good,feedback
Sir cakes acha laga 😍,feedback
Just wanted to say I appreciate the service 5 stars,feedback
We am impressed by your support team it is good,feedback
Absolutely love everything will buy again,feedback
Bohot response superb bhai,feedback
We love the cakes so amazing!,feedback
Bohot cakes zabardast 😍,feedback
Just wanted to say I appreciate your support team ❤️,feedback
Absolutely appreciate your support team thank you!,feedback
Sach mein khana badhiya hai dil khush kar diya,feedback
We love this product great job,feedback
Just wanted to say I highly recommend the service they are good,feedback
I appreciate your support team 5 stars,feedback
Absolutely really like your support team 5 stars,feedback
We highly recommend the cakes so amazing!,feedback
We appreciate this product thank you!,feedback
Bohot quality badhiya hai thank u,feedback
Sir service badhiya hai bhai,feedback
Absolutely love everything 5 stars,feedback
Sach mein khana maza aa gaya bhai,feedback
We am impressed by everything so amazing!,feedback
Bohot response acha laga thank u,feedback
Just wanted to say I love the quality 👍,feedback
Sach mein service badhiya hai 👌,feedback
Sach mein khana zabardast phir se order karunga,feedback
Just wanted to say I really like your support team will buy again,feedback
Ek number delivery badhiya hai phir se order karunga,feedback
Sach mein delivery zabardast dil khush kar diya,feedback
Ek number service acha laga dil khush kar diya,feedback
"Overall, the am impressed by the delivery speed thank you!",feedback
Absolutely love the service ❤️,feedback
Sach mein cakes zabardast 👌,feedback
I love the cakes they are good,feedback
Absolutely highly recommend your support team it is good,feedback
We really like the delivery speed will buy again,feedback
Just wanted to say I enjoyed this product they are good,feedback
Ek number response badhiya hai bhai,feedback
We appreciate the cakes will buy again,feedback
Sach mein service badhiya hai 👌,feedback
I enjoyed the quality 5 stars,feedback
"Overall, the love the package so amazing!",feedback
Absolutely love your support team 5 stars,feedback
Bohot service zabardast keep it up,feedback
Sir delivery zabardast bhai,feedback
Bohot khana mast tha keep it up,feedback
Sach mein khana acha laga dil khush kar diya,feedback
Absolutely highly recommend the cakes 😊,feedback
Sir response badhiya hai phir se order karunga,feedback
We highly recommend your support team will buy again,feedback
Just wanted to say I highly recommend everything they are good,feedback
Absolutely enjoyed the package ❤️,feedback
Bohot delivery zabardast dil khush kar diya,feedback
I am impressed by the service ❤️,feedback
Sach mein service superb bhai,feedback
Just wanted to say I love the quality they are good,feedback
Ek number service acha laga bhai,feedback
I highly recommend the quality so amazing!,feedback
Sir khana badhiya hai bhai,feedback
Sach mein khana mast tha thank u,feedback
Absolutely love everything 5 stars,feedback
"Overall, the enjoyed this product thank you!",feedback
Bhai khana badhiya hai 😍,feedback
Sir delivery mast tha bhai,feedback
I love the delivery speed 👍,feedback
I highly recommend this product 👍,feedback
Just wanted to say I enjoyed the service 👍,feedback
I appreciate the quality will buy again,feedback
We appreciate the package they are good,feedback
"Overall, the am impressed by your support team will buy again",feedback
Bhai cakes badhiya hai dil khush kar diya,feedback
Just wanted to say I really like the quality great job,feedback
I highly recommend the quality 😊,feedback
Sir khana zabardast 😍,feedback
"Overall, the enjoyed the package thank you!",feedback
I am impressed by the service 😊,feedback
Sach mein quality mast tha keep it up,feedback
Ek number quality mast tha phir se order karunga,feedback
Just wanted to say I am impressed by the quality it is good,feedback
Just wanted to say I love the delivery speed 5 stars,feedback
Sach mein quality superb 👌,feedback
Just wanted to say I highly recommend the delivery speed 😊,feedback
Ek number service zabardast keep it up,feedback
I highly recommend the service thank you!,feedback
"Overall, the am impressed by this product ❤️",feedback
We enjoyed the package so amazing!,feedback
Ek number khana mast tha phir se order karunga,feedback
Bhai delivery maza aa gaya 👌,feedback
Bohot cakes maza aa gaya 😍,feedback
Sir service superb 👌,feedback
Absolutely appreciate this product so amazing!,feedback
I appreciate the quality 😊,feedback
Sach mein response superb bhai,feedback
We am impressed by your support team 👍,feedback
We am impressed by the delivery speed thank you!,feedback
Just wanted to say I appreciate your support team 😊,feedback
Ek number cakes zabardast 👌,feedback
Bhai cakes acha laga 👌,feedback
Bohot delivery acha laga 👌,feedback
Sach mein service superb bhai,feedback
"Overall, the really like this product great job",feedback
We highly recommend the service 5 stars,feedback
Ek number cakes mast tha 😍,feedback
Just wanted to say I love the package 5 stars,feedback
Bhai response superb 👌,feedback
Just wanted to say I love the quality it is good,feedback
Absolutely highly recommend your support team they are good,feedback
"Overall, the highly recommend the service 👍",feedback
"Overall, the really like the service 5 stars",feedback
Bohot delivery acha laga dil khush kar diya,feedback
Sach mein quality zabardast phir se order karunga,feedback
I am impressed by the package great job,feedback
I appreciate the quality it is good,feedback
Bohot khana maza aa gaya 😍,feedback
Absolutely highly recommend the cakes ❤️,feedback
"Overall, the appreciate the quality so amazing!",feedback
We am impressed by the cakes great job,feedback
Bhai cakes superb keep it up,feedback
I appreciate the package it is good,feedback
Sir quality superb dil khush kar diya,feedback
Bhai quality zabardast 😍,feedback
We really like the quality thank you!,feedback
Bohot delivery superb thank u,feedback
Just wanted to say I highly recommend the service 5 stars,feedback
"Overall, the highly recommend the package it is good",feedback
Ek number response zabardast thank u,feedback
Just wanted to say I highly recommend your support team they are good,feedback
We am impressed by your support team thank you!,feedback
We am impressed by the cakes they are good,feedback
Bohot cakes maza aa gaya keep it up,feedback
Sach mein service maza aa gaya thank u,feedback
We enjoyed this product 😊,feedback
I highly recommend the delivery speed it is good,feedback
Sir delivery badhiya hai 😍,feedback
Just wanted to say I appreciate your support team it is good,feedback
Bhai khana zabardast bhai,feedback
pzqqpjjxmj0.10448978320949609,invalid
jqzjqajamq,invalid
test qwerty hello,invalid
aaxapamq,invalid
zzqaqqzxmq0.5005790795789218,invalid
lol yo,invalid
jxxjzppjazxmp,invalid
azxzjpxmxj0.5208372869296969,invalid
zqjpjxqpma0.6533263290962922,invalid
pxaaqmjaax0.5132019251276224,invalid
jzxqpqxzzjqxxqp,invalid
jxzmmqzxxx0.9581917480722324,invalid
hello idk yo !!,invalid
pzzxmpaxjj0.6116340473305204,invalid
qaqpmaqqjpqjmq,invalid
pzmjj,invalid
yo ok hello hmm,invalid
yo qwerty asdsa !!,invalid
... hi bruh test,invalid
ajpmmxxxxp0.4882776653940374,invalid
... 12345,invalid
bruh idk,invalid
pxjmxpqxmmxqpj,invalid
hmm asdsa 12345 qwerty,invalid
mamaazzjjz0.017843669595981826,invalid
xppqpppm,invalid
qmppxjjxjm0.4668457565349824,invalid
mzqpzqxmjq0.5806002848956846,invalid
zjxmzjxazz0.6784912659808539,invalid
zzxmpqazaxazjmp,invalid
test ?,invalid
!! hi,invalid
zaxjzqqaajqj,invalid
qmqxjpmppa0.47869079227712197,invalid
yo ok test,invalid
... idk,invalid
asdsa hello lol,invalid
!! ... hello 12345,invalid
yo hello qwerty !!,invalid
qjaaz,invalid
mqqjzppppx,invalid
ppmzjxjmpx0.5518246791352327,invalid
pzmjazzz,invalid
zmxmaqpap,invalid
xzpzjxzqjzmammj,invalid
apmzqjpmpj0.7035686278333827,invalid
jmxppaaazjjq,invalid
jzaaxaxxppjm,invalid
pxxqz,invalid
mpmjx,invalid
jzzzmjzmzq,invalid
hmm hi hello,invalid
mppqqzmzqp0.6504387351198864,invalid
pxammjmamm0.3530377411458222,invalid
hello idk ...,invalid
jpxjxazjzq,invalid
pmaqjzaamjq,invalid
hi hi hmm,invalid
mpzaapppap0.08359198043635929,invalid
mpmzp,invalid
bruh ? asdsa ...,invalid
12345 hmm ? hello,invalid
idk ? idk,invalid
jjamjxppmx0.3546059698187296,invalid
jqqppxppmz0.19661217938185183,invalid
test hmm,invalid
? idk hmm,invalid
aajxpjajqxqxaa,invalid
!! qwerty !!,invalid
zqjpzppjpxaqqq,invalid
qwerty qwerty !!,invalid
pzjmzazjpjpaxa,invalid
hello hello ... !!,invalid
ok yo idk,invalid
xzmajmppax0.9824289811710818,invalid
zpxmpqaxxj0.9190171846173012,invalid
zqpaa,invalid
mpazjqpppjmzxp,invalid
... hello 12345,invalid
pmjxxqpam,invalid
zxajpmjxzmxap,invalid
zqzmmm,invalid
xammpzxzamzq,invalid
axajzqappp0.4488235648268686,invalid
hi asdsa test,invalid
idk idk 12345,invalid
jmzamppmzmqq,invalid
qmqqxzjj,invalid
jmjajap,invalid
xzqjpqzjjp0.669774727047154,invalid
12345 hmm ... bruh,invalid
qjazpppqaz0.6510226374633832,invalid
test ok ...,invalid
mammmmmzjx0.860633216515713,invalid
yo test,invalid
zpapzqxxxq0.5874054789720548,invalid
xxppzamxz,invalid
yo hello bruh,invalid
mxxxpammaqj,invalid
hmm yo ok !!,invalid
lol yo hmm,invalid
qqmazqajzx0.5471416484701264,invalid
bruh 12345 hi hi,invalid
qwerty ? bruh hi,invalid
zmqpjxjmxp0.3041725346862856,invalid
axjzxaajqp0.4938348278587148,invalid
jmqzqxpjjpjp,invalid
qmqjpmjqxj,invalid
qjpmzpxpaa0.35696784761410394,invalid
yo yo test,invalid
apxzqmaqax0.855851778861436,invalid
? lol 12345 12345,invalid
qjqqjqaqmm0.08372935767246958,invalid
qamjzmzaja0.6045315570026442,invalid
pxmxxjxzqp,invalid
pmjxpmxzqp,invalid
pjmzzxxxmaqmx,invalid
hello hi,invalid
yo lol bruh hmm,invalid
hello ? yo,invalid
jxmzqzamqz0.865137473755077,invalid
pqqammzmaq0.3910948821106143,invalid
xzxjaaxxqjqamx,invalid
amaxmmp,invalid
yo idk !! bruh,invalid
xmaqmpxzjjxzq,invalid
hello test bruh,invalid
!! ok hi hi,invalid
jzxmjmzapqxqa,invalid
mmapzmzzmx,invalid
xzaajppxmm0.1720251894157957,invalid
12345 ok,invalid
xmxxzppzmzpz,invalid
... asdsa hi ...,invalid
ok !! ok ...,invalid
zqqmjpmqmq0.3023839298770501,invalid
mjpmazaxqaa,invalid
ok qwerty ok ?,invalid
mqjxxaxx,invalid
!! yo ok yo,invalid
... test asdsa test,invalid
pxzzpzjzzjmx,invalid
mmzjpaxjzq0.8366830664978898,invalid
paqppamjaj0.09498981110862859,invalid
mxjmxmjjmp0.040720149280982554,invalid
idk idk hi ...,invalid
mxaajpxaaz0.0022254596560682405,invalid
axpxmx,invalid
? lol !! lol,invalid
mmpmxmxxjj0.021765554481145477,invalid
hello asdsa ? bruh,invalid
qaxzzajqj,invalid
lol bruh lol ok,invalid
ampxqampmq,invalid
jpqxa,invalid
aqqxaxmmmx0.7461304365631818,invalid
aqjqqazmmj,invalid
ppjaxmpqz,invalid
zpxmqmmzzx0.0057215758097524105,invalid
bruh idk hello ?,invalid
qmpajzqaxa0.9577483954715899,invalid
ajmmazmpqjxjmm,invalid
zxqjjzaj,invalid
ajjpzqqjjp0.2989776470698685,invalid
qjaqp,invalid
!! ? idk bruh,invalid
qwerty ? ? ok,invalid
zzzxzaxappz,invalid
test hmm ok,invalid
asdsa test !!,invalid
lol ... 12345,invalid
jmmxazamaz0.7239937174575688,invalid
test test hi test,invalid
asdsa qwerty lol 12345,invalid
amazmmamjj0.47292122569481476,invalid
mjampzpp,invalid
12345 ? ... hi,invalid
qmzqmzmxxapj,invalid
pqjmaxpajj0.08599052833971665,invalid
pqmxa,invalid
... qwerty 12345,invalid
jxazxxmqaqa,invalid
jjmjmpqmpqa,invalid
aapaxmajzz0.3589956408582924,invalid
ok hi idk ?,invalid
hi lol hmm !!,invalid
mqjaa,invalid
qqxqaxmzpmamzx,invalid
qzaxazjxpz0.3450016132160063,invalid
japzjzmaqx0.13954433708039637,invalid
aqpmjj,invalid
mpjjmzaajz0.8532334838211378,invalid
aqjmpqaqxz0.6884457604965597,invalid
qxaxaqxqax0.46809602610626533,invalid
zpqjpz,invalid
qwerty ... idk asdsa,invalid
xmmaaqp,invalid
jxpaxpazjp,invalid
yo 12345 idk,invalid
jzppxxzammpxq,invalid
test ? ok,invalid
12345 12345 12345 hello,invalid
12345 hello hi,invalid
hello qwerty hmm,invalid
test hello,invalid
pmxpjzzpazzaa,invalid
xqmqxxq,invalid
mpmqazjzqx,invalid
qzpjq,invalid
jmxaxjma,invalid
qxaazaxzxaazj,invalid
hi bruh ok ok,invalid
ok test ...,invalid
pzzazxpqja0.736544540452702,invalid
zqmqpjj,invalid
mmzzxpaxaq,invalid
hello asdsa 12345 hello,invalid
xmmjjmazza0.33017457976404607,invalid
lol lol ... yo,invalid
zjxjpppqqz0.2505801588600194,invalid
aqjzzazmjq0.6440340644517186,invalid
... hmm ...,invalid
pazzqxxm,invalid
apzjaxxmxxz,invalid
hmm test,invalid
lol hmm !!,invalid
xamzjmqajjqx,invalid
pmppjpxjqq0.21773757413104966,invalid
asdsa hello,invalid
zqmaqxazxp,invalid
jmajazzpxzxzqa,invalid
? asdsa ...,invalid
pzzajjaajz0.8186878282058159,invalid
qzppza,invalid
test asdsa,invalid
jmzmaazqj,invalid
test qwerty qwerty,invalid
hi 12345 test lol,invalid
ajpmxmaaxx0.9801119901523008,invalid
axpqmxxzpz0.8859676183430455,invalid
asdsa ok asdsa hmm,invalid
jzajmzzazp0.9151392685357269,invalid
amqmap,invalid
mzaxpzqxx,invalid
test asdsa asdsa qwerty,invalid
apxxjxpjajmx,invalid
bruh ? lol,invalid
zjjxpmpmja0.020163870464810274,invalid
yo test 12345 lol,invalid
jmjmmzqazz0.6276709443214408,invalid
yo yo ... !!,invalid
asdsa asdsa,invalid
jppapmqqmz0.8321277894864945,invalid
jmxqmzpmj,invalid
zqjmpxppqj0.9054218659458796,invalid
bruh yo ok hi,invalid
xzxaapxzpzjpapm,invalid
pppmxxampa,invalid
? ... 12345 !!,invalid
xjjamjjjjm0.6345361762328362,invalid
bruh bruh ?,invalid
test asdsa asdsa,invalid
qjamaxajzpjxp,invalid
azpmapxxqm0.02749460793823466,invalid
xzqpmmpjpj0.1798632439425185,invalid
hmm idk ?,invalid
test ... ...,invalid
azzzmpqqqp0.07436302986224619,invalid
qjaxm,invalid
qqxampqajp0.15465510726083964,invalid
jmxajamp,invalid
jpmmqqpzjm0.253165304356737,invalid
qaxmjpaxmpzxm,invalid
? ... bruh qwerty,invalid
test hmm 12345,invalid
xxzxpmmmaqxa,invalid
qjaaqjpaax,invalid
12345 ... yo,invalid
qpxzpaqjqj,invalid
12345 asdsa 12345,invalid
zajmazajazx,invalid
zzxmpx,invalid
mxqpmqpjpjmqm,invalid
ok !! 12345 hi,invalid
mjzpaz,invalid
qpjqjjqxpm0.6591808969658243,invalid
pjpmjz,invalid
? hmm hi hmm,invalid
jpxqq,invalid
qxxqaqzjpz0.3634883470441751,invalid
zmzzmpqzq,invalid
zmppmamz,invalid
mpamqpazaj0.38053510033729776,invalid
hmm test ok,invalid
mjzqmqmqmj0.45941999963880065,invalid
qmqxz,invalid
qmmjpjqaqq0.29933728256381376,invalid
qaqpa,invalid
jpjajpzpaq0.11332576046598164,invalid
... idk !! lol,invalid
... hmm test,invalid
test yo lol lol,invalid
hmm hi ...,invalid
xzxqxx,invalid
amzzjmpppx0.8113353236300557,invalid
zjmzzxjpmx0.8304673366110299,invalid
jzjmxaxjxm0.1959842042256148,invalid
lol asdsa,invalid
xmqmjpqjxj0.7348469436220527,invalid
ok yo test hello,invalid
aqapampmpa0.8400710862543915,invalid
paxxjzammqazmzx,invalid
? ? lol hello,invalid
yo ? bruh hi,invalid
xjxqmqzxja0.20057062635805445,invalid
qwerty ok asdsa,invalid
qmamjaxzjx0.28970375207944266,invalid
hi ... yo ?,invalid
qpxpmqmjqxamq,invalid
pzpxmzzjqj0.3601531881380601,invalid
hmm hmm lol,invalid
? idk,invalid
ok ok hello ok,invalid
qwerty lol bruh,invalid
zjjqxj,invalid
test 12345 test,invalid
qxjmxpmmx,invalid
qqpjmxjm,invalid
jpazmqzmzq0.914226182768805,invalid
jxjxmjpaj,invalid
asdsa test lol,invalid
xjxxjazmm,invalid
pzjpqzjmaa0.6967039509068039,invalid
xpxpajppma0.006937344067786011,invalid
12345,invalid
... hello idk !!,invalid
hi bruh 12345 hello,invalid
xjzaxqmmzjapmjx,invalid
mxmjzqpjqq0.07682422341279527,invalid
lol yo bruh,invalid
pzmaammjxq0.27233459597463894,invalid
ok ? ? idk,invalid
hello hmm 12345 12345,invalid
jzpmxjzqjz0.5886903681694096,invalid
papapaqpqp0.18679091420579363,invalid
pzazaam,invalid
test ... hmm,invalid
zqzqqjaxxm0.031112706571512883,invalid
lol hmm 12345,invalid
qwerty ? hello test,invalid
mppappzxja0.004946890705262885,invalid
mzqaqxajmz0.04582749114833096,invalid
hi hmm bruh,invalid
zpjmapzaza0.8414347494394074,invalid
xaaxaqmqqx0.007134563097413227,invalid
jjqzqzjmxqp,invalid
qqaaxqzqxm0.1667005700268539,invalid
axpzxmaaqz0.9777708029366792,invalid
lol ok lol !!,invalid
mmjmqppaqm0.88947372314486,invalid
maxqppmmz,invalid
pjaxzzmzx,invalid
jppjqqzaxz0.7952952141631032,invalid
qpqjqpzj,invalid
qazjqp,invalid
majpjxxmmp0.5239727083623452,invalid
lol qwerty,invalid
jajjjxxxjm0.7109570423230094,invalid
mpzjapqmaz0.24706664512839072,invalid
hi hmm ok bruh,invalid
lol qwerty hi qwerty,invalid
bruh 12345 ...,invalid
apzxj,invalid
idk asdsa bruh hello,invalid
ajpmz,invalid
!! ...,invalid
pjajmaqmxa0.3156507269866001,invalid
xpqmppqxmj0.44674610405437964,invalid
idk hmm,invalid
qzpqpmxa,invalid
idk idk,invalid
jpqxapqxxm0.39195759728496216,invalid
qjqmxqxpjq0.0775638975258578,invalid
yo hello,invalid
asdsa !!,invalid
hmm asdsa test ?,invalid
azqjjxzj,invalid
xxppq,invalid
aqqpxzaqjm0.5238828097420352,invalid
ppmqpqqmzj0.9224405221257569,invalid
12345 hi ?,invalid
zjxjzzpajzx,invalid
yo ...,invalid
hmm 12345 ?,invalid
qqzmpajzxm0.025007161309256287,invalid
12345 ? yo,invalid
xmapqmppxx0.5515288443355849,invalid
12345 ok ?,invalid
xaaaazazpp0.13471597073820119,invalid
qpzaamzxjj0.3732699036144632,invalid
asdsa lol 12345 lol,invalid
hmm ok idk,invalid
bruh hmm yo idk,invalid
lol yo 12345,invalid
mpzpzj,invalid
mjaqampppm0.5963244909636521,invalid
amxzjjmmmm0.3187484834301948,invalid
xmjzjjqzp,invalid
mppxxqzzqq0.5495746006748584,invalid
pqqmqzmxpm0.015896276857026437,invalid
pxjzmamaqj,invalid
!! !! ok,invalid
test qwerty hi qwerty,invalid
apxjpazaq,invalid
qqmzpzjajja,invalid
pzzjaqzj,invalid
mxxqqzqaza0.2305148716396287,invalid
mmppjpmqm,invalid
mppmqxaqj,invalid
... idk hello,invalid
lol ... qwerty,invalid
hmm test !! qwerty,invalid
asdsa yo ok,invalid
aazjmmzqxz,invalid
hmm hmm !! qwerty,invalid
qxmxjaaaqz0.46778846649199723,invalid
hmm qwerty hi !!,invalid
yo yo hi 12345,invalid
ok !! 12345 qwerty,invalid
hello bruh !! ...,invalid
qwerty bruh asdsa ?,invalid
ok ? ...,invalid
mmpjzzxj,invalid
qzzzajzxzaxjx,invalid
aaqppazqap0.4149613608157663,invalid
pjaqqajjja0.5419772199738218,invalid
? hello ...,invalid
qzjjppq,invalid
mjajazxpxpxm,invalid
ok !! bruh,invalid
mqxmzmxapp0.6681808980243803,invalid
lol lol ? hi,invalid
zpzpjxzmaa,invalid
idk ... ?,invalid
mxjjjaxpaj0.12580166534340997,invalid
asdsa hmm 12345 asdsa,invalid
jqamqjz,invalid
qjzjxmxajx0.24400874629365277,invalid
ok hi ok,invalid
idk ?,invalid
azxjzxqzmz0.09385048144076813,invalid
xmjxzmqpaz0.8564691256583901,invalid
qmxjjzpxxz0.9695919828589675,invalid
... 12345 hi asdsa,invalid
? hmm !! hmm,invalid
mmaamxxazx0.364320466551054,invalid
hmm qwerty hello,invalid
ajxxapmmmmqjm,invalid
qzmazamaxxxmqz,invalid
xxpzjqqzqj0.8470198752441247,invalid
xxjxzxpxqpzmx,invalid
!! !!,invalid
pjpppmmzjm0.7512135716943253,invalid
asdsa test bruh,invalid
qzppqxpxxqxp,invalid
zjzappaqzj0.4721489076494443,invalid
12345 ?,invalid
jamjqzjmaj,invalid
ok asdsa 12345 hello,invalid
zjajppxxmx0.7358835237840181,invalid
... ? hello test,invalid
yo qwerty idk bruh,invalid
mqzmpmmqjm0.3940774606431957,invalid
zqpqmaa,invalid
12345 ok ? hi,invalid
pzqjpmjjqm0.2752319840135221,invalid
mzmzpjxpjx0.09292436900063872,invalid
ppmjxx,invalid
asdsa idk ?,invalid
qaqqxqpjqp0.10111771275949544,invalid
zpxazaqppjpa,invalid
? test test bruh,invalid
pjmqxjxpxq0.8192377214682247,invalid
pmpmzamzaj0.6572020570791064,invalid
xamjjqxppx0.6057489368779788,invalid
xjjzjqqmxzpxm,invalid
xxzmqj,invalid
aqmmmzxpzx0.2376017869688546,invalid
? 12345 qwerty test,invalid
apzpazmqmj0.8405335353735678,invalid
test lol test,invalid
qqppmajqaq0.850815289396077,invalid
jzpmmjjjqz0.9690278317671224,invalid
zmqjjq,invalid
bruh test bruh qwerty,invalid
asdsa 12345 lol idk,invalid
hmm hmm idk,invalid
hi asdsa ... yo,invalid
test ? test lol,invalid
mpjaxxpjxjx,invalid
jqjjzpmqaq0.9968938807823303,invalid
hmm qwerty ... lol,invalid
xaajmqx,invalid
xzqaqaxxjz0.4619620098549422,invalid
zxjaqajxaxm,invalid
ajajaxqzqp0.8236018617249373,invalid
qqzmaqajjz0.37578410394118933,invalid
bruh hi hello asdsa,invalid
qwerty qwerty yo,invalid
... bruh ok ?,invalid
jppzmjmaqa0.6605288601006204,invalid
? asdsa hmm asdsa,invalid
aqzmpamqmj0.8924799622990727,invalid
xqxpzmjaq,invalid
jzajqpjx,invalid
jzjqmaapzq0.7282575669452996,invalid
pqjpjxa,invalid
!! test hi,invalid
axqpzpmp,invalid
ok !!,invalid
jzpjz,invalid
amappppajq0.5010851544782929,invalid
yo lol idk,invalid
pjqjmaqj,invalid
xzxpzmjaaq0.864550046946117,invalid
... lol ...,invalid
ppzxjpxxxq0.20802731998409396,invalid
qapaajmpzm,invalid
12345 !! hmm hmm,invalid
? !! ok,invalid
jmzqjm,invalid
jqpmzaajqaaqxm,invalid
pjjjzxzqjm0.7151285718709823,invalid
qxpjxzjppa0.055387159147756826,invalid
xapmxqjp,invalid
aqzpjmzpxj,invalid
bruh !! test,invalid
pmmpqjmza,invalid
hmm ?,invalid
mjamjzmmj,invalid
test idk ok,invalid
qwerty hello bruh hmm,invalid
qqjqqpamxq0.7726013963743894,invalid
qqajxjj,invalid
yo hmm yo bruh,invalid
jamjzmqx,invalid
xpaapjmpxj0.5515786179812766,invalid
mjxapmpm,invalid
qjjqmazzjx0.42061581895266853,invalid
pxamqqjp,invalid
zpmma,invalid
ajxazmajxp0.9174895184585943,invalid
idk ok bruh,invalid
qwerty lol !! test,invalid
jxzjajpp,invalid
jqqjzmzqppqqmaq,invalid
pmqqqzzpxm0.6129710753705853,invalid
hmm ? !! ?,invalid
aqqqqppzqx0.892600403857009,invalid
asdsa test !! idk,invalid
qpmaqmzjajp,invalid
jmjxxjq,invalid
zqqaappjzq0.7451127038531388,invalid
qpzazmqmxxzza,invalid
ppxzxx,invalid
idk !! hmm,invalid
jmmpqxqmmm0.5592271395582133,invalid
qzzxmpm,invalid
asdsa ...,invalid
mpqjmaxjpj0.12003821577438123,invalid
ppjjjqqmmpxmpjx,invalid
idk test,invalid
qwerty hi hi bruh,invalid
qwerty hello bruh,invalid
lol ? hmm,invalid
xjmzjpmqqp0.51366590578351,invalid
mjazazzaxqxmjz,invalid
zxjqxxzjz,invalid
zzjpzmmqqz0.24684779335980211,invalid
zqzmjzmxjjaj,invalid
ok asdsa,invalid
mjqxqqjzpq0.4466982707299125,invalid
zzpqqazpjjxa,invalid
mapmjjpxjp0.5751619049666521,invalid
jxxjpmaqmm,invalid
asdsa 12345 ... !!,invalid
asdsa qwerty asdsa 12345,invalid
asdsa asdsa !!,invalid
pmxzpxpxmx0.5695131822876288,invalid
hmm lol 12345,invalid
aaazzxqqpqzppqx,invalid
hello idk !! hello,invalid
jqappxppaz0.6069321111812148,invalid
qxqpxzqamp0.5322578044359133,invalid
12345 ok test hi,invalid
jmqpxpmmmp0.46624730455683994,invalid
asdsa hi idk,invalid
qxjpza,invalid
xpqzjqzmaq0.7628729565298397,invalid
bruh ok asdsa hello,invalid
lol test 12345,invalid
hi hello,invalid
12345 !! idk ?,invalid
qxmqmmjqjq0.4321649829216978,invalid
pqjpmzpjmq0.09045585850367643,invalid
jxzmqqxjza0.2721951035519454,invalid
aamxzmaxaqqjam,invalid
qjxmpaxzq,invalid
qwerty ?,invalid
mjzpmpqjjx0.5046336744772965,invalid
12345 ok test hmm,invalid
jamjqxzjpmaqzpp,invalid
mxxqzamqpj0.045513001374709816,invalid
!! ok,invalid
lol qwerty test test,invalid
zmmzpzmjmjjm,invalid
xjapaxjjqjqz,invalid
hello hello hmm,invalid
axpzzpmxqj0.688666157129418,invalid
asdsa ... ...,invalid
idk !!,invalid
qzxqazjapaxz,invalid
... asdsa qwerty,invalid
hi ... yo,invalid
jqpzaxqpzx0.6465212812054002,invalid
asdsa bruh,invalid
idk hi hello,invalid
ppjmjzpaxm0.04036119110116221,invalid
xxaxqxjpmz0.14166906783794675,invalid
xxaxpapzpj0.7250902425170257,invalid
xmzzm,invalid
qamzzx,invalid
hello test,invalid
xjxmxzamz,invalid
lol hi test ...,invalid
zjxpqjpazz0.7293971518701162,invalid
asdsa bruh !!,invalid
asdsa !! yo ?,invalid
yo qwerty ? bruh,invalid
mpzzzxqjx,invalid
azaxqjpqjp0.038160319355356576,invalid
jqmxzpxpm,invalid
zzazxjxpxj0.7456297993678519,invalid
qmqjzzqjxqzapzp,invalid
!! bruh ok bruh,invalid
hi !! lol,invalid
asdsa ok ok test,invalid
jpjmzzjqaa0.6292513396609283,invalid
ok hmm lol ...,invalid
qwerty test qwerty,invalid
axjzap,invalid
bruh bruh asdsa,invalid
idk ok 12345 12345,invalid
mqmxxm,invalid
idk hello asdsa !!,invalid
zpjzqmqqza0.31134088722761166,invalid
xmmjxzzxa,invalid
zzxzazqjmpjjm,invalid
qzpzpmzppq0.1854208366066823,invalid
hello qwerty,invalid
xmzaqxampp,invalid
zpzamxzppz0.08925363604792869,invalid
12345 ...,invalid
axjjpqqzp,invalid
jzaxqmz,invalid
ajmqxxaqa,invalid
12345 test hello bruh,invalid
jjppjaajjp0.9252392802790188,invalid
zpxaqzjxjzpjmp,invalid
xpqxxazxzmzmx,invalid
xjzxappmza0.24757396090370054,invalid
mjjjza,invalid
qzzqxm,invalid
ok asdsa bruh,invalid
jzzjqaaqxz0.3900482015549793,invalid
hello yo !! ...,invalid
mjpqzzqmjq0.19654598602625606,invalid
zmqjpmqpxp0.3853568595237994,invalid
qzqmzjappq0.8732033262128236,invalid
amjjpjzapxq,invalid
qajzxxmmaza,invalid
mzzjppzjxj0.2576571811966599,invalid
qjxxppxzqa0.3527886057326366,invalid
hi lol ? ?,invalid
mzjqjqq,invalid
jjaxjjxxaz0.3619655367418374,invalid
qwerty bruh lol !!,invalid
hi hmm lol,invalid
pmaqqxmpxa0.3902296825270819,invalid
... yo,invalid
mxmqzmzmxx0.826783640615579,invalid
qxmamppqqqaazm,invalid
mpapxqpxapjx,invalid
paamjmxaqx0.4514269079184974,invalid
aaapxjmqaq0.31309233497956823,invalid
!! 12345 lol,invalid
xppxqaqxjj0.49969753172906706,invalid
zqjmmmzmzaaa,invalid
qxapjxjpma0.43159907727599556,invalid
ok,invalid
yo hmm,invalid
zpqaxzmpmj0.6928678442114847,invalid
yo 12345,invalid
qwerty yo bruh test,invalid
ok lol hi,invalid
hmm hello test,invalid
ajmxqmmpa,invalid
hmm hello ?,invalid
mjmaxppaxapmp,invalid
pxzjzmmxja0.9811310077535368,invalid
qpjmamqpqq0.4986707265640986,invalid
hmm test ...,invalid
qmpmjaap,invalid
jmppmzqxpx0.19249467701503287,invalid
ppazzmmzja0.2307582689120279,invalid
bruh idk asdsa 12345,invalid
ok asdsa ? 12345,invalid
hi !! hello,invalid
xmjmxpqpmq0.3620169787879546,invalid
xpmqpxxaqa0.6425863079155713,invalid
jpzmzzmxaqpa,invalid
zpzqqaxxam0.02407747756904821,invalid
jzjmm,invalid
... lol !!,invalid
!! idk hello,invalid
... qwerty test asdsa,invalid
pqamzqpxapm,invalid
pzqpmjxxza0.6488495174557555,invalid
paajazpxpj0.6275854147721294,invalid
maazxpmzqa0.9636302379115625,invalid
zmzqaaaqmx0.47673576644517746,invalid
mxxxqxqqqp0.42057779382334737,invalid
ok bruh test,invalid
aqxjpapp,invalid
xjpajm,invalid
idk lol hmm qwerty,invalid
ajppxajqjj,invalid
yo qwerty bruh,invalid
qpqjmqqjq,invalid
qpaqmpzaza0.3912915973972332,invalid
xzajxp,invalid
!! ? qwerty !!,invalid
axxpmqzmza,invalid
ppqqjzjqaj0.963011921761192,invalid
jxajxppqppq,invalid
!! idk ?,invalid
lol bruh yo,invalid
pqpmmpmxpa0.9670152825125131,invalid
zqzxxpaapm0.7677282568448445,invalid
jqjqxqaqzap,invalid
amzamppqqqzq,invalid
test,invalid
? hello qwerty ok,invalid
zqmaqxzmxp0.9200857884253123,invalid
paqxxqzqaj0.31201078926454984,invalid
... lol yo,invalid
pzjxpqppx,invalid
pxazxqpaqm0.4052256368964644,invalid
xjjqapjzpqa,invalid
mqpmaxmzaj0.12121197659732474,invalid
mjamxx,invalid
mqmzammxzx0.178923703616355,invalid
xqpqxzqxmqaqp,invalid
mxpzqjzpjp0.432859509659533,invalid
ajapjaxpja0.25945780800134377,invalid
test ... lol,invalid
? idk qwerty,invalid
asdsa yo lol yo,invalid
qmqppzqqjapjpa,invalid
qmmaxzazaa0.11768408765547966,invalid
lol idk lol,invalid
idk yo test hmm,invalid
aaazpmzxajppama,invalid
xmjpajmpqxjqaap,invalid
? hmm,invalid
apjmqaaz,invalid
12345 12345 bruh hi,invalid
zpmqp,invalid
qwerty ...,invalid
xaxmm,invalid
hello yo idk,invalid
asdsa qwerty yo,invalid
hmm !!,invalid
hello lol ... !!,invalid
qjpaaqxzqx0.34157109132262864,invalid
pjaaajqmjq0.6145811516326387,invalid
mmpqxmx,invalid
jzqpjpqzzxmx,invalid
papazzmajp0.1346511512632801,invalid
lol !!,invalid
... qwerty,invalid
12345 qwerty idk,invalid
ok asdsa 12345,invalid
qaxjax,invalid
qqaqqqqjjz0.11475184670859884,invalid
qpazmzqjpz0.6329418248571094,invalid
idk hmm 12345 !!,invalid
idk idk hmm,invalid
idk hello qwerty !!,invalid
mxxmampaqqjqzza,invalid
12345 idk,invalid
hi hello idk hmm,invalid
pjjzxpmmqpzqxj,invalid
idk hi,invalid
azaaamxxppj,invalid
xxpqpzxzjxx,invalid
hmm ... hello,invalid
qpmqmajqz,invalid
qwerty !! test 12345,invalid
qaqzjmxp,invalid
idk ? hmm ...,invalid
jamqzzj,invalid
xxmzzmazza0.12822673710459942,invalid
qwerty hello hmm ok,invalid
jqzqxqqamz,invalid
mjxpxpqxxp0.7438003055548571,invalid
zqxmazzpxx0.19670206684754454,invalid
mjxmj,invalid
zpzaqxmjjm0.26698006899964455,invalid
jzjzaqxpqx0.39565774218751126,invalid
asdsa hello hi 12345,invalid
qjqqz,invalid
xmpppppzxa0.9463262424281965,invalid
amzpjzmqaxpxqp,invalid
pxjjpxajpq0.2742894821351598,invalid
paqmzpqaqppm,invalid
zjqmjjazqpaz,invalid
qwerty test,invalid
test yo asdsa yo,invalid
zxjaqjjxmjpmpza,invalid
idk test hi,invalid
qjzapapqmmq,invalid
xaqzxmzmpj0.5714986000497732,invalid
xaqxaqm,invalid
!! hmm hmm hello,invalid
xmzazxjxx,invalid
amjqqjqpxm0.7474410658457775,invalid
hmm bruh yo,invalid
asdsa hi hmm,invalid
hmm asdsa hello,invalid
zmjpqpjjzjqzpxp,invalid
asdsa hmm 12345 !!,invalid
bruh ok,invalid
zzmaaqppzp0.36211197410450335,invalid
jpxpajaqpzjxx,invalid
zmpzxpmqzj0.6762340657106882,invalid
aaqmjxqpmz0.9236316081821915,invalid
12345 lol qwerty,invalid
mmjjpazmqj0.36459360241348937,invalid
idk 12345 hello,invalid
qxajz,invalid
asdsa hmm hmm,invalid
mqjxzzaqjp0.6822093359257895,invalid
asdsa ? hmm hi,invalid
asdsa asdsa idk yo,invalid
... hello,invalid
jqpxqxapz,invalid
azpqxajzam,invalid
mzqxppzpzjpqzqz,invalid
hello yo hmm ?,invalid
xzzqpxxqzxjxaz,invalid
bruh asdsa bruh,invalid
pxxxqjpzjz,invalid
? ... hmm,invalid
asdsa qwerty,invalid
xqpxapqzmm0.5967960131175567,invalid
pmmapjpazxa,invalid
... ... !!,invalid
ajaxqjmzzz0.5845363002289361,invalid
ppapzamxjm0.14372743993586956,invalid
ok idk ok,invalid
test ok lol,invalid
azmqmzzxzz0.2870420576635404,invalid
xpjmxaqpqm0.9313483403903657,invalid
xzamajjppz0.173451021739355,invalid
zxpxmmzq,invalid
xpajqxqa,invalid
? bruh lol hi,invalid
zqxzmjxqjq0.8866148602889298,invalid
jmjqxpppmjzzz,invalid
... qwerty qwerty,invalid
hello 12345,invalid
qwerty hmm qwerty asdsa,invalid
qmzmxzmzjp0.35636240793300655,invalid
xzjqjammzq0.4225694640793687,invalid
zzpzpqzaaq0.8009713654879884,invalid
qazjmjpmmppzazm,invalid
qaqzpjxxqzap,invalid
mzqpq,invalid
qzxmpapzmxjqapq,invalid
mmpjjqmzpm0.21953044500612529,invalid
pzmxjjqxjj0.40874599371857834,invalid
xpjxqq,invalid
qwerty qwerty,invalid
hello ... idk hi,invalid
ok idk bruh hmm,invalid
!! hmm,invalid
lol test yo,invalid
hmm ok bruh !!,invalid
hmm idk !! qwerty,invalid
xpmaxmqzpm0.7511558462063973,invalid
qqzzazmjzp0.16017732293118503,invalid
mqqapjxxa,invalid
pzaapmaqx,invalid
xajpjamzxmmqmqz,invalid
pxmajmjxaqzmqp,invalid
jzzapxxaqxxzmxm,invalid
pzmqxzmpajqmqpp,invalid
qzqjqja,invalid
xxxqpqzmam0.227930286416563,invalid
lol hmm yo idk,invalid
mzzqaqzmxz0.5883068033723738,invalid
ppjqmmqjpa0.7408956263515049,invalid
mpjazaxmmxpqa,invalid
qpqxzqzamz0.02606934875314626,invalid
yo lol ok lol,invalid
jmmzaqamqa0.6899978646714962,invalid
qmjmmp,invalid
xmaqpzxpxm0.6878330004364864,invalid
test yo asdsa,invalid
zxjjppx,invalid
xxzqqzjmpxz,invalid
qzamj,invalid
paxxzpazxm0.47721879289996005,invalid
ppapzza,invalid
!! hmm hi !!,invalid
hmm ? yo !!,invalid
lol test yo test,invalid
12345 idk hmm,invalid
qxaqm,invalid
apmjpjpxja0.9106973002474181,invalid
ajmjxzappa0.7476339423326802,invalid
zmqzxmzpj,invalid
bruh qwerty,invalid
test ? hi hello,invalid
qqjmp,invalid
zmzaqapmqj0.8783785681262981,invalid
lol hello 12345 bruh,invalid
? test lol,invalid
yo yo,invalid
qppmajzjmx0.4844243075193526,invalid
pjzmmaapaa0.014567682793704462,invalid
qpmjmzjjaa0.3818186940570317,invalid
mazjmpqqjx0.10565001285137698,invalid
xzmjmaqjx,invalid
xjjpaazpqz0.3593039244610231,invalid
zpmqjxxzqmp,invalid
lol ... ok,invalid
hello ok hello,invalid
idk ... 12345,invalid
pzjjxjxjxz0.06959894306268599,invalid
aajjqzzj,invalid
hello ok test,invalid
12345 ... !! yo,invalid
xmmaajqpjzap,invalid
lol idk,invalid
ammzxxppaj0.5810686870737198,invalid
test ok 12345 12345,invalid
amxqxmqazqxj,invalid
hello asdsa qwerty,invalid
qxpmxa,invalid
mpmpxaqapj0.09643328550412689,invalid
jpqqaqpaajmq,invalid
ok lol asdsa,invalid
pjqjjqmzjm0.7674237898969207,invalid
hmm hello idk hmm,invalid
zqpxapzzaq0.9982260241931797,invalid
mqqzzajqx,invalid
xajpxppjjz0.43339332460873226,invalid
xqzzxazxxm0.08152419290539115,invalid
pzmxmjapxjqm,invalid
ok ok,invalid
mqaqzqjj,invalid
xappm,invalid
qwerty 12345 yo,invalid
hi hmm,invalid
yo idk,invalid
azaxz,invalid
apzjpmzppj0.49006438051863255,invalid
qmzppmzxazmzxzz,invalid
!! yo yo test,invalid
axpjqaxmp,invalid
hello yo yo 12345,invalid
12345 hello yo,invalid
apqjpmqqqpx,invalid
mamqzqmqmqzpa,invalid
maqmpqzaqp0.43197596069634525,invalid
pxpaq,invalid
qqmpqjaxqp0.12451195015112537,invalid
mapzjaj,invalid
qwerty hello hello yo,invalid
axxqjpmqqx0.7447771433550553,invalid
zjqqazpaqa0.27926846438018516,invalid
jajxmjppjm0.22373742904798066,invalid
qwerty idk,invalid
xmpaaqaqmq0.02984609421768114,invalid
mmaazmmmma0.29244136589618863,invalid
mpjxmzxpaq0.25724385964887,invalid
qppxmpmzzj0.124624254161812,invalid
yo ? 12345 bruh,invalid
lol test hello,invalid
axaam,invalid
xzmqajazjpzama,invalid
pxxpmazmmj0.34171932392229165,invalid
xxzjaxxqpm0.2766962707893731,invalid
!! bruh hello,invalid
ok hi lol,invalid
qpaxqpjpxjxxzp,invalid
... qwerty yo,invalid
xxpzqjjzza0.6879308548576032,invalid
pmapqqqjaj,invalid
pxmmaza,invalid
mapqqqjxqp0.8597140778005663,invalid
qxqpqz,invalid
xxammppaqx0.28966908862552254,invalid
qwerty asdsa bruh,invalid
!! test lol 12345,invalid
? asdsa bruh hmm,invalid
xqaxjxpjmz0.9939807719008313,invalid
hmm lol,invalid
hi yo hmm bruh,invalid
jjzxapjjpm,invalid
pjxpaj,invalid
jjmjpqzmma0.8791857242907181,invalid
hi hello qwerty ...,invalid
azmzqpjmqa0.9665866756502892,invalid
mzqjzzjmzz0.8778017385165467,invalid
mzzqmqqaajj,invalid
jaajxjzjaxmpjj,invalid
mqpqqjxmxxxxpxm,invalid
zjmqpmmpazqmz,invalid
zamzxa,invalid
hmm ? idk,invalid
? bruh !! test,invalid
xxqqxpzaqq0.663561897089255,invalid
qpqxmqmjaxqxa,invalid
zxmajxpapq0.7946654917995369,invalid
ok hi 12345 bruh,invalid
qqxjmpaqjm0.11766837661151852,invalid
mmazqaazjjqxjp,invalid
? ... idk,invalid
jqamqzpxzxqaj,invalid
apppxpqpqa0.18739910285156758,invalid
asdsa asdsa test ok,invalid
test 12345,invalid
xjmxqqmjqx0.3677910298255318,invalid
jpmxmjmqjx0.8419592948880578,invalid
qwerty !!,invalid
ajxjzpm,invalid
zjmqqmppjq0.1609992005309846,invalid
pzzjazqppm0.4492537672299489,invalid
mjpmaxmxqp0.9885370674104473,invalid
zqzaqqmazj,invalid
xxxppqaqxm0.03936011574018361,invalid
yo !! hello,invalid
? asdsa yo,invalid
jpjzmmamz,invalid
lol hi,invalid
pxamxa,invalid
qwerty ? qwerty hello,invalid
pamjmzzmxm,invalid
hmm bruh hmm,invalid
zajjzmzjzajjj,invalid
jzpqqzjajj0.8390527696397738,invalid
test idk !! lol,invalid
qpqzpxzzqx0.48301311583043105,invalid
asdsa asdsa qwerty bruh,invalid
test hmm !!,invalid
lol qwerty hello 12345,invalid
qmpxzjjpma0.5639536541682173,invalid
aaazja,invalid
!! idk test 12345,invalid
amxaqzjpmm0.4317945523941671,invalid
jzamamqxma0.9454238315948027,invalid
mjazaqm,invalid
qqjaqqqxjapzqza,invalid
xjjaxxpa,invalid
hi qwerty,invalid
amjjazxaxa0.5145953375220682,invalid
ok hmm yo,invalid
jqmzmqmmqz0.486993937766118,invalid
yo lol yo hi,invalid
qpzapmxaxzjxa,invalid
test hi hi,invalid
zajamjqqxxmq,invalid
japmj,invalid
jzzpxpqqmxz,invalid
axzjaqm,invalid
zjxaqpmjjq0.8455436556400409,invalid
hmm ok hello hi,invalid
qwerty bruh test test,invalid
xamaqqxmmp0.6124831710764947,invalid
amjxmzpjxpa,invalid
mjjpamxmpxpmmx,invalid
12345 ok bruh asdsa,invalid
aqxapqzxmxxpq,invalid
aqmzpjqqjq0.6976787897039866,invalid
jjxxjpajam0.2941711881197896,invalid
test 12345 ok hi,invalid
ok ? qwerty,invalid
zxapx,invalid
xpammapxqm0.03713775371650463,invalid
mpqqxqzpmj0.7794154381688625,invalid
ok asdsa ok !!,invalid
pjjmaaxaja0.05926719895906385,invalid
test test ? hmm,invalid
yo ?,invalid
jjqmqjjaaq0.22869947386453626,invalid
12345 qwerty asdsa,invalid
aazjzaxazzzqjp,invalid
12345 asdsa asdsa bruh,invalid
lol hmm hello hello,invalid
jjaqzqzx,invalid
zxpzxmmaxmqa,invalid
ok asdsa yo,invalid
bruh !! asdsa,invalid
qwerty lol hmm hi,invalid
mqxqjmp,invalid
maqxzamm,invalid
apmmjmaqpxaq,invalid
bruh hi hmm,invalid
qqjapapaqx0.5640283994093579,invalid
mmqzzzpxmz0.09080537249414744,invalid
pzampzzjxq,invalid
... ? 12345 ok,invalid
hmm ok hmm lol,invalid
aaqmpxmapp0.2699568548379033,invalid
qzqmz,invalid
jmpzpxmqa,invalid
jpjzmpjmmmx,invalid
axxxzmaxm,invalid
asdsa yo bruh ok,invalid
ajazpxmqjx0.9330211347251347,invalid
jzjazpqazq0.6092579614913657,invalid
azjaxaxqm,invalid
qqjqzxqqx,invalid
hello ... hello qwerty,invalid
hello 12345 asdsa,invalid
mzxxapxzj,invalid
bruh !! qwerty,invalid
axqzpjxqpm0.5629509579287023,invalid
axaqjqmmxq0.8942572173631916,invalid
jzzjxpampp,invalid
hmm ... ... hi,invalid
12345 hi qwerty,invalid
pjqjxjzjxjpjaz,invalid
?,invalid
xaxxpajzappm,invalid
mapjxzxxazmza,invalid
azxqqxajzx0.33837210498594594,invalid
asdsa hmm idk,invalid
pzamppqmmzpa,invalid
lol lol,invalid
xxmmm,invalid
mzapzxaqzx0.8957980350239463,invalid
jjazpzjzmaxjxa,invalid
test 12345 hello !!,invalid
jqmxzpqmqxaqpm,invalid
xqjxp,invalid
asdsa,invalid
lol ok idk,invalid
qwerty idk test idk,invalid
... hmm 12345 hmm,invalid
mjmaqzaza,invalid
hello lol,invalid
ppqqazzzqpmjjjx,invalid
jxzzzpzxqx0.2788964492776004,invalid
xqzjj,invalid
aammxppqq,invalid
qzmmqaqxmqxp,invalid
12345 ok yo hi,invalid
xappmmpqzm0.4760927109735589,invalid
apppa,invalid
qzmmaxaqmj,invalid
bruh bruh,invalid
qqzppapxxa0.918715124813773,invalid
qmzzqzpjxj0.10358759887911839,invalid
... !! asdsa ...,invalid
12345 lol !! 12345,invalid
pazmqzqjzz0.9111616062193079,invalid
xzapmmmpjq0.6964733295021311,invalid
hmm ? bruh,invalid
qjpqpmxpqq0.5380466280285118,invalid
mapqxqjaaq0.02017854372663741,invalid
lol ? qwerty lol,invalid
... hi,invalid
zpxaama,invalid
zaxmqpqazm0.06088529900989892,invalid
pmjpzmxzpmm,invalid
qwerty !! ok,invalid
hi ... test qwerty,invalid
xqzzjxq,invalid
lol test,invalid
xjqpmpjapj0.8912223112471739,invalid
pmmxmqpqmm0.7515243329020389,invalid
jmjjmpaapz,invalid
lol hello hello,invalid
papmzjmjmz,invalid
jmaajmjxaj0.13356641080121412,invalid
... hi lol,invalid
yo ... test ?,invalid
zzzaazzzxzpqx,invalid
jxazzaaqjp0.3693785175358285,invalid
aqqjqx,invalid
mpxqqzjqpa0.17769989305120115,invalid
maqpqa,invalid
xaapq,invalid
lol ok yo,invalid
yo ... idk hmm,invalid
jzjxmxjppzpz,invalid
ok idk,invalid
axaaajaaxz0.23441291105917206,invalid
xazjzzpxjq0.8170358491526419,invalid
zxqaampmzja,invalid
12345 ok qwerty,invalid
qxqzapqzpx0.05417894442499527,invalid
zpapxaajzqm,invalid
xzpjzqazzzq,invalid
ok lol hello,invalid
mzxjpppmqa,invalid
jmpmxjamxqjq,invalid
azqjzxpjpxzpzjj,invalid
? test ? bruh,invalid
asdsa 12345 bruh,invalid
axpqxxjjjx0.10048349060776729,invalid
test hi ok !!,invalid
hello ... asdsa bruh,invalid
mpqpa,invalid
yo qwerty ?,invalid
lol ... hmm,invalid
apxmqxmxax0.34041922372276423,invalid
jpzaxxjzjjxpqxm,invalid
pxjxxpqxmq0.2732605595660008,invalid
? yo asdsa ?,invalid
... hello ... ...,invalid
hmm yo hi,invalid
hello test test !!,invalid
zqzjzmzz,invalid
mjxpzjajzp0.5599995239333905,invalid
12345 qwerty 12345,invalid
? test,invalid
? yo bruh,invalid
test 12345 yo hello,invalid
jppajzxjxz0.989435230989187,invalid
xzmpmzmaax,invalid
jmqam,invalid
papqxjqzapmzjx,invalid
bruh yo ok,invalid
mjpmpjjpzmq,invalid
bruh ... ok,invalid
jjxpjaaqmx,invalid
apxqjaxqja0.8254953362227195,invalid
qzqjmajajm0.9862289712895403,invalid
yo idk ? hi,invalid
xqxmpzm,invalid
qwerty lol hi,invalid
qxpjxxqx,invalid
xaxaaajjqj0.29714692567680234,invalid
xxzxjmaxmqzj,invalid
bruh hmm ok hmm,invalid
zxpxpzxp,invalid
pqxppzjpjjaj,invalid
mxazppzjj,invalid
xxqzaaqqm,invalid
ppmxjzzqqj0.8568875961880225,invalid
!! ok ? idk,invalid
? lol lol,invalid
jqqzjmzxza0.954927129729881,invalid
qxjzpjjja,invalid
hmm !! hi hello,invalid
mxpmpqpqax,invalid
aaaxxza,invalid
... idk qwerty asdsa,invalid
jmpqzampmmpj,invalid
mazpm,invalid
idk ok,invalid
zaqzpxqjzxazz,invalid
pzaxqqjpax0.5405508862272242,invalid
pxpqpzxqmx0.2226948400820331,invalid
hmm qwerty yo,invalid
mjmmxxapqp0.7031406753518823,invalid
zpmazqajz,invalid
jamjpxpqaxzjz,invalid
qjzjpjppmp0.24390493689789294,invalid
pazzmaaqqaqm,invalid
lol test lol ok,invalid
zaxmjpxxqamp,invalid
? ?,invalid
zqmjmappxj0.5891499101266335,invalid
mzzzzmjmazajpzq,invalid
xajpjaqzaq0.7508738442266661,invalid
mxqxamzmpmaxa,invalid
qjzqpzxj,invalid
12345 ok bruh,invalid
zjqqmmazpjz,invalid
zpzpxq,invalid
... asdsa idk,invalid
aqampmxqqjxz,invalid
hello yo,invalid
zxjzxzapxp0.5110341230327521,invalid
qwerty hello hello,invalid
yo lol qwerty,invalid
12345 lol bruh !!,invalid
pjqxaxjm,invalid
jpzzzapmxj0.21561207640137503,invalid
!! test qwerty,invalid
idk lol yo !!,invalid
jmqaxpzapz0.7070025619715239,invalid
mzjpajmjpm0.48288460565558466,invalid
test bruh !!,invalid
hmm 12345 hi bruh,invalid
ajxxmqmmxq,invalid
jxxmjzpjpm,invalid
pmqpjx,invalid
yo hmm hello hello,invalid
xmzzmxqjxazqjjx,invalid
idk lol hello,invalid
zqqapppxmp0.34067512812295386,invalid
hmm 12345 idk,invalid
bruh asdsa hi,invalid
axzxpxjqmj0.7984961737978292,invalid
? ? test,invalid
test 12345 hmm,invalid
hmm hi ... lol,invalid
pjxajqppam0.8362677344303807,invalid
ok 12345 hmm,invalid
!! qwerty asdsa bruh,invalid
bruh !! asdsa lol,invalid
asdsa !! qwerty ?,invalid
axmxqmqaxx0.10725465172919912,invalid
... lol hi idk,invalid
qwerty bruh idk,invalid
bruh ?,invalid
? 12345 hello,invalid
ajpxzpapqqxxpaa,invalid
maapmzqaqx0.07523151913382997,invalid
mjzqxmjxam0.5733568504315727,invalid
jmmxamqxxjzpaj,invalid
12345 qwerty,invalid
idk yo ... asdsa,invalid
mpqqmpzmma0.10297472844933908,invalid
ppzmjjzjjq0.07197637247602617,invalid
? hi test,invalid
jjpjpzpmza0.49598910180422984,invalid
ok hello ok,invalid
pppzzzqp,invalid
xpqjap,invalid
yo ? bruh,invalid
!! ?,invalid
qjmzmjmmpzqp,invalid
12345 qwerty ? ok,invalid
idk yo,invalid
qxjjqqpmmzzpz,invalid
zjmaqmmqx,invalid
hello asdsa idk,invalid
mqxxzxxaxz0.6655120726364737,invalid
test hi,invalid
zzmjxqzmpm0.5848007570967733,invalid
jqqappxqja0.9983425248191604,invalid
asdsa asdsa hmm idk,invalid
paxjmjzajx0.6637800214185053,invalid
zjzqqmxjza0.7830027876787088,invalid
pjmqxjmmmj0.4078654544880215,invalid
asdsa yo,invalid
? hello lol bruh,invalid
mzmjmpjxqp,invalid
mqaxmzjxpm0.8204351260485294,invalid
qwerty ? qwerty yo,invalid
zjxzmjzmaa0.7261222341997509,invalid
majxxzpqqp,invalid
lol yo !!,invalid
zjpxqaqm,invalid
jaazpamjxmjjqz,invalid
qqzpppzpq,invalid
qzqmjxxjaj0.17377676213270554,invalid
xxjjpjaxj,invalid
qaaxapazmppjp,invalid
hello ? !!,invalid
jzqjma,invalid
qxjqjzmxqazpx,invalid
idk ... bruh,invalid
xmamjamqzm0.5588540273657624,invalid
maxaxjjxmpxzzqx,invalid
axxppzaqpx0.10858186840536965,invalid
ok 12345 ...,invalid
qxmzmjmamx0.8886739983568065,invalid
zpmapzx,invalid
yo hi,invalid
yo ok idk 12345,invalid
aajxqz,invalid
aampxq,invalid
!! lol hmm ...,invalid
aqjqqjjj,invalid
mpqxzpq,invalid
hello hmm !! ?,invalid
jmzxzqxmqm0.354039138873841,invalid
qjqzpmaaaz0.6331807173978132,invalid
jmxqaxpxmmz,invalid
lol ? 12345,invalid
aazqjjz,invalid
azqzqqqjxp0.3302337248298963,invalid
... test,invalid
mqqpm,invalid
zaqpamzmjpjqx,invalid
hmm yo,invalid
mmxqzajmaaqxjma,invalid
qzxqqmjqzjmm,invalid
asdsa idk,invalid
jaxxpxmzx,invalid
qjxpjpz,invalid
? test test hi,invalid
test idk asdsa,invalid
hi yo hello,invalid
12345 hello qwerty asdsa,invalid
mzqaajajaz0.5046097399070653,invalid
qqpmzqjqqj0.24764003022320946,invalid
pmaazxjqap,invalid
azjzxaxz,invalid
12345 ? bruh hi,invalid
hello ... lol,invalid
pqaxjxamqz0.24810764484723313,invalid
jmapmjjpxqmq,invalid
qpzjzmaqma0.7556961130602118,invalid
asdsa ok hi,invalid
xpmajxjqzq0.41641318342731526,invalid
ok hi,invalid
papxamzjmq0.26602246464688684,invalid
zpxxzjmmjax,invalid
xjqqzqzjqmmqmz,invalid
zzajjamjmq0.9665291005166311,invalid
zpzzq,invalid
yo yo hmm hi,invalid
ppjmxqmxaz0.016446254044250597,invalid
zmxmxjqjpm,invalid
mqpmaaaqqz0.9087856511419132,invalid
jpaxqampzza,invalid
ppxzjppjmq0.8064221094950772,invalid
mqqxqxqqam0.5931686022679465,invalid
amaqzaaq,invalid
jxxamppx,invalid
qwerty 12345,invalid
japqxq,invalid
qwerty ? yo,invalid
qzxpjpjj,invalid
asdsa ok ...,invalid
ok hello asdsa ...,invalid
jmaammjpa,invalid
pqzxxzja,invalid
mjppzja,invalid
pmxazjmpxm,invalid
idk ... hello ...,invalid
amaqamxzpq0.3511064232879094,invalid
qpjpxpqzpz0.38499593295998946,invalid
asdsa ok hello asdsa,invalid
qaxpxzqpza,invalid
qwerty asdsa test,invalid
xzmzpzpamp0.6176134996779942,invalid
xjxazxjjam0.7854043756021826,invalid
zmjzmmzjza0.5926588898209229,invalid
qjzaazxpzz0.30543536044440633,invalid
lol hello hi,invalid
pqazaqppjq0.957788326140779,invalid
bruh qwerty bruh test,invalid
ok hello ok 12345,invalid
hmm ...,invalid
idk idk bruh,invalid
qmjazjzqpa0.4640374738150126,invalid
hi lol,invalid
test ... asdsa lol,invalid
!! 12345 idk,invalid
xxjqqjqjzaqqq,invalid
apmpaxxmaqpapj,invalid
zpmmmpxpxmmxj,invalid
mmqmammxqa0.06817131482749272,invalid
pamazpaxzm0.06705589032540848,invalid
jpxmx,invalid
ok idk yo,invalid
xjppzzxqaj0.6456042033734625,invalid
amqzjzzpxp0.48406163973887517,invalid
mmajmaxqqzqmp,invalid
zjjpzxaqmjxxqpx,invalid
bruh ... !!,invalid
jaamaqazpx0.3924882817344958,invalid
pxxaaaz,invalid
idk bruh ok,invalid
jjqmmpaajj0.27317513842025465,invalid
pzpapx,invalid
pppzpx,invalid
xqzzmaamjpjzqj,invalid
zmpzjpxqmz0.877529263697457,invalid
? hello ok !!,invalid
xqamamxaz,invalid
ajqamzapaq,invalid
mamzpqxjq,invalid
qqxmzpzma,invalid
xajqxjaaamqa,invalid
idk asdsa ? idk,invalid
... yo hmm,invalid
hmm !! ... hi,invalid
pmzaazzzaaq,invalid
azzampmmazzq,invalid
test ... hello bruh,invalid
zpmmmpjx,invalid
xppmamxmzm0.5979022042064878,invalid
qmxzzzapjz0.7055565777714605,invalid
!! qwerty,invalid
zqqpjmqmpa0.2698297575407437,invalid
test test,invalid
qzqpajqzja0.21506128531545554,invalid
qmmjqqjjzppx,invalid
qmxappqqjqam,invalid
qwerty ok yo hmm,invalid
mmjajqzq,invalid
qqaqjpzjqa0.5031721375270938,invalid
mmpppxxzpxazamq,invalid
paaaxpqqpq0.5561506554897052,invalid
test lol asdsa test,invalid
idk ? hello,invalid
hello yo yo,invalid
idk qwerty ?,invalid
qzjazmzapq0.7716689915088463,invalid
hmm test hello hmm,invalid
mjpjmaxpmj0.7809746998923398,invalid
zjppqmxxja0.11021353539305079,invalid
mazzjppjpz,invalid
hello 12345 idk ?,invalid
lol asdsa yo,invalid
jaqzjpqpmx,invalid
ppmqqz,invalid
ppxpajxpqa0.34604600235863636,invalid
hi asdsa ...,invalid
xzxjpjmjzmmj,invalid
hi,invalid
... hi hello,invalid
? ? hmm ok,invalid
zzxpaqpqamq,invalid
xxzxazmqxm0.5079834127267566,invalid
12345 yo,invalid
qxjjajmxmmajpa,invalid
asdsa hmm ok 12345,invalid
zmjpxpqqjqpazz,invalid
pzjppzxzqm0.14196911349652264,invalid
pzmxamxmpp0.509624750479488,invalid
jmpjazjmqz,invalid
test test ? bruh,invalid
test ok bruh,invalid
yo bruh yo test,invalid
zaqzx,invalid
pjqzqzxpxj0.7084438192340001,invalid
!! yo 12345 hi,invalid
zjazzapzjq0.8601064369479567,invalid
aaapzzqmqm0.3853661638231074,invalid
12345 idk hi idk,invalid
pamaxjpxqz0.40803838885663857,invalid
jpzxpaxpza0.8526349682298905,invalid
zazxajqj,invalid
xaaqqjjqmx0.5354144762748179,invalid
qxpjqzjzjpma,invalid
... hmm yo hi,invalid
qampxxazppmaajp,invalid
pmazzpmpaapj,invalid
ajaxzxajmq0.3525272213505751,invalid
pppaqmjpqqmza,invalid
mzjjajxzjzjp,invalid
... !! 12345 hmm,invalid
qwerty yo,invalid
aqampxzaampmqzq,invalid
? hi bruh,invalid
jaqapjjxzx0.010839518869955267,invalid
mxqzzxpzmx0.6543916749192796,invalid
... hi ok,invalid
hi !!,invalid
asdsa hmm bruh test,invalid
xqqqmzqmqp,invalid
axqaaxzmaj0.6209102995095516,invalid
qjxmmmmxapxjz,invalid
zaxppjjjxaa,invalid
qwerty hi 12345,invalid
test hello test,invalid
zmajmqxxaz0.4608652875219348,invalid
mpxmqzqqza0.4110868506682731,invalid
qzxxqqzapm0.12107591779578786,invalid
xzpajazzza,invalid
bruh 12345,invalid
... hi ? ...,invalid
qzqpzaxppx0.006211308680872163,invalid
zqpxpqzam,invalid
yo ? asdsa,invalid
mmqppqqzmj,invalid
12345 ? hello qwerty,invalid
xpqpp,invalid
zqqqaxqmqm,invalid
qmqpqapxjj0.05175903454768771,invalid
pqxzaamaz,invalid
mjxmmaaaxm0.9481169634316496,invalid
bruh,invalid
mjjxqjzpqp0.761351835264578,invalid
test qwerty lol,invalid
lol 12345 ok,invalid
zxaqpxjm,invalid
qmmzjpjpma0.31439160182261827,invalid
jpzxpxaaaqqp,invalid
azjqx,invalid
aqqqpzqmpq0.8914776562072254,invalid
ajxqjj,invalid
hi hello yo hmm,invalid
lol ...,invalid
xmmzm,invalid
asdsa bruh lol,invalid
azapqxqjapjjzqm,invalid
hmm 12345,invalid
test asdsa ?,invalid
lol ok 12345,invalid
lol hello qwerty qwerty,invalid
lol yo 12345 ok,invalid
!! ok ?,invalid
qazqpaxmpxqpxj,invalid
ok ? ... 12345,invalid
qxmxaajqapjpjaz,invalid
... !! ...,invalid
xampqqm,invalid
!! lol asdsa test,invalid
jaxaxqapjp0.5688359974132638,invalid
pmpqqapzxq0.4497946837524557,invalid
zxazazap,invalid
hello ok qwerty lol,invalid
xzjmxqazqx0.6476656959388587,invalid
qjpjpzqqmm0.8759508567636703,invalid
xqqmxqjzja0.007703631291235524,invalid
hi qwerty bruh 12345,invalid
hmm 12345 ...,invalid
? hello bruh test,invalid
zjmzpqz,invalid
pzpzjjjzpqj,invalid
mpxzxjmmajxmap,invalid
xzjppp,invalid
zxaxzxzzza0.5635408112123618,invalid
test ok !! 12345,invalid
bruh 12345 hello ok,invalid
qaqjpajmqx0.7202979903012957,invalid
? bruh lol lol,invalid
jajqmmpjx,invalid
hi hi hello,invalid
qjmaazxxzx0.6578210715103392,invalid
xpjpxjmxpp0.42510290961116526,invalid
lol idk hmm yo,invalid
idk asdsa ok,invalid
pmamzpxaaa0.05999707926512865,invalid
jaamja,invalid
mxzxqmjpjzxmxqj,invalid
xajqzxazpmq,invalid
pmjzxmjxjz0.7436557212229338,invalid
mmxqmpmqaqmqmpm,invalid
amxqmx,invalid
asdsa yo hello,invalid
zjaxjmqmjx0.10422844262344799,invalid
!! hi ?,invalid
hmm idk !!,invalid
mjmmzzzpqj0.24612007041579465,invalid
maajjzmp,invalid
hello,invalid
!! test hmm 12345,invalid
xqxapxzqqx,invalid
zxaxqpaaaa0.43635642168490585,invalid
zamjma,invalid
pjjjjxzqqj0.8294497600975618,invalid
jzazjppmxaqaax,invalid
mqqaazjjqxqax,invalid
mmxamjzamjmaz,invalid
aqaqqpjqqzmqmm,invalid
azmaxaaqmm0.4358397991826435,invalid
xmxpjpxpxj0.5842133068575857,invalid
mxqqmx,invalid
idk ... hmm,invalid
qxqzja,invalid
bruh !! yo,invalid
jmpqpmqajq0.805116833031732,invalid
jaaajzx,invalid
zjqaxqajmz0.41112409922521265,invalid
zmpqqxm,invalid
xjqxajmxmzq,invalid
xjmxxxjmpp0.7298961203188719,invalid
jajzmzmpaap,invalid
qmzjjamq,invalid
idk,invalid
qpqxajjj,invalid
qzmjq,invalid
? ok lol,invalid
zzjjaxqqmm0.25380800034242124,invalid
apppmxzqjz0.13325049969928293,invalid
12345 ok test ok,invalid
qwerty hmm ... yo,invalid
hi asdsa idk,invalid
zzmjjaaqxma,invalid
xmzpx,invalid
qxjjxqqqmq,invalid
pjzpqaqmxx0.6773357915882028,invalid
zxzxmajmz,invalid
qjxpmxpjmzjxqa,invalid
mmaappqm,invalid
zpmpaxxxaqxqaqa,invalid
pjppzxjaxz0.02002059859920291,invalid
xxpmjjjaj,invalid
zzxqqmj,invalid
lol qwerty ... hello,invalid
xzzzqmxxxmpmx,invalid
yo !! asdsa,invalid
pjjazqjmaj0.29187546880074877,invalid
jzxxajjmjm0.35101875881958944,invalid
qwerty hello test,invalid
hi ok ... lol,invalid
hi lol hello asdsa,invalid
qqzjzzjmmz0.23553750929843253,invalid
aqxjxmaqaj0.5524495650246446,invalid
azpzmz,invalid
qmjmxzpjqp0.43271315661234633,invalid
pazjjaxjxp0.3859346605254125,invalid
yo yo hmm 12345,invalid
ok qwerty asdsa qwerty,invalid
pxjzmpxpxqq,invalid
12345 hi yo,invalid
jmpxjjxpqa0.6240404405537506,invalid
zxqzqamapj0.7466909085926003,invalid
qmxjzqmxxaaaa,invalid
jqqqamzzj,invalid
zpmaqpmjpa,invalid
aajxqjpmqm0.45106487578373555,invalid
zzqazzjzam0.5149581769883682,invalid
qqzjaqzmjapza,invalid
mpjqxzpajm0.8552405275702423,invalid
hello asdsa ... test,invalid
!! ok yo ...,invalid
ok hmm,invalid
zajmxqxpaxmzqj,invalid
pamjzzx,invalid
pxzpmpjmjapajm,invalid
xqjmpqxmqa0.14937762477975247,invalid
bruh qwerty idk hi,invalid
hi test ...,invalid
qmmjzjjzmq0.5544722348778138,invalid
... test !!,invalid
hello idk 12345 ...,invalid
zpxjzzxamq0.24538955168953824,invalid
aqajz,invalid
aamapmjjxz0.48143146428177985,invalid
jjaxzppap,invalid
asdsa ? lol,invalid
xaamazzampjpmjz,invalid
zjqpqazmxq0.3202724658700018,invalid
qwerty 12345 idk,invalid
hello bruh hmm hi,invalid
qjqjpzpjam0.8105845194129718,invalid
zxxppmmzap0.5739423295724934,invalid
idk lol ok,invalid
jqpjzmxzqz0.6387511342374947,invalid
hmm ... bruh !!,invalid
maxpzaxjxz0.08564435552388372,invalid
yo,invalid
qaxqjzmqzm,invalid
hi bruh,invalid
bruh qwerty !!,invalid
lol hello hello !!,invalid
bruh test ok hello,invalid
zqjxxjqmpx0.8194459651863917,invalid
idk qwerty ok,invalid
pzaajazaqj0.5341634827184236,invalid
ok 12345 test,invalid
ok hi hmm,invalid
!! yo bruh,invalid
hmm lol idk,invalid
xjmmxjjxzx0.2714870644476959,invalid
hi !! qwerty,invalid
jxaqqqq,invalid
idk test test,invalid
qwerty ... qwerty 12345,invalid
asdsa hmm !!,invalid
xjqmaxjqzzxpaap,invalid
yo hmm !! ?,invalid
bruh yo,invalid
? ok hi !!,invalid
idk ? ok qwerty,invalid
hmm yo idk,invalid
xpapmqpazq0.46029415928432216,invalid
yo lol,invalid
test test idk,invalid
bruh hi,invalid
ajzamamqx,invalid
idk hello bruh,invalid
zmqaqzxxm,invalid
qzmqaq,invalid
xjppxzpmxm0.9044791912394954,invalid
jqxzqmpjaz0.8128597462762334,invalid
xmjqmz,invalid
test bruh hello idk,invalid
aqzpmqmxmq0.9906971934598643,invalid
xamzjpaazp,invalid
qwerty hmm idk,invalid
pxmpqxjajm0.7691302293418155,invalid
hello bruh yo,invalid
jmxampxqaj0.26332806214591653,invalid
hmm bruh,invalid
jxjqzzma,invalid
zzamzppamp0.5155995920139728,invalid
qpxqjpjmxq0.44248332928941037,invalid
ajmpqmqjzm0.7915956794772963,invalid
ajzqmqxzzj,invalid
amppqp,invalid
zqjjjmjpqjaa,invalid
12345 lol,invalid
pjqjxxzpamjpapj,invalid
qppxqaqzzxmazxa,invalid
zxmjm,invalid
ppzmzxzjzmq,invalid
hmm yo ... qwerty,invalid
qwerty 12345 test,invalid
hi lol qwerty hmm,invalid
!! asdsa hmm,invalid
hmm 12345 hmm,invalid
qpaamzmmxm0.05514339950751401,invalid
qqjpxmaxaj0.9165639981299567,invalid
bruh asdsa,invalid
idk bruh asdsa,invalid
12345 idk yo,invalid
qmajmxaapj0.34248866565786307,invalid
qwerty 12345 hello,invalid
ajazxzxqjp0.9806755567694536,invalid
jxxapxaxqa0.20705020865062163,invalid
yo 12345 ...,invalid
bruh asdsa idk hmm,invalid
yo hi bruh,invalid
mqqxjpzzmzj,invalid
... ok test ...,invalid
hi qwerty test hmm,invalid
xpjmjqm,invalid
jaqzpmammqmjaq,invalid
jmappzxxxz0.29252416847693674,invalid
jqamzjammmmp,invalid
!! yo,invalid
jzqpamxppxqzpp,invalid
test bruh,invalid
qpppaqj,invalid
ok yo yo qwerty,invalid
xmmzqpamxm0.833536825813824,invalid
pjqamqaxpma,invalid
qpxqjmmjaq0.6254723130495122,invalid
qqmqqzajqm0.0751048347431228,invalid
papzzzajzm0.3167893913152199,invalid
idk bruh,invalid
pppazmaxaq0.10518122138953323,invalid
qjzappzaqpq,invalid
ok bruh asdsa,invalid
apqxxpxqmx0.5621291801220005,invalid
hi ok hello hello,invalid
jaaazamza,invalid
zpxaxpqajp0.6222535731986849,invalid
jxazxjjzpq0.7839340737296534,invalid
test hello hello,invalid
jmpjazqqpx0.9550184968008245,invalid
test ... idk qwerty,invalid
jqjzxxzqjp0.778117332465645,invalid
zpjzpaa,invalid
test test bruh,invalid
qwerty ? hello hello,invalid
apmxz,invalid
ammpqamzmx0.6729208100452277,invalid
bruh hmm,invalid
hmm bruh asdsa,invalid
zmjajjmjqjp,invalid
idk asdsa,invalid
xapjpaqxjxxam,invalid
pqmqmzpjma,invalid
qwerty ? hmm ?,invalid
zjxzjq,invalid
pxpjqqzpzm,invalid
12345 ? idk bruh,invalid
xzxaqmxqpa0.6619911272126164,invalid
zxammzmqqj0.027202469753240477,invalid
jxqaaappmaz,invalid
jxqamzjxxq0.7773550861208968,invalid
xxapq,invalid
ok asdsa asdsa,invalid
12345 yo asdsa idk,invalid
lol lol qwerty ok,invalid
bruh qwerty lol,invalid
jqaqxajamapz,invalid
pjpzjqpamx0.42177352055155504,invalid
12345 test idk,invalid
zpqajaajap0.410297476091502,invalid
qmajaqqxxm0.250705852117698,invalid
12345 ok lol,invalid
xpamzqqqxmq,invalid
? lol,invalid
qzjmpqjzmmxmjx,invalid
hi bruh hmm,invalid
jjqaqzzmxa0.8706288070872681,invalid
asdsa asdsa ok asdsa,invalid
hmm asdsa,invalid
zpzapppxjj0.9174546571138729,invalid
bruh test bruh hi,invalid
mppzmamxpq0.6878058632987819,invalid
ajpmpzajazqp,invalid
xmpmqqqajz0.04311207648715465,invalid
zjqmaqjzzxm,invalid
zjqpqjxajm0.7586275861246772,invalid
zpqmjqqjqjz,invalid
mqpqjaxzzm0.30295686394269683,invalid
azqzmmqzzxapzpj,invalid
hi bruh ok,invalid
jzjxaqjjpa0.5060207223240759,invalid
pzppaqjzampmq,invalid
pmqjqaja,invalid
qmapjxaazx0.37895544480972465,invalid
mpzap,invalid
qzpamjqzaz0.36150060999672806,invalid
asdsa hmm,invalid
bruh lol idk,invalid
pzpamzmzqm0.606110819822766,invalid
paqaxqxjjx0.5112133194633686,invalid
jzxqqpazpjxax,invalid
aqapapmxqm0.1136243284801236,invalid
pmqqxmpq,invalid
qapjp,invalid
mzaqxpmjxq0.9038129347637033,invalid
hmm ? ok,invalid
pzjjzxjmqpamjjj,invalid
xqqxpazq,invalid
jpjzqamzj,invalid
zjmpz,invalid
zxjpm,invalid
hello hello bruh test,invalid
appzazazqj0.009670278884824746,invalid
zajxqxmzxx0.49237089958966473,invalid
mmxja,invalid
jmzjxqqpjz0.8246664150370566,invalid
ok ?,invalid
axzmaxpmpq0.5751960142638466,invalid
hi ... ? 12345,invalid
axmxmzpzxj0.1463428527915115,invalid
ppmjpjqqm,invalid
mjaxmamamj,invalid
qwerty hello,invalid
qzazzammxzqmajp,invalid
xppmmzpmpz0.5945132008139652,invalid
mmqppxj,invalid
jmppjqjapxjjpm,invalid
aazmqxmpxq0.9576458899071078,invalid
mzqmmxxmjx0.38412422900037324,invalid
ajjqxxqjaqj,invalid
mmqxzpxjxpmxaa,invalid
pqmmammzpqx,invalid
axmqmx,invalid
amqjapxxzp0.0620230532252648,invalid
mxzpajmza,invalid
appazzxaamjj,invalid
lol ?,invalid
maqpjaaapjxa,invalid
axjxjaxppqmx,invalid
qzpxaaaampm,invalid
zxajxzjx,invalid
12345 hmm idk idk,invalid
jxajzqq,invalid
axjxa,invalid
!!,invalid
hi lol test,invalid
? ok hi,invalid
axxmmxmmqxpp,invalid
zammzpajzp0.4513020012338326,invalid
yo hello ok ok,invalid
mzmppxaamaxqxpp,invalid
test hi ? hi,invalid
zqpqjpmmmqxzmxq,invalid
!! hmm asdsa,invalid
mppjjqjzjqjxxpm,invalid
bruh !! hi,invalid
mapjqazmzz0.15492247287593786,invalid
bruh hello,invalid
mjjmaqmzqa0.4232219139332385,invalid
!! hi ? idk,invalid
pmzxxmjxqx0.149242058240748,invalid
xpaaaaxz,invalid
bruh test,invalid
jammajqxmx0.7629454843516358,invalid
paxpmpazax,invalid
jpxzajjqja0.6765079387281683,invalid
qxjjxjaqap0.7483225124942328,invalid
mjpzpazjmpj,invalid
pampzpmazj0.5224466814424337,invalid
lol yo idk hmm,invalid
zmqapxzapp0.733730625138798,invalid
mjmpzmpzqx0.49956765046663476,invalid
... hmm yo,invalid
bruh ok 12345 hi,invalid
majzzamamj0.9726422691885839,invalid
jxpjajmmxp0.5980167455672266,invalid
aaqjpapqzmzxq,invalid
ok hmm idk ok,invalid
qxzmxqa,invalid
yo ok,invalid
idk hi yo,invalid
mammzmmpxz0.751079649359664,invalid
yo asdsa,invalid
jzzajzzmjp0.6629797425002955,invalid
12345 hello,invalid
12345 ... ok ok,invalid
lol,invalid
qaxjmzpqxz0.8091195902719092,invalid
? hello hi,invalid
mzapmaxpaxaappm,invalid
!! asdsa lol ok,invalid
test ... hmm lol,invalid
qmjjqzzppqpamp,invalid
hello ...,invalid
jpqxajpx,invalid
jqzjjqjjaa0.7796260054397447,invalid
jqpzaqaxaj0.6170992668568785,invalid
xjxpmmaxqpap,invalid
qzjpjaaqqxp,invalid
hmm bruh ... ...,invalid
qqjjxzmzjz0.8837080783857719,invalid
jxxzamajxp0.4369794365554046,invalid
pmmjajqaqp0.06785214396681372,invalid
? 12345 12345 asdsa,invalid
qxxqxqzxxx0.6833412963678176,invalid
xzjpxppjjz0.8650525804187366,invalid
mxajqaxaza0.7545343790125338,invalid
lol hello 12345 !!,invalid
axpjqqjzmqmqm,invalid
... !! 12345,invalid
pmamxammxm0.04107106653844628,invalid
jmpjjzjzpz,invalid
!! idk 12345,invalid
qwerty bruh,invalid
xapzpzmpxp0.20959249020588844,invalid
mamqqpjpmajxzp,invalid
zpmzxqjqa,invalid
hi ok hi,invalid
jaqxx,invalid
mzpqmzzq,invalid
lol hi test,invalid
pjjjjmjjxmmqj,invalid
xqzzx,invalid
zpzpzpp,invalid
axmamma,invalid
idk ok hi ok,invalid
hello ? hello test,invalid
ok test,invalid
!! bruh asdsa,invalid
aqmjaxmqq,invalid
lol qwerty bruh,invalid
bruh bruh hi,invalid
hi hi lol,invalid
zxxqxpmz,invalid
!! !! !!,invalid
xapjmz,invalid
qaxjzjajax,invalid
qpapzmmqqa0.7364193422051662,invalid
? lol test bruh,invalid
idk asdsa lol asdsa,invalid
mqpazmzp,invalid
jqmxzjpzq,invalid
asdsa hmm asdsa,invalid
lol 12345 qwerty,invalid
asdsa !! !!,invalid
? 12345 lol,invalid
qxjjxjzzxp0.27650217521006737,invalid
12345 yo hmm,invalid
hi hmm bruh 12345,invalid
idk lol ? ok,invalid
hmm idk,invalid
jxpxq,invalid
qaxmpzjmzmxzpj,invalid
xjjxxmpzjzja,invalid
zjjppzqxqj0.7066615631947227,invalid
aqjzjpaxmp0.6446320555371555,invalid
paqxzza,invalid
apxajmzmx,invalid
zjaazpqjpp0.21299078867799937,invalid
idk test lol lol,invalid
ok qwerty,invalid
pqaxqzmamaapqq,invalid
lol 12345 idk,invalid
mzpxajjjpp0.9557521395389253,invalid
jaxmzxqmqq0.4957723878431548,invalid
apjxxpmjjjzxaz,invalid
qxmqzzj,invalid
amzmqazamz0.2225181197466386,invalid
xzzmjzj,invalid
qwerty ok hello,invalid
xzqxpaam,invalid
hmm 12345 ... test,invalid
mqzpjxmqmj0.8817053297116298,invalid
appja,invalid
mpzpmz,invalid
pzzpxpxzq,invalid
hello ? test hello,invalid
amapmxazpqzza,invalid
mpmaqxazxx0.9385084189468069,invalid
lol hmm,invalid
yo ? !! hmm,invalid
!! ? asdsa hello,invalid
pppam,invalid
qpzaaaqjj,invalid
aqmxjqapqa0.1175401212751086,invalid
ok ...,invalid
mmqamazmxa0.8716812493596957,invalid
zmaqjpmqaq0.6375600645340186,invalid
asdsa ok 12345,invalid
xjazzazmzp0.07717408964432693,invalid
!! asdsa,invalid
lol !! lol !!,invalid
xzjxxmaqqaa,invalid
idk hello,invalid
idk hmm ? qwerty,invalid
jjxjzzqjqq0.820037645977839,invalid
? !! idk,invalid
!! qwerty ? bruh,invalid
mxxzqjjxxqmmz,invalid
zaajpzjxxmzqm,invalid
aqxpmmqaqqqx,invalid
jqpzzpazxq0.12276585051732758,invalid
pajma,invalid
mamaaamx,invalid
pqqqjmpppp,invalid
lol ok idk test,invalid
xmqmqapaxxqaaa,invalid
lol hi asdsa,invalid
idk qwerty hmm test,invalid
xxqmma,invalid
mxzmqxzmxxjzmxa,invalid
zzxqjzjzjxzaxpx,invalid
hello bruh,invalid
hmm ok bruh 12345,invalid
? !! !!,invalid
jmmaaapqamzm,invalid
xmqmzmxxqq0.7521568900842388,invalid
pqjjxmjzap0.3532582414288592,invalid
idk 12345 bruh,invalid
mxxqaamajzamm,invalid
aaqjm,invalid
qamjpma,invalid
xjaqapmzmm0.24152615620719398,invalid
idk ? ... 12345,invalid
? lol ?,invalid
ok lol,invalid
... qwerty asdsa bruh,invalid
mpaqaaxx,invalid
jaqmmzzppz0.7087535672041125,invalid
qwerty ? hmm !!,invalid
mmqxmzmamq,invalid
qwerty asdsa hi,invalid
hi 12345 !! ...,invalid
xxpzaxpzjamj,invalid
mmajjzzzzz0.823712156417728,invalid
pmpjajxmzx0.37850223471455335,invalid
bruh hello lol asdsa,invalid
zzmma,invalid
? bruh hi hmm,invalid
pxzzqxampp0.22067923687454472,invalid
appppjx,invalid
xqxaxjazqm0.7950465983954187,invalid
jmxmpaqama0.8579162724553268,invalid
lol hello asdsa,invalid
hello hi test bruh,invalid
jzmajmjpp,invalid
mxpqmzxmmxxa,invalid
qazqjmmpjmqz,invalid
qmxpzqmxjjmapp,invalid
jpxzpqqqjj0.4898858866636895,invalid
qjppqzpmpj0.7298730280105269,invalid
mqaaqpqmqz0.909573717064367,invalid
asdsa ok,invalid
jpmqjxzpxm0.4858426472642863,invalid
bruh ... idk,invalid
amjapmmqxp0.9937444674429033,invalid
test !!,invalid
ok yo lol,invalid
hmm 12345 ok,invalid
pmppqqajzazmpxp,invalid
test 12345 ?,invalid
qzppzqzap,invalid
12345 ? hmm,invalid
paqaaammmq,invalid
test ok,invalid
aapmjpamxm,invalid
pxaxqmzxpz0.9856385826763864,invalid
... !!,invalid
qajpzjja,invalid
12345 ? lol,invalid
jpjajpjpjj,invalid
jqjpmjjmpzzzmxj,invalid
bruh 12345 12345 asdsa,invalid
lol lol ... test,invalid
asdsa hmm ...,invalid
idk hi test,invalid
jppajpajm,invalid
mjzmaa,invalid
ok 12345 asdsa,invalid
aqzpazpapj0.9939022644324317,invalid
idk hmm hello,invalid
zapjjzzpxmaxaz,invalid
idk 12345 lol,invalid
xjzmzxpm,invalid
asdsa bruh ok qwerty,invalid
xmmjzaqaap0.7429422537378028,invalid
hi hi,invalid
qaqpx,invalid
... ?,invalid
... hmm bruh,invalid
amjpmxxapmx,invalid
azzqzqxzpxj,invalid
... yo qwerty ok,invalid
? bruh,invalid
lol asdsa 12345,invalid
pxpaqzjzqjm,invalid
bruh lol asdsa,invalid
12345 hello hi qwerty,invalid
idk test yo,invalid
amxmz,invalid
hi qwerty asdsa hi,invalid
qzxxajxmaaapmqz,invalid
qapjpmzzzj0.18762331138811705,invalid
xzapmjpqaxxa,invalid
bruh bruh lol,invalid
test 12345 ? ok,invalid
test hi ... hmm,invalid
pzmamp,invalid
majjxpjmzx0.22583100471497763,invalid
pzapxaaxaxjaaq,invalid
!! ... yo,invalid
12345 ... hello !!,invalid
bruh ... hmm,invalid
hmm ... hmm,invalid
test ok ? lol,invalid
pqjaxm,invalid
ok idk test,invalid
hello !! idk asdsa,invalid
jamqjqx,invalid
zqapjppmqj0.8599189976127528,invalid
12345 test,invalid
qwerty,invalid
12345 hmm !! yo,invalid
zqxmjq,invalid
jamxajzqpm0.1027229530469902,invalid
hmm yo ...,invalid
test ? 12345,invalid
jzxajjx,invalid
hi idk hmm ...,invalid
jaqpxqzpaj0.8259255502194152,invalid
mmapqqmjpaamp,invalid
qmzjqmzzpx0.10607576043844769,invalid
ppzqmzmzzq0.0764914160125677,invalid
zpamajpzzz,invalid
bruh ...,invalid
yo bruh,invalid
zxjqapappjam,invalid
zxmmxqmxqq0.28395725143990047,invalid
mjmmpamappmqj,invalid
hi yo,invalid
qjqpqajqmqzjzm,invalid
xxxjaqzjmza,invalid
xapaxpmmqa0.13594817898494593,invalid
qwerty idk asdsa hello,invalid
jazqqxj,invalid
zxxxazapxa0.9877404086823967,invalid
zpzzzaxamp0.2500600029223642,invalid
pmpaqaqqqp0.40885484578814635,invalid
xaqmzmpjap,invalid
mxqmjjqp,invalid
asdsa ?,invalid
hmm ? ?,invalid
qqmaaxzjam0.13319254735012498,invalid
lol hello,invalid
jqppqzjpap0.8064285113868854,invalid
pjjaq,invalid
xpxqxaajxj0.6524455838346385,invalid
azxpqqxqmj0.5318969988708088,invalid
mpamzaqqaz0.40126820832608734,invalid
qjmxpzqmxqqjxjq,invalid
qwerty lol ok hmm,invalid
qmpmajajaqax,invalid
xqmxjaxa,invalid
jxmjxjxmmzjqp,invalid
axmjzqmmqp0.6615739263818483,invalid
hmm asdsa hi lol,invalid
zjjpjpqqqzmzqz,invalid
mxmzzj,invalid
zxqpmjjmxp0.972403766827589,invalid
xpmzpaxjajqaxp,invalid
zjqzmz,invalid
qpzpaajpxpz,invalid
qmzazpqxaqxax,invalid
hi ok !!,invalid
qzjjpzxjzj0.3447125786520071,invalid
ok lol idk,invalid
ajjzjqqm,invalid
azqpmzqpzx0.945837086502924,invalid
ok lol idk ?,invalid
jxamzazxzz0.4424234795113048,invalid
mqappaazjaxqaz,invalid
xajqppazxj0.6929381436501858,invalid
!! lol bruh test,invalid
xjqmzqmzzz0.6834041346987093,invalid
jxmpjzpppj0.6025859929175054,invalid
xjmaxjxaaq0.6804925387468126,invalid
!! yo yo,invalid
mmpmaaqxmqp,invalid
mmqajxxmzx0.8450924273118976,invalid
aqxqaxzamj0.464848222971876,invalid
jaxmxazppm0.7912347914339719,invalid
hello asdsa,invalid
qwerty test idk hmm,invalid
pzqmazzjpja,invalid
test idk hmm,invalid
qzxpmxqmappaz,invalid
lol hmm !! 12345,invalid
zzxpmxpzxxzzm,invalid
... hi hi hi,invalid
idk lol,invalid
jmazaxx,invalid
xjmpjaaz,invalid
ok lol ok 12345,invalid
qaqjqzpmxm0.8007318426569827,invalid
12345 12345,invalid
pjqpmxm,invalid
zqqzjjajjz0.4912363084953354,invalid
azqpqpjzxm0.9081464423663886,invalid
lol 12345,invalid
bruh test !!,invalid
pmxmqjzqam0.7266114006791305,invalid
ok yo ...,invalid
hello !! !!,invalid
mqpaqqz,invalid
... ok bruh,invalid
? hmm asdsa,invalid
mmpxzjzpmj,invalid
mjxzppaajjmjxzx,invalid
ajpqxxa,invalid
xjaxmjzmpz0.6452140259665914,invalid
xzjazzqmz,invalid
yo bruh qwerty lol,invalid
test 12345 lol hello,invalid
qzqjjqxzpx0.6667084501219052,invalid
ppzxj,invalid
jzzjxxampq0.8535365533182099,invalid
mqjjjmmzaz0.5738082882367486,invalid
hello 12345 yo,invalid
qzxqxzzaxxjm,invalid
test hi test asdsa,invalid
12345 yo hi hmm,invalid
test hello !! qwerty,invalid
jzzxjmqzqx0.9372937443482348,invalid
zxjaq,invalid
amjmqjxamx0.5823773821236167,invalid
ok qwerty 12345 qwerty,invalid
zzqqjjxzqz0.7136808139713661,invalid
jzmjxjxzap0.7874116622752404,invalid
pxamzazazj0.3949779766586402,invalid
idk hmm ... idk,invalid
hi qwerty test,invalid
bruh 12345 yo yo,invalid
hmm,invalid
mjjjxzmzaxzjzz,invalid
xzzzajxppzmmp,invalid
? lol hmm,invalid
!! lol,invalid
jzzmxzmqaazmm,invalid
!! hello hi ok,invalid
? 12345 ... ...,invalid
xxjaxxqmzjmxaaq,invalid
jqzxjpxjpa0.9931904986628617,invalid
hello asdsa hmm,invalid
... qwerty ?,invalid
12345 12345 idk,invalid
zmpxqmjxjx0.6181345850124804,invalid
qzzqapaxzj0.39860783396571353,invalid
test ... hello yo,invalid
hi ...,invalid
mpxamjaqjmazpa,invalid
bruh lol ok !!,invalid
xxpqxjppzj0.9411721434330131,invalid
jaqmxmzxzazzqa,invalid
xzaqmjxxmm0.26521771349265344,invalid
asdsa ? asdsa,invalid
12345 test lol,invalid
maxpxqpmzj0.08772009802567304,invalid
jmzpjzqjj,invalid
!! bruh,invalid
ok lol ? yo,invalid
asdsa hmm qwerty idk,invalid
ampaxzaqajmmap,invalid
hmm hello hello,invalid
asdsa ok bruh ...,invalid
lol test bruh 12345,invalid
... ? bruh,invalid
test ... lol ...,invalid
? ... lol bruh,invalid
pqmzq,invalid
hello test test,invalid
hmm idk hello,invalid
!! hello,invalid
12345 asdsa,invalid
test !! test idk,invalid
mzjpjaqmxx0.39228290059366555,invalid
idk test idk,invalid
hmm hmm bruh ok,invalid
yo bruh 12345,invalid
lol hello lol,invalid
azxzmqzqamxpj,invalid
mqxqzmapqx0.666306720906246,invalid
jpmxp,invalid
xxmxjmapmjpmpaz,invalid
xmqxqxazap0.12953061155542644,invalid
zzmxmppzza0.29379304592201594,invalid
test bruh yo hi,invalid
hmm idk hi 12345,invalid
idk yo qwerty,invalid
bruh test test,invalid
12345 hi,invalid
mzpxp,invalid
zxmqqjzjpjz,invalid
asdsa asdsa asdsa,invalid
idk qwerty lol ?,invalid
qqjpammjap0.6536805068504317,invalid
axzxaamxzzpmj,invalid
pxqqxzqm,invalid
qqzpjzappmmxz,invalid
xaqpjjjzmm0.4810271780893617,invalid
xxazapmaqj0.7611532736029073,invalid
zxqqzp,invalid
xmqjpzmjmxxmxp,invalid
azxpzapz,invalid
mmqzmjjqqzzzppx,invalid
aamxa,invalid
jzajaza,invalid
mpaqjqpqp,invalid
hi hello idk,invalid
ok ? hmm,invalid
xqazzjq,invalid
jxqaxjaxzz0.8836207795571625,invalid
asdsa lol ok 12345,invalid
jpzqxpqqjz0.7265276601667655,invalid
axpmppppqq0.02172794511255771,invalid
idk ok hello hmm,invalid
mzaxmjjmqa0.7880304541486756,invalid
!! test,invalid
qxqpxamqqmj,invalid
azzammzzap0.18772385547277093,invalid
idk lol hmm,invalid
hmm hi,invalid
qzpzzxjjqq0.20338577233921828,invalid
jmpzqxpmjq0.9542177529715232,invalid
qzmpajzjxq0.16503303856224827,invalid
12345 ... yo hello,invalid
!! bruh qwerty,invalid
amzxajxqaq0.2991952281188526,invalid
zqpqpxmjam0.7584946382408596,invalid
bruh idk 12345 test,invalid
qxzjmjmpzj0.956200268159298,invalid
lol hmm hi ok,invalid
zzjjaxqzqj0.2650557297041797,invalid
qjamxqjazq,invalid
hi hmm asdsa,invalid
ok ? idk,invalid
jzqpajqjazmmzx,invalid
xapjjpzpjm0.25604846432482065,invalid
? qwerty 12345,invalid
zqzpjjzjmpxamjp,invalid
hmm asdsa hmm test,invalid
qqpzmax,invalid
? ... 12345,invalid
pjpzpxmzpp0.407467039218681,invalid
mpmqqqxzma0.9088585597773154,invalid
test lol yo,invalid
ok test test bruh,invalid
hello ok asdsa,invalid
mxjzajapaa0.9630491255989867,invalid
qwerty lol test hmm,invalid
pzpxjamjxq0.501502253373947,invalid
ppzxjjqmzm0.871967746193915,invalid
ok idk 12345 idk,invalid
mxaxpzxpxzzaq,invalid
xapmxz,invalid
xqaxxmaqxa0.2589767281449318,invalid
qwerty yo 12345 !!,invalid
jazxjj,invalid
apammpxxpz0.7061572655648057,invalid
!! bruh ?,invalid
aajqqpqamp0.5209818203036788,invalid
zjjqmjapjxq,invalid
idk hello ...,invalid
asdsa hi,invalid
xxqja,invalid
bruh test bruh test,invalid
... 12345 hello ?,invalid
... hmm ? idk,invalid
jjaax,invalid
idk ...,invalid
mxmamqqjj,invalid
xjpmmqpjpq0.7363670356447622,invalid
zqpaxxqqpxz,invalid
asdsa asdsa !! qwerty,invalid
xmzmxqxxjp0.4195901020016326,invalid
hmm !! qwerty,invalid
ampaxazzjj0.22427044049293698,invalid
mpjzapzmqj0.5437297010667711,invalid
!! idk ...,invalid
qjajxmqaqx0.6534446233633499,invalid
hi ... lol,invalid
mazzzjjmp,invalid
xamqjzqzzxppmam,invalid
azajpaqmmqmz,invalid
qjxjmjapqjmpjj,invalid
aqpxmzjqza0.6063255357836387,invalid
ppqzpzqmmm0.33309238146696496,invalid
xaqxmxpqaj0.04850322840395016,invalid
paaxpxmxjj0.41914379009216307,invalid
hmm qwerty bruh test,invalid
zmqjzpzxqaxxmaa,invalid
bruh ok hmm hmm,invalid
mppampmjmpqxa,invalid
mzzmxazpmx0.6492452703448158,invalid
xazqmpmpxq,invalid
xqjpazjjxz0.489032831086997,invalid
zjjazpxajm0.5318495302841865,invalid
jqjjxaapap0.6417500492636768,invalid
... hello hello ...,invalid
hello hi hi ?,invalid
yo hmm yo,invalid
hi 12345,invalid
apqpxxpmx,invalid
bruh ok ?,invalid
idk idk !!,invalid
ok ... test,invalid
jmapmamz,invalid
jjqjq,invalid
test bruh ... ?,invalid
bruh asdsa test ...,invalid
ok lol !! bruh,invalid
mmqpaqzaz,invalid
jpazmppmmpm,invalid
qwerty asdsa,invalid
? asdsa,invalid
jmmxamm,invalid
apzzpqajaa0.1774193131610181,invalid
mqmapxzmzaxjxm,invalid
qwerty yo 12345,invalid
mjjzqjpzamp,invalid
pajmzqpjj,invalid
test test ok,invalid
pzzmapqmmmzpmz,invalid
pqqxjxpaqz,invalid
ajjmjx,invalid
pqpjjjzjap0.5192574137868138,invalid
mmpzj,invalid
xpqpajqzmqmmjq,invalid
test qwerty qwerty ?,invalid
zapxjxpqqzpxaxz,invalid
paxzjmjjpzxzjp,invalid
qammxpmqzpjj,invalid
qxzjjp,invalid
mqpxjjm,invalid
asdsa test,invalid
paxmjjpqpp0.20951865607864728,invalid
yo test hi,invalid
bruh idk test,invalid
mjxajqazxaqz,invalid
xmpqmqaaqm,invalid
zaqqppmaqm0.37532485194606335,invalid
bruh qwerty bruh,invalid
!! hi hi,invalid
hmm qwerty,invalid
xzjazxa,invalid
yo qwerty,invalid
jaxaqajzzz0.12746098867459577,invalid
zmqmaxxpz,invalid
hmm 12345 qwerty hello,invalid
pzmmpzppap,invalid
!! idk,invalid
ok lol qwerty yo,invalid
hi hello hi yo,invalid
xaxpjzzjzjmjz,invalid
idk qwerty,invalid
hello lol bruh yo,invalid
mpjqazmmaq0.09871605462111688,invalid
majmxpmzjqx,invalid
lol ... ok hmm,invalid
jjqpppppqa0.2945640610010326,invalid
jjqmxzqzqa,invalid
hello hmm,invalid
aqpamqqamz0.6070044432217402,invalid
yo ? hmm,invalid
mzpaxxajjzz,invalid
zpqppxqqza0.16737912734014326,invalid
hello yo !! 12345,invalid
mqzpqzjqpq0.5019986190977941,invalid
jmaqzpqxaxqqq,invalid
xaaajmjxjj0.7227983404491152,invalid
mzajqqzmqm0.4022872790479005,invalid
12345 yo qwerty lol,invalid
mpxxaaamxp0.00022260328991474676,invalid
qmaqjzajmx0.2977625917123611,invalid
pajqxqza,invalid
? hello ... hi,invalid
mmjpxjjzaz0.9730845228469998,invalid
mzjjaz,invalid
hello ... !! qwerty,invalid
xjzaaqzxmamjaq,invalid
jpmjjzzqxj0.9316177364349976,invalid
jazax,invalid
bruh 12345 asdsa,invalid
zzpjzjjjxa0.004324391046847675,invalid
jzmaqqmxaxamj,invalid
hello idk,invalid
hi test,invalid
mmaxpqxa,invalid
japqmqxpjx0.11657283037338251,invalid
pqzjxmxxza0.1577426399805132,invalid
jpqaza,invalid
test !! 12345 idk,invalid
idk hmm asdsa hello,invalid
jpzaaqqpqzj,invalid
hmm hmm,invalid
test ...,invalid
pxqjjqzxaqm,invalid
xpjapampqa0.9607361357405048,invalid
qwerty hmm,invalid
xjaqpxjpzz0.4321646551684629,invalid
qjxpqjpxxx0.7360285775397705,invalid
mjmqmzmjqx0.9337374690299356,invalid
zapmpzqjqm0.9278813414139416,invalid
zqamzj,invalid
axmpmqamm,invalid
mmappzxmx,invalid
azaxxqpqja0.8843100454849779,invalid
mzpjzaqza,invalid
hi asdsa yo,invalid
qwerty yo ok,invalid
zjazmpzaxx0.39814344686190595,invalid
mzzpzzzjpj0.6422391006723398,invalid
zqjpzqjmmaaapzj,invalid
mzjzjzqjxm0.6690379162590008,invalid
hmm !! idk yo,invalid
jzxazaqppj0.5411335335345859,invalid
zpqaapxjjj0.06554576510610088,invalid
azaxqxaxmz0.1178796630678125,invalid
ok 12345 ok,invalid
hmm 12345 hi,invalid
... hmm,invalid
yo ok hmm,invalid
!! hi test bruh,invalid
test ok bruh lol,invalid
aazzazmzqqmjx,invalid
bruh lol,invalid
zmjpxzapza,invalid
ok asdsa !! yo,invalid
xmzxjxpmqq0.8329556672707568,invalid
qaqjzmzjqm0.21065922462732212,invalid
!! ? yo asdsa,invalid
axjaxqpz,invalid
12345 hello lol test,invalid
pxqzxppppa0.2619957882268782,invalid
... asdsa asdsa hi,invalid
!! hello lol,invalid
xzpmzjmmmz0.465852820452921,invalid
... lol,invalid
pjpmxzmqaz0.6269744712930191,invalid
12345 ? !! ?,invalid
pjaqpaqz,invalid
xqjqmpmmzx0.9310096588737634,invalid
hello ? lol,invalid
pamapjqxmz0.7405269950449984,invalid
12345 asdsa hello,invalid
azmzxmmxxq0.9968128997872951,invalid
... ... asdsa,invalid
xzxzxj,invalid
pjajpzxxaq0.6816495430881274,invalid
xjxpaamqmp0.13477374436884615,invalid
pxpjmjmpppq,invalid
asdsa test ?,invalid
zamamqppxm0.9795187643766038,invalid
azaaampjjm0.87335470591012,invalid
zqpjzzpjpq0.446037358952617,invalid
hmm lol hmm,invalid
ok !! asdsa,invalid
zqxjxpmxjp0.1304617541272356,invalid
zamjqxxmzmjqjaa,invalid
zpmzmqpmxxzqa,invalid
zaajqxpqpm0.20597545208104684,invalid
asdsa asdsa !! ok,invalid
qaxqmmmaa,invalid
qwerty lol idk,invalid
pamxxqjmajz,invalid
qwerty 12345 hello hmm,invalid
aqazpxxqapzmmzz,invalid
paammqqajp0.3202001184139621,invalid
xajxzzqapq0.5804881587066543,invalid
asdsa ... ... yo,invalid
jzpzmzqzpa,invalid
jqapxmpapx0.74003456764295,invalid
qwerty 12345 hi,invalid
pxzmqjzmmj,invalid
test hello ok ?,invalid
pjjjzqzxqpjqm,invalid
12345 !!,invalid
ppmaqpjzxq0.8731086345376456,invalid
zzjaazjpqz,invalid
idk lol hmm bruh,invalid
azxpzmqjx,invalid
zxmxmmjjmj0.5234929286434377,invalid
zmpzjxxza,invalid
? ...,invalid
jjxzjzmamz0.5488605868526137,invalid
jmaaxjzjzjz,invalid
zpamammqmzaz,invalid
hello yo ...,invalid
xazqqqmpxjmjm,invalid
jxjxq,invalid
lol !! bruh 12345,invalid
zaaxxqxzpa0.8660811807899248,invalid
hello idk qwerty,invalid
lol hello idk,invalid
hello ? hi yo,invalid
amaaxxammj0.8558609929007559,invalid
bruh idk hello,invalid
qmammmmjap0.8688194628265027,invalid
zpzqaapqpm,invalid
!! ? hi hmm,invalid
hi test asdsa 12345,invalid
pamzzmj,invalid
asdsa !! qwerty hmm,invalid
hmm hmm ... hi,invalid
pppmzzjzzjxzxa,invalid
ajazxaqzzp0.3263834839145684,invalid
12345 !! ?,invalid
mpmqmpx,invalid
zjmmqjmzjz0.16684411374820407,invalid
!! !! ok hmm,invalid
hi asdsa 12345 idk,invalid
pmppjxpmpp,invalid
xaqzmzqjjp0.2279730512712288,invalid
xzjqjamzzz,invalid
hello hello,invalid
idk yo lol ...,invalid
aaxmqmajp,invalid
mxxzmzaqqm0.757227057118462,invalid
axjzaajzzz0.032978308283456936,invalid
pqmqmaxzapjjxx,invalid
aaqjxaazzjpppz,invalid
pqqaamxjqz0.40517722990086313,invalid
hmm hi ?,invalid
jaxaajjzqx0.4380221894493991,invalid
? ... ...,invalid
!! lol test,invalid
qpqjqamzjq,invalid
jzjxxmmjmzzx,invalid
aajjmpamajxajq,invalid
zpqjqpjzax0.7701445020346869,invalid
qqaqxaxqjqmpaqj,invalid
xaaajzjjqjppz,invalid
jpmpamqjpz0.34261224779807653,invalid
jqqxjxppzj0.49399040508244185,invalid
jzaxaqqzxq0.131308210796228,invalid
xqmzaxaamq0.027018998861891852,invalid
12345 ok qwerty ok,invalid
qmqmaxjxjx0.8649188771466384,invalid
xjpqqxjxzpax,invalid
test !! yo,invalid
bruh hmm hi lol,invalid
qzqqqpzzjj0.3343292532970725,invalid
zzjxazmppz0.7786049687098491,invalid
qmzjjpmmppp,invalid
pxzxzjpjpqpaxzx,invalid
mzajzxpmz,invalid
xpjzzzqmmppaqqx,invalid
xjzpjapqxx0.3372970233370487,invalid
? 12345,invalid
ok hi asdsa asdsa,invalid
lol ... ...,invalid
jmjaapqjpm,invalid
? qwerty hmm bruh,invalid
yo qwerty hmm,invalid
... yo hello,invalid
mjjppmjmzm0.2684863031439261,invalid
hmm asdsa lol,invalid
aqppmpqaza0.8467508158803342,invalid
qmqzjxppjqm,invalid
hmm !! asdsa,invalid
asdsa lol ? !!,invalid
qzjzxzqamjxmxxp,invalid
qxqxxzaqxzaa,invalid
pajaxaqjza,invalid
qpxajpjqzj0.896454060532727,invalid
jazjxpjqpz0.5299677634779543,invalid
zxzjpjamzq0.08224499378930772,invalid
aamjqpmxxq0.5545781528993576,invalid
jaxpqaqjqq,invalid
hi ?,invalid
ammzqpajzjm,invalid
pmazppmmmj0.04171974418859925,invalid
ampzzmxxjjpqmpm,invalid
bruh 12345 12345 !!,invalid
zzmpqpjjzm0.7812379081106563,invalid
pxmmxaxzmq0.6240448499468572,invalid
amajxmxpap0.6016623752005075,invalid
mammmjqjzx0.7854804770932377,invalid
pzqpppqjmjzqj,invalid
xxqjjaqqxz,invalid
qwerty hi,invalid
axxmzaxmqm0.42706742259744923,invalid
? hi hmm ok,invalid
qapmmam,invalid
yo !! 12345 hi,invalid
? idk !! hmm,invalid
asdsa 12345,invalid
pzmzpxjjxm0.6028105100798665,invalid
xxqppjxpap0.7536515857260366,invalid
jxxmja,invalid
aazajzmapjazmqx,invalid
qzxapjm,invalid
mmzzmmxxx,invalid
qwerty test ? lol,invalid
qxajaqmmxjzz,invalid
...,invalid
pmpxzpzjj,invalid
... asdsa !!,invalid
axzqaaqmxz0.021330788429042236,invalid
yo hello qwerty,invalid
yo yo !! hmm,invalid
mpaqpxqxxq0.049617580925075844,invalid
mzapzzzqmzq,invalid
qmpaxxjjjx0.15813708352227118,invalid
hi asdsa ok,invalid
xqaxpazma,invalid
12345 bruh 12345,invalid
zqjqapjxxz0.4767307377112847,invalid
... ok,invalid
hi ok qwerty,invalid
test idk hi,invalid
hmm hello,invalid
zxqpqzppjmza,invalid
zjzazpmjmzp,invalid
aqzppmqjpaja,invalid
ok hmm yo test,invalid
xpqmpmzzaxjj,invalid
mqapaxqq,invalid
hi idk,invalid
zmaxjmqxajjzq,invalid
zqppmmzp,invalid
pmzjxjxpmx0.2981993147494566,invalid
jamqxmqjm,invalid
xzpajjmjzx0.39978324928202447,invalid
pmxxazxapjjmmp,invalid
qwerty asdsa qwerty idk,invalid
mxzxzpxjmq0.5182080010462078,invalid
majxmmzqpj0.13483185650671559,invalid
? hi,invalid
pjmmqjqamp0.4180196823331741,invalid
pxqppqzz,invalid
zaqpaazmma0.8363547003760472,invalid
qxzjpqxazz0.39206575125199894,invalid
? hello,invalid
jqapxzjxqmzz,invalid
hello yo !! ok,invalid
qxqpj,invalid
mazjpp,invalid
jjaajjqqjz0.7471512391883613,invalid
hello bruh asdsa ?,invalid
xaammajjpjaqmp,invalid
aaaazzpapajxqz,invalid
jqxxzjmxqq0.9163378420400358,invalid
qzmapjx,invalid
ok bruh bruh,invalid
mpmjaaaamx0.861515367856117,invalid
aazpampxpm0.5680000864507373,invalid
jzazxqppaqzmzj,invalid
idk bruh test ?,invalid
xpzzmjq,invalid
zpapzjjjma0.9469418434112321,invalid
!! asdsa hello,invalid
qwerty lol,invalid
hi hello 12345,invalid
jxzjxqppqm0.7270386907710698,invalid
jqazammpmm0.8044665481174843,invalid
hmm hello hmm test,invalid
ok bruh,invalid
qqpza,invalid
xmpzzmxpxm,invalid
pzqpjqxxqxqx,invalid
aaxma,invalid
bruh qwerty test,invalid
qzazqjmmaq0.6215831690078704,invalid
qxzxj,invalid
qwerty ok lol 12345,invalid
pmxpapxa,invalid
!! hello test asdsa,invalid
hello hmm hmm,invalid
pmpxmamqxa0.4404874136517901,invalid
jzzxxz,invalid
pqzajxmmjm0.589326593533299,invalid
pqqpm,invalid
qzpmamzpqqjaxq,invalid
mxzmmzjj,invalid
zmpqpaaxqpqxmmq,invalid
mpmmzppa,invalid
lol hmm ?,invalid
hi !! bruh,invalid
mmqqxxxppj0.03174857937834885,invalid
bruh hi asdsa,invalid
pjzqazqxpz0.2170107550329432,invalid
zjzzxxqzax0.03219359980929304,invalid
!! ok ok hello,invalid
xxjmjmjjpq0.16392666870668737,invalid
? qwerty,invalid
zqjxzmzxazzpqqm,invalid
... ...,invalid
mqmqjz,invalid
mpzqqxpzpa0.8620377420603971,invalid
hmm ok,invalid
test lol hmm asdsa,invalid
... hello 12345 hmm,invalid
test qwerty,invalid
!! hmm ...,invalid
qzzja,invalid
axxxppq,invalid
xxmqqppzp,invalid
lol qwerty yo hi,invalid
ok hello bruh,invalid
jzjqqmjaax0.4426835439738257,invalid
zzqpmxpxjjxaqaz,invalid
jqxqmazjmxaxzmj,invalid
xamjjmq,invalid
qzmzzmapzx0.5867946357446455,invalid
hello !!,invalid
lol bruh,invalid
xqmmqazpzpxxzq,invalid
jxappqqjmxxqpm,invalid
majqppzzzj0.339916259005436,invalid
bruh hello lol,invalid
xjapjmzmam0.5402592711128908,invalid
jqqmmmqjm,invalid
test lol,invalid
qaqxqxxmjz0.8609427089440916,invalid
hi asdsa,invalid
zzjmmpjapqxa,invalid
... test lol,invalid
aapjjjjaxqx,invalid
qmzaqmaxqx0.2406596376769672,invalid
xmjaqmpjmj0.24299323309204757,invalid
azxzppx,invalid
jqaxmzpqxqjamzm,invalid
pajpxajxq,invalid
qwerty ok,invalid
zzxapjppaxjqx,invalid
? lol qwerty,invalid
12345 !! bruh test,invalid
qwerty ? yo ...,invalid
apjqzaqzzzmpx,invalid
!! hello test,invalid
pqpjqjaajzqzjz,invalid
!! qwerty qwerty,invalid
hi ? ... bruh,invalid
? hi lol,invalid
azqxzaqxzx0.26080422612628507,invalid
qpjppajqma0.3202746846251233,invalid
jqaqpaqazxzj,invalid
zjxxmxqjjx0.37994252248162286,invalid
xzappxzapzjqm,invalid
qwerty ... qwerty,invalid
test ok ?,invalid
jqajamjxqa,invalid
bruh hi yo bruh,invalid
? ... asdsa,invalid
zxajpjzqzp,invalid
jamzppmmqajm,invalid
xqmjqampaqpqqq,invalid
qmjaapqza,invalid
xaqqppjp,invalid
? hello idk bruh,invalid
test hi !! ...,invalid
azaamxqzjqq,invalid
? !!,invalid
hmm ... ?,invalid
qppjqxmxqpq,invalid
test ... asdsa qwerty,invalid
mamxzjaxapaa,invalid
!! bruh test,invalid
test ok yo,invalid
qzpmazxxxm0.973376802181959,invalid
xajazqqppaqx,invalid
? bruh asdsa,invalid
test yo,invalid
ampqjmzaqz0.9134108204547248,invalid
apppxpxmjxjmzm,invalid
jxxzajamqp0.15123619868112415,invalid
? ok ?,invalid
bruh hello idk,invalid
!! hmm test,invalid
mjapzxxp,invalid
test yo ? qwerty,invalid
zpzzqmqxmj0.3601336050023546,invalid
